openalex_id,title,retrieved_by,n_queries
https://openalex.org/W1002603723,Dis/Locating gendered readings : moving towards a critical pedagogy of estrangement,Q4,1
https://openalex.org/W1136872165,The effect of velocity and familiarisation on the reproducibility of isokinetic dynamometry,Q2,1
https://openalex.org/W1269375925,Hearing loss in young children : challenges in assessment and intervention,Q2,1
https://openalex.org/W1415362898,Expanding the Catalytic Triad in Epoxide Hydrolases and Related Enzymes,Q1,1
https://openalex.org/W1423512284,Evaluating the experience of the Olympic and Paralympic Games in the career histories of elite equestrian athletes.,"Q2, Q12, Q13",3
https://openalex.org/W1526247053,Microswimmers and microfluidics: Understanding and manipulating the locomotion of undulatory microswimmers,Q1,1
https://openalex.org/W1536888013,Quality Control in Survey Design: Evaluating a Survey of Educators’ Attitudes Concerning Differentiated Compensation,Q2,1
https://openalex.org/W1547949379,Spirometry and bronchodilator responsiveness in wheezing preschool children,Q2,1
https://openalex.org/W1548532423,Commentary: “Estrogenic and Anti-Androgenic Endocrine Disrupting Chemicals and Their Impact on the Male Reproductive System”,Q2,1
https://openalex.org/W1549126909,PROV-O-Viz - Understanding the Role of Activities in Provenance,Q1,1
https://openalex.org/W1568953089,Turbulence Modeling of Flows with Extensive Crossflow Separation,Q1,1
https://openalex.org/W1574680346,An introduction to Docker for reproducible research,Q1,1
https://openalex.org/W1602369286,Tropical Cyclone Tornadoes: A Review of Knowledge in Research and Prediction,Q2,1
https://openalex.org/W1609898525,Reference Equation for Respiratory Pressures in Pediatric Population: A Multicenter Study,Q2,1
https://openalex.org/W1628796835,Numerical reproducibility: Feasibility issues,Q4,1
https://openalex.org/W1639242675,Reaction Diffusion Voronoi Diagrams: From Sensors Data to Computing,Q1,1
https://openalex.org/W1639543880,Effectiveness of Plaque Removal Using Indicating-Dye Toothpaste Versus Traditional Toothpaste,Q2,1
https://openalex.org/W1645954332,Assessments of endothelial function and arterial stiffness are reproducible in patients with COPD,Q2,1
https://openalex.org/W1658424292,Reproducibility of the six-minute walk test and Glittre ADL-test in patients hospitalized for acute and exacerbated chronic lung disease,Q2,1
https://openalex.org/W1718003495,Mechanical modeling and simulation of collagen fibers and fibrils:microscopic deformation mechanism caused by spiral structure,Q1,1
https://openalex.org/W1826597181,The Big Bang Theory: Mad Geniuses and the Freak Show of Higher Education,Q6,1
https://openalex.org/W1831183671,Acceptability and Accuracy of Cervical Cancer Screening Using a Self-Collected Tampon for HPV Messenger-RNA Testing among HIV-Infected Women in South Africa,Q2,1
https://openalex.org/W1831948972,A topologically twisted index for three-dimensional supersymmetric theories,Q1,1
https://openalex.org/W1860589458,Statistics: a Data Science for the 21st Century,"Q1, Q7, Q8",3
https://openalex.org/W1870208310,Development of Patient Motion Tracking System during Radiation Therapy,Q6,1
https://openalex.org/W1885736912,"Cardiovascular diseases in populations: secular trends and contemporary challenges—Geoffrey Rose lecture, European Society of Cardiology meeting 2014",Q2,1
https://openalex.org/W1917937632,"Organ Preservation in Rectal Adenocarcinoma: a phase II randomized controlled trial evaluating 3-year disease-free survival in patients with locally advanced rectal cancer treated with chemoradiation plus induction or consolidation chemotherapy, and total mesorectal excision or nonoperative management",Q2,1
https://openalex.org/W1925052508,Optimal management of a stochastically varying population when policy adjustment is costly,"Q1, Q7",2
https://openalex.org/W1932162813,You Are Not Working for Me; I Am Working with You,Q1,1
https://openalex.org/W1957967181,Timing and extent of response in colorectal cancer: critical review of current data and implication for future trials,Q2,1
https://openalex.org/W1958255983,Rating Scales in Survey Research: Using the Rasch model to illustrate the middle category measurement flaw,Q2,1
https://openalex.org/W1962164726,Vibrational properties and bonding nature of Sb<sub>2</sub>Se<sub>3</sub>and their implications for chalcogenide materials,Q1,1
https://openalex.org/W1963051245,Tuberculosis associates with both airflow obstruction and low lung function: BOLD results,Q2,1
https://openalex.org/W1965948262,New approximations of the total variation and filters in Imaging,Q1,1
https://openalex.org/W1966517122,Towards Reproducibility in Scientific Workflows: An Infrastructure-Based Approach,Q1,1
https://openalex.org/W1968641110,Automated Peripheral Sensory Neuropathy Assessment of Diabetic Patients Using Optical Imaging and Binary Processing Techniques,Q2,1
https://openalex.org/W1976467197,Pulmonary Function Testing and Outcomes in Subjects With Heart Failure Listed for Heart Transplantation,Q2,1
https://openalex.org/W1982725962,The Influence of Hospital Volume on Circumferential Resection Margin Involvement,Q2,1
https://openalex.org/W1985307672,Comparison of three protocols for measuring the maximal respiratory pressures,Q2,1
https://openalex.org/W1986902131,"Exposure to Fine Particles by Mine Tailing and Lung Function Effects in a Panel of Schoolchildren, Cha&amp;#241;aral, Chile",Q2,1
https://openalex.org/W1993712720,Understanding thio-effects in simple phosphoryl systems: role of solvent effects and nucleophile charge,Q1,1
https://openalex.org/W1996620203,An inter-laboratory comparison assessing the quality of seawater carbon dioxide measurements,Q6,1
https://openalex.org/W2015527486,"Appraisal of within- and between-laboratory reproducibility of non-radioisotopic local lymph node assay using flow cytometry, LLNA:BrdU-FCM: Comparison of OECD TG429 performance standard and statistical evaluation",Q2,1
https://openalex.org/W2016657236,Wavelet‐artificial immune system algorithm applied to voltage disturbance diagnosis in electrical distribution systems,Q1,1
https://openalex.org/W2020417846,Transport properties of H-mode plasmas with dominant electron heating in comparison to dominant ion heating at ASDEX Upgrade,Q6,1
https://openalex.org/W2022359341,Bending of Light in Quantum Gravity,Q1,1
https://openalex.org/W2039604107,Modelling soil erosion at European scale: towards harmonization and reproducibility,Q1,1
https://openalex.org/W2041952344,Pathologic Processing of the Total Mesorectal Excision,Q2,1
https://openalex.org/W2049776754,An invariant framework for conducting reproducible computational science,Q1,1
https://openalex.org/W2052798451,Advanced Mechanical Ventilatory Constraints During Incremental Exercise in Class III Obese Male Subjects,Q2,1
https://openalex.org/W2055335745,Ten Simple Rules for Reducing Overoptimistic Reporting in Methodological Computational Research,Q1,1
https://openalex.org/W2057866980,Balance assessment in people with chronic obstructive pulmonary disease,Q2,1
https://openalex.org/W2065074434,"Sensitivity of <i>Ascochyta</i> Species Infecting Pea, Lentil, and Chickpea to Boscalid, Fluxapyroxad, and Prothioconazole",Q4,1
https://openalex.org/W206683599,Using Crowd-Sourced Data to Quantify the Complex Urban Fabric—OpenStreetMap and the Urban–Rural Index,Q2,1
https://openalex.org/W2068706614,Witten index and wall crossing,Q1,1
https://openalex.org/W208427836,Generation of Highly Purified Human Cardiomyocytes from Peripheral Blood Mononuclear Cell-Derived Induced Pluripotent Stem Cells,Q4,1
https://openalex.org/W2088394602,Spirometry Quality in Adults With Very Severe Lung Function Impairment,Q2,1
https://openalex.org/W2093655499,Muscle Impairment in Neuromuscular Disease Using an Expiratory/Inspiratory Pressure Ratio,Q2,1
https://openalex.org/W2108623340,Bootstrapping fuzzy scalar field theory,Q1,1
https://openalex.org/W2110392924,The influence of sighing respirations on infant lung function measured using multiple breath washout gas mixing techniques,Q2,1
https://openalex.org/W2114631371,Association of pulse wave velocity with total lung capacity: A cross-sectional analysis of the BOLD London study,Q2,1
https://openalex.org/W2115863695,Characterization of Erwinia chrysanthemi isolates inciting stalk rot disease of sorghum,Q4,1
https://openalex.org/W2116974243,"High Throughput Analytical Techniques for the Determination and Confirmation of Residues of 653 Multiclass Pesticides and Chemical Pollutants in Tea by GC/MS, GC/MS/MS, and LC/MS/MS: Collaborative Study, First Action 2014.09",Q2,1
https://openalex.org/W2120722331,ActivePapers: a platform for publishing and archiving computer-aided research,"Q1, Q8",2
https://openalex.org/W2125151454,Gravitational radiation in massless-particle collisions,"Q1, Q15",2
https://openalex.org/W2126645252,Reproducing Statistical Results,Q1,1
https://openalex.org/W2128262590,From spin vertex to string vertex,Q1,1
https://openalex.org/W2129214780,"Axonal, bladder and bowel impairment: evidence based clinical review of gaps in guidelines for spinal stenosis",Q2,1
https://openalex.org/W2133561834,Defects and quantum Seiberg-Witten geometry,Q1,1
https://openalex.org/W2133700167,"2015 Heart Rhythm Society Expert Consensus Statement on the Diagnosis and Treatment of Postural Tachycardia Syndrome, Inappropriate Sinus Tachycardia, and Vasovagal Syncope",Q2,1
https://openalex.org/W2139408302,Matrix Infrared Spectra and Density Functional Calculations of <scp>CH<sub>2</sub>Cl–Cl</scp> and <scp>CH<sub>2</sub>Br–Br</scp> Produced by Laser‐ablated Metal Plume Irradiation,Q1,1
https://openalex.org/W2141133262,Accessory Vein Obliteration for Early Fistula Failure: A Myth or Reality?,Q2,1
https://openalex.org/W2152784970,IMPORTANCE OF CLASSICAL MORPHOLOGY IN THE DIAGNOSIS OF MYELODYSPLASTIC SYNDROME,Q2,1
https://openalex.org/W2153715611,Oral and inhaled p38 MAPK inhibitors: effects on inhaled LPS challenge in healthy subjects,Q2,1
https://openalex.org/W2158609170,A thorium metallacyclopentadiene complex: a combined experimental and computational study,Q1,1
https://openalex.org/W2159101744,Clinical Relevance of Fixed Ratio vs Lower Limit of Normal of FEV1/FVC in COPD: Patient-Reported Outcomes From the CanCOLD Cohort,Q2,1
https://openalex.org/W2164516301,Using a suite of ontologies for preserving workflow-centric research objects,"Q1, Q6",2
https://openalex.org/W2167942899,The updated Cochrane review 2014 on GnRH agonist trigger: repeating the same errors,Q2,1
https://openalex.org/W2173492565,Ice–ocean coupled computations for sea-ice prediction to support ice navigation in Arctic sea routes,Q1,1
https://openalex.org/W2175235927,Biomimetic Copper(I)-Mediated Activation of Dioxygen and Redox Non-Innocence in Copper(II) Complexes of Bis(oxazoline)s,Q1,1
https://openalex.org/W2175380038,Reproducible Research in Vadose Zone Sciences,Q1,1
https://openalex.org/W2179266619,The Bologna criteria for poor ovarian response: a contemporary critical appraisal,Q2,1
https://openalex.org/W2181986511,Reproducible Research in the Fields of Epidemiology and Public Health,Q1,1
https://openalex.org/W2182565768,ERS statement on the multidisciplinary respiratory management of ataxia telangiectasia,Q2,1
https://openalex.org/W2186559362,Role of sublingual immunotherapy and probiotics in clinical improvements of childhood asthma,Q2,1
https://openalex.org/W2189658446,Ab initio molecular dynamics of liquid water using embedded-fragment second-order many-body perturbation theory towards its accurate property prediction,Q1,1
https://openalex.org/W2191243614,Five selfish reasons to work reproducibly,Q1,1
https://openalex.org/W2191425226,"“High-precision, reconstructed 3D model” of skull scanned by conebeam CT: Reproducibility verified using CAD/CAM data",Q6,1
https://openalex.org/W2191577667,Tuning the Emission of Cationic Iridium (III) Complexes Towards the Red Through Methoxy Substitution of the Cyclometalating Ligand,Q1,1
https://openalex.org/W2193314822,Walking the Talk: Adopting and Adapting Sustainable Scientific Software Development processes in a Small Biology Lab,Q1,1
https://openalex.org/W2196363070,Formation of Very Young Massive Clusters and Implications for Globular Clusters,Q1,1
https://openalex.org/W2200241032,"Big data provenance: Challenges, state of the art and opportunities","Q1, Q4",2
https://openalex.org/W2201232492,Quality assessment for hyperspectral airborne systems,Q4,1
https://openalex.org/W2201472204,The diagnosis of COPD in primary care; gender differences and the role of spirometry,Q2,1
https://openalex.org/W2202894677,HPA axis before and after clinically effective treatment in psychiatric patients: Can hair cortisol estimations help to confirm longterm effectiveness of treatment in these patients?,Q2,1
https://openalex.org/W2205116912,Introduction to the Rosetta Special Collection,Q6,1
https://openalex.org/W2208056883,The strange case of reproducibility versus representativeness in contextual suggestion test collections,Q2,1
https://openalex.org/W2209145702,Metachronous Occurrence of Granular Cell Tumor in Breast Skin and Scalp: Diagnostic Challenging Differentiating Benign from Malignant and a Literature Review,Q2,1
https://openalex.org/W2211513507,Um estudo computacional de equações pseudo-parabólicas para mecânica dos fluidos e fenômenos de transporte em meios porosos,Q1,1
https://openalex.org/W2219142985,A Guide to Studying Human Hair Follicle Cycling In Vivo,Q2,1
https://openalex.org/W2222542722,Computational identification and analysis of signaling subnetworks with distinct functional roles in the regulation of TNF production,Q1,1
https://openalex.org/W2222949832,Biofeedback Therapy After Sphincter-Preservation Surgery for the Treatment of Rectal Cancer,Q2,1
https://openalex.org/W2224340517,Computational Reproducibility in Archaeological Research: Basic Principles and a Case Study of Their Implementation,Q1,1
https://openalex.org/W2227432403,Review of the quality of total mesorectal excision does not improve the prediction of outcome,Q2,1
https://openalex.org/W2227596131,ChIP-seq reveals mutation-specific pathomechanisms of HOXD13 missense mutations,Q2,1
https://openalex.org/W2228889951,Thermo-Hygral Case-Study on Full Scale RC Building under Corrosive Environment and Seismic Actions,Q1,1
https://openalex.org/W2236457265,Electronically Excited States of Higher Acenes up to Nonacene: A Density Functional Theory/Multireference Configuration Interaction Study,Q1,1
https://openalex.org/W2244337915,Prognostic value of interim and end-of-treatment FDG-PET in follicular lymphoma: a systematic review,Q2,1
https://openalex.org/W2254230151,Violation of DNA neighbor exclusion principle in RNA recognition,Q1,1
https://openalex.org/W2257705098,Squaring the circle of selection and allocation in liver transplantation for HCC: An adaptive approach,Q2,1
https://openalex.org/W2260242520,Validation of methodology for assessment of pulmonary function in patients who undergo total laryngectomy,Q2,1
https://openalex.org/W2263999860,Compassion in Organizations: Sensemaking and Embodied Experience in Emergent Relational Capability A phenomenological study in South African human service organizations,Q6,1
https://openalex.org/W2264254864,OPTIMAL SHAPES OF WEIRS FOR TRAPPING MIGRATORY FISH,Q1,1
https://openalex.org/W2264565276,Accuracy of doppler ultrasonography in the evaluation of hemodialysis arteriovenous fistula maturity,Q2,1
https://openalex.org/W2265881670,Feasibility of spirometry in primary care to screen for COPD: a pilot study,Q2,1
https://openalex.org/W2265937505,Thioxanthone in apolar solvents: ultrafast internal conversion precedes fast intersystem crossing,Q1,1
https://openalex.org/W2268134772,Performance of the Cellslide&lt;sup&gt;®&lt;/sup&gt; automated liquid-based cytology system amongst HIV-positive women,Q2,1
https://openalex.org/W2270275322,"Reproducibility, Verification, and Validation of Experiments on the Marschner-Lobb Test Signal",Q6,1
https://openalex.org/W2273995878,How to reproducibly measure the unintended EM-emission from handheld devices,Q4,1
https://openalex.org/W2274692592,Catalysis and Molecular Recognition: Harnessing Hydrogen Bonds and the Power of Charged Substituents,Q1,1
https://openalex.org/W2276102670,Statistical Anisotropy and non-Gaussianity from the Early Universe,Q1,1
https://openalex.org/W2281418422,Quality Assessment for Hyperpspectral Airborne Systems,Q4,1
https://openalex.org/W2284470477,A beneficial tumor microenvironment in oropharyngeal squamous cell carcinoma is characterized by a high T cell and low IL-17+ cell frequency,Q2,1
https://openalex.org/W2287290337,Efficient Spectrum Management as an Enabler Towards 5G Cellular Systems,Q4,1
https://openalex.org/W2288599124,"EuroRV3 2015 EuroVis Workshop on Reproducibility, Verification, and Validation in Visualization",Q6,1
https://openalex.org/W2290245323,Optimization of analytical methodology for the estimation of specific residues in spices.,Q2,1
https://openalex.org/W2290616812,Determination of the optimal fat amount in dry-ripened venison sausage,Q6,1
https://openalex.org/W2290714807,A Cloud-Based Platform for Democratizing and Socializing the Benchmarking Process,Q1,1
https://openalex.org/W2291063398,Precision calculation of 1/4-BPS Wilson loops in AdS5×S5,Q1,1
https://openalex.org/W2292996262,Kβ Valence to Core X-ray Emission Studies of Cu(I) Binding Proteins with Mixed Methionine – Histidine Coordination. Relevance to the Reactivity of the M- and H-sites of Peptidylglycine Monooxygenase,Q1,1
https://openalex.org/W2293022648,BME VIK Annual Research Report on Electrical Engineering and Computer Science 2015,Q6,1
https://openalex.org/W2295119862,A collaborative approach to computational reproducibility,Q1,1
https://openalex.org/W2295176745,Scalable document hashing and retrieval,Q4,1
https://openalex.org/W2300554069,Tools and techniques for computational reproducibility,Q1,1
https://openalex.org/W2300868420,An artificial immune system with continuous-learning for voltage disturbance diagnosis in electrical distribution systems,Q1,1
https://openalex.org/W2306374695,A Meta-Analysis of the Metabolic Syndrome Prevalence in the Global HIV-Infected Population,Q2,1
https://openalex.org/W2312913270,Turbulence Modeling for Realistic Computation of Internal Flow in Liquid Ejector Pumps,Q1,1
https://openalex.org/W2313260866,Structure and bonding of water molecules in zeolite hosts: Benchmarking plane-wave DFT against crystal structure data,Q1,1
https://openalex.org/W2313761097,"Sports-related concussions: diagnosis, complications, and current management strategies",Q2,1
https://openalex.org/W2326132732,A Dislocation-based Crystal Plasticity Simulation on Kink Band Formation in Single Crystal of Mg-Based LPSO Phase,Q1,1
https://openalex.org/W2328091209,Conformational diversity and enantioconvergence in potato epoxide hydrolase 1,Q1,1
https://openalex.org/W2328104934,Theoretical study of plasmonic lasing in junctions with many molecules,Q1,1
https://openalex.org/W2337882641,Nomenclature Revision for Encapsulated Follicular Variant of Papillary Thyroid Carcinoma,Q2,1
https://openalex.org/W2337988522,FRETBursts: An Open Source Toolkit for Analysis of Freely-Diffusing Single-Molecule FRET,Q1,1
https://openalex.org/W2338528380,Tumor volume reduction by neoadjuvant chemotherapy is a good indicator of post-resection outcome of liver metastases from colorectal cancer,Q2,1
https://openalex.org/W2338656309,"Lung Function, Respiratory Muscle Strength, and Thoracoabdominal Mobility in Women With Fibromyalgia Syndrome",Q2,1
https://openalex.org/W2338926918,KRAS Mutant Pancreatic Cancer: No Lone Path to an Effective Treatment,Q4,1
https://openalex.org/W2339765565,Reduced Circumferential Resection Margin Involvement in Rectal Cancer Surgery: Results of the Dutch Surgical Colorectal Audit,Q2,1
https://openalex.org/W2339828554,Computational Reproducibility in Production Physics Applications,Q1,1
https://openalex.org/W2340122901,DIVISION A COMMISSION 31: TIME,Q6,1
https://openalex.org/W2340344760,Does Declaration of Brain Death Serve the Best Interest of Organ Donors Rather Than Merely Facilitating Organ Transplantation?,Q2,1
https://openalex.org/W2340868132,Findings from two large randomized controlled trials on renal replacement therapy in acute kidney injury,Q2,1
https://openalex.org/W2341066791,Preoperative radiological assessment of pathologic response in colorectal cancer liver metastases treated with neoadjuvant therapy,Q2,1
https://openalex.org/W2341187717,"From genomes to phenotypes: Traitar, the microbial trait analyzer",Q1,1
https://openalex.org/W2341765619,Advanced geometric calibration and control for medical X-ray systems,Q4,1
https://openalex.org/W2342079445,ALPPS vs. major hepatectomy after neoadjuvant chemotherapy for colorectal metastases,Q2,1
https://openalex.org/W2342932349,Sharing of Nonlocality of a Single Member of an Entangled Pair of Qubits Is Not Possible by More than Two Unbiased Observers on the Other Wing,Q4,1
https://openalex.org/W2344597643,Patent Law's Reproducibility Paradox.,"Q1, Q4, Q7, Q8",4
https://openalex.org/W2346031991,Interobserver Variation Among Pathologists in Evaluating Perineural Invasion for Oral Squamous Cell Carcinoma,Q2,1
https://openalex.org/W2346765943,Functional lung rejuvenation in obese patients after bariatric surgery,"Q2, Q13",2
https://openalex.org/W2367990842,The Application of Quantitative Structure Activity Relationship Models to the Method Development of Countercurrent Chromatography,Q2,1
https://openalex.org/W2376165744,Research on the Protection of Intellectual Property Rights of Intangible Cultural Heritage,Q4,1
https://openalex.org/W2390855733,Neurogenic lower urinary tract dysfunction: Clinical management recommendations of the Neurologic Incontinence committee of the fifth International Consultation on Incontinence 2013,Q2,1
https://openalex.org/W2395457006,Estimating glomerular filtration rate in kidney transplantation: Still searching for the best marker,Q2,1
https://openalex.org/W2397911190,Mechanism of Long-Term Excessive Deformation and Delayed Shear Failure of Underground RC Box Culverts,Q1,1
https://openalex.org/W2399786690,The academic journeys of returning postgraduate students: perceptions of appropriate educational provision for their web-based learning,Q4,1
https://openalex.org/W2400707360,Pulmonary Function Testing in Preschool Asthmatic Children,Q2,1
https://openalex.org/W2401562030,A manifesto for data sharing in social media research,Q4,1
https://openalex.org/W2401910625,Recommendations for open data science,"Q1, Q3, Q7",3
https://openalex.org/W2406548584,"GlobalSums, Version 1.x",Q1,1
https://openalex.org/W2408830764,Facile hydrogen atom transfer to iron(<scp>iii</scp>) imido radical complexes supported by a dianionic pentadentate ligand,Q1,1
https://openalex.org/W2410567271,Primary Wrist Hemiarthroplasty for Irreparable Distal Radius Fracture in the Independent Elderly,Q2,1
https://openalex.org/W2411829055,Glacier surface mass balance modeling in the inner tropics using a positive degree-day approach,Q1,1
https://openalex.org/W2417077379,Performance Evaluation of the Plateletworks<sup>®</sup> in the Measurement of Blood Cell Counts as compared to the Beckman Coulter Unicel DXH 800,Q4,1
https://openalex.org/W2418037136,Clinical characteristics of children and adolescents with severe therapy-resistant asthma in Brazil,Q2,1
https://openalex.org/W2420853400,Model Driven Engineering,Q1,1
https://openalex.org/W2431100065,ReproZip,Q4,1
https://openalex.org/W2440456534,Validated Screening Tools for Common Mental Disorders in Low and Middle Income Countries: A Systematic Review,"Q2, Q13",2
https://openalex.org/W2462621041,Physical Activity in Early Adolescence and Pulmonary Function Gain From 15 to 18 Years of Age in a Birth Cohort in Brazil,Q2,1
https://openalex.org/W2465500687,Inhomogeneous Response of Articular Cartilage: A Three-Dimensional Multiphasic Heterogeneous Study,"Q1, Q15",2
https://openalex.org/W2466004295,Enhanced performance of CH3NH3PbI3−x Cl x perovskite solar cells by CH3NH3I modification of TiO2-perovskite layer interface,Q6,1
https://openalex.org/W2466372953,"Best practices for replicability, reproducibility and reusability of computer-based experiments exemplified by model reduction software","Q1, Q4",2
https://openalex.org/W2470247221,Advances in wireless community networks with the community-lab testbed,Q6,1
https://openalex.org/W2472100260,"Reply to comment by K.A. Duderstadt et al. on ""Atmospheric ionization by high-fluence, hard spectrum solar proton events and their probable appearance in the ice core archive""",Q1,1
https://openalex.org/W2475153948,Variability of intraoperative electrostimulation parameters in conscious individuals: language cortex,Q2,1
https://openalex.org/W2475328579,Log::ProgramInfo: A Perl module to collect and log data for bioinformatics pipelines,Q1,1
https://openalex.org/W2479914818,Order-Invariant Real Number Summation: Circumventing Accuracy Loss for Multimillion Summands on Multiple Parallel Architectures,Q1,1
https://openalex.org/W2482791527,"What difference does a thiophene make? Evaluation of a 4,4′-bis(thiophene) functionalised 2,2′-bipyridyl copper(I) complex in a dye-sensitized solar cell",Q1,1
https://openalex.org/W2485039902,"Management of Postural Tachycardia Syndrome, Inappropriate Sinus Tachycardia and Vasovagal Syncope",Q2,1
https://openalex.org/W2485383261,Cervical Cancer Screening at a Crossroads: Learnings from the Past Driving Change for the Future,Q2,1
https://openalex.org/W2488013516,Respiratory muscle strength and aerobic performance of wheelchair basketball players,Q2,1
https://openalex.org/W2496032671,Handling Metadata in a Neurophysiology Laboratory,Q6,1
https://openalex.org/W2497837992,Lung Function Monitoring; A Randomized Agreement Study,"Q2, Q13",2
https://openalex.org/W2499372156,Surface acoustic wave devices for gas sensing applications,Q6,1
https://openalex.org/W2501110492,Screening women for cervical cancer carcinoma with a HPV mRNA test: first results from the Venice pilot program,Q2,1
https://openalex.org/W2507200390,"Full Computational Reproducibility in Biological Science: Methods, Software and a Case Study in Protein Biology",Q1,1
https://openalex.org/W2507351530,Developing multidimensional metrics for evaluating paediatric neurodevelopmental disorders,Q1,1
https://openalex.org/W2508769078,Cough peak flow in preschoolers: success rate and test-retest reproducibility,Q2,1
https://openalex.org/W2509516423,Evaluation of pulmonary function and respiratory symptoms in pyrochlore mine workers,Q2,1
https://openalex.org/W2509899640,A cloud-based workflow to quantify transcript-expression levels in public cancer compendia,Q1,1
https://openalex.org/W2510443553,"Products and organizations, mirrors in a funhouse: three essays on the mirroring hypothesis","Q2, Q12",2
https://openalex.org/W2511652890,Soft tissue masses with myxoid stroma: Can conventional magnetic resonance imaging differentiate benign from malignant tumors?,Q2,1
https://openalex.org/W2512433618,Direct observation of rotation and steps of the archaellum in the swimming halophilic archaeon Halobacterium salinarum,Q1,1
https://openalex.org/W2513869748,"Growth, lung function, and physical activity in schoolchildren who were very-low-birth-weight preterm infants","Q2, Q13",2
https://openalex.org/W2513940473,"Ciencia reproducible: ¿qué, por qué, cómo?",Q1,1
https://openalex.org/W2515940927,Interobserver agreement in the cytologic grading of atypia in neoplastic pancreatic mucinous cysts with the 2‐tiered approach,Q2,1
https://openalex.org/W2517853642,Open Computational Tools for Freely Diffusing Single-Molecule Fluorescence Analysis,Q1,1
https://openalex.org/W2518938523,The Evolution of Data Quality: Understanding the Transdisciplinary Origins of Data Quality Concepts and Approaches,"Q1, Q7, Q8",3
https://openalex.org/W2519404080,Petra's Hinterland from the Nabataean through Early Byzantine Periods (ca. 63 BC-AD 500).,Q4,1
https://openalex.org/W2519496199,P03 Spirometry and survival in large UK population samples of lifelong non-smokers,Q2,1
https://openalex.org/W2519982967,Physical Forces Shape Group Identity of Swimming Pseudomonas putida Cells,Q1,1
https://openalex.org/W2520280309,Supervised learning in spiking neural networks with FORCE training,Q6,1
https://openalex.org/W2524243549,Success rate of preschool and school children with/without respiratory symptoms in pulmonary function tests,Q2,1
https://openalex.org/W2526950746,What is computational reproducibility?,Q1,1
https://openalex.org/W2527714917,Helping Clinical Educators Provide Effective Feedback to Medical Trainees on Their Diagnostic Decision Making: An Educational Design Research Approach,"Q2, Q13",2
https://openalex.org/W2527959187,Effects of vitamin D supplementation on pulmonary function in postmenopausal women following an aquatic exercise program,Q2,1
https://openalex.org/W2528483278,Reproducibility and replicability of rodent phenotyping in preclinical studies,Q1,1
https://openalex.org/W2528816092,The Global Genome Biodiversity Network (GGBN) Data Standard specification,Q6,1
https://openalex.org/W2529146392,QInfer: Statistical inference software for quantum applications,Q1,1
https://openalex.org/W2529530777,Building a Cloud Service for Reproducible Simulation Management,Q4,1
https://openalex.org/W2529806245,The Value of P,Q2,1
https://openalex.org/W2532232410,Pulmonary Functions are Impaired among Carpet Factory Workers: A Spirometric Evaluation,"Q2, Q13",2
https://openalex.org/W2536186116,Sarcopenia as an Independent Risk Factor for Decreased BMD in COPD Patients: Korean National Health and Nutrition Examination Surveys IV and V (2008-2011),Q2,1
https://openalex.org/W253825705,Interlaboratory Proficiency Test 06/2014 - Gross and net calorific value in fuels,Q4,1
https://openalex.org/W2541490763,Storing Reproducible Results from Computational Experiments using Scientific Python Packages,Q1,1
https://openalex.org/W2543295506,Prevalence of alpha-1 antitrypsin deficiency and allele frequency in patients with COPD in Brazil,"Q2, Q13",2
https://openalex.org/W2547199339,Multispot single-molecule FRET: high-throughput analysis of freely diffusing molecules,Q1,1
https://openalex.org/W2547503455,"Degrees of Freedom in Planning, Running, Analyzing, and Reporting Psychological Studies: A Checklist to Avoid p-Hacking",Q6,1
https://openalex.org/W2547952971,Implementing Spirometry-Driven Evidence-Based Asthma Care in a Primary Care Practice,Q2,1
https://openalex.org/W2548145702,Discordance between ICD-Coded Myocardial Infarction and Diagnosis according to the Universal Definition of Myocardial Infarction,Q2,1
https://openalex.org/W2548335578,Mucinous Neoplasms Of The Appendix And Peritoneum: Virtual Microscopy For Histomorphologic Assessment And Interobserver Diagnostic Reproducibility,Q2,1
https://openalex.org/W2550615507,Reproducible Diagnosis of Chronic Lymphocytic Leukemia (CLL) By Flow Cytometry: An European Research Initiative on CLL (ERIC) &amp; European Society for Clinical Cell Analysis (ESCCA) Harmonisation Project,Q2,1
https://openalex.org/W2550843753,3D Morphometric Evaluation of Craniofacial Features in Adult Subjects with Marfan Syndrome,Q2,1
https://openalex.org/W2551448504,Exponential Enhancement of the Efficiency of Quantum Annealing by Non-Stoquastic Hamiltonians,Q1,1
https://openalex.org/W2553487684,An historic and scientific study of the properties of metal(III) tris-acetylacetonates,Q6,1
https://openalex.org/W2556334622,Objective criteria for septal fibrosis in non-ischemic dilated cardiomyopathy: validation for the prediction of future cardiovascular events,Q2,1
https://openalex.org/W2558854621,First order reversal curves and intrinsic parameter determination for magnetic materials; limitations of hysteron-based approaches in correlated systems,Q1,1
https://openalex.org/W2558871324,Consensus guidelines for the diagnosis and management of patients with classic hairy cell leukemia,Q2,1
https://openalex.org/W2559307418,ReproZip: The Reproducibility Packer,Q1,1
https://openalex.org/W2560606378,Nanomechanical motion transduction with a scalable localized gap plasmon architecture,Q1,1
https://openalex.org/W2561613850,System-specific periodicity in quantitative real-time polymerase chain reaction data questions threshold-based quantitation,Q1,1
https://openalex.org/W2561942675,"Transparency, Reproducibility, and the Credibility of Economics Research","Q1, Q7, Q8, Q9, Q10, Q15",6
https://openalex.org/W2562248917,Would wider adoption of reproducible research be beneficial for empirical software engineering research?,Q1,1
https://openalex.org/W2562584545,Multi-modal knowledge base generation from very high resolution satellite imagery for habitat mapping,Q6,1
https://openalex.org/W2562849370,DEVELOPMENT AND VALIDATION OF RP-HPLC METHOD FOR SIMULTANEOUS ESTIMATION OF RANITIDINE HYDROCHLORIDE AND DOMPERIDONE IN COMBINED DOSAGE FORM,Q2,1
https://openalex.org/W2564472934,Five FEV1 adjustment methods for grading airway obstruction severity in USA Caucasian patients,Q2,1
https://openalex.org/W2565085447,Feasibility of cardiovascular magnetic resonance derived coronary wave intensity analysis,Q4,1
https://openalex.org/W2565132943,An Investigation of the Enolization and Isomeric Products Distribution in the Water Promoted Aldol Reaction of Tropinone and Granatanone,Q1,1
https://openalex.org/W2568255753,"A randomized, seven-day study to assess the efficacy and safety of a glycopyrrolate/formoterol fumarate fixed-dose combination metered dose inhaler using novel Co-Suspension™ Delivery Technology in patients with moderate-to-very severe chronic obstructive pulmonary disease",Q2,1
https://openalex.org/W2568836177,Effects of positive expiratory pressure on pulmonary clearance of aerosolized technetium-99m-labeled diethylenetriaminepentaacetic acid in healthy individuals,Q2,1
https://openalex.org/W2569042392,"Research Data Reusability: Conceptual Foundations, Barriers and Enabling Technologies",Q6,1
https://openalex.org/W2571124477,Prevalence of Atrial Fibrillation and Antithrombotic Therapy in Hemodialysis Patients: Cross-Sectional Results of the Vienna InVestigation of AtriaL Fibrillation and Thromboembolism in Patients on HemoDIalysis (VIVALDI),Q2,1
https://openalex.org/W2572857085,"Scientific workflows for computational reproducibility in the life sciences: Status, challenges and opportunities","Q1, Q7",2
https://openalex.org/W2573952382,"Accurate Prediction of Copolymerization Statistics in Molecular Olefin Polymerization Catalysis: The Role of Entropic, Electronic, and Steric Effects in Catalyst Comonomer Affinity",Q1,1
https://openalex.org/W2578764697,Requirement engineering activities in smart environments for large facilities,Q4,1
https://openalex.org/W2579719616,Is ACE-27 a reliable method for predicting mortality of hip fractures treated with hemiarthroplasty in the elderly?,Q2,1
https://openalex.org/W2580086787,Computation of eigenfrequencies for equilibrium models including turbulent pressure,Q1,1
https://openalex.org/W2580421856,Detection of cervical intraepithelial neoplasia by using optical coherence tomography in combination with microscopy,Q2,1
https://openalex.org/W2581371770,Metaresearch for Evaluating Reproducibility in Ecology and Evolution,"Q1, Q7, Q8, Q9, Q15",5
https://openalex.org/W2581905020,A Templating System to Generate Provenance,Q1,1
https://openalex.org/W2582251123,"Polymerization of chloro-p-xylylenes, quantum-chemical study",Q1,1
https://openalex.org/W2582575620,Exploration of disease - specific biomarkers in cancer research by integrating biological knowledge and high throughput data,"Q1, Q10",2
https://openalex.org/W2583676229,Cross-Kymography Reveals the Structural and Kinetic Parameters of Archaellum,Q1,1
https://openalex.org/W2584093545,Reshaping Plant Biology: Qualitative and Quantitative Descriptors for Plant Morphology,"Q1, Q7",2
https://openalex.org/W2584156715,An Introduction to Differential Geometry Through Computation,Q1,1
https://openalex.org/W2585484003,Customized SmartPeg for measurement of resonance frequency of mini dental implants,Q6,1
https://openalex.org/W2586364318,MR-angiography allows defining severity grades of cerebral vasospasm in an experimental double blood injection subarachnoid hemorrhage model in rats,Q2,1
https://openalex.org/W2586633795,Data-driven reverse engineering of signaling pathways using ensembles of dynamic models,Q1,1
https://openalex.org/W2587106148,The physiological basis and clinical significance of lung volume measurements,Q2,1
https://openalex.org/W2587213364,Non-Pharmacological Treatment Options for Lung Hyperinflation,Q2,1
https://openalex.org/W2587464474,Light‐Driven Enantioselective Organocatalytic β‐Benzylation of Enals,Q1,1
https://openalex.org/W2588068823,Duration of SHIV production by infected cells is not exponentially distributed: Implications for estimates of infection parameters and antiviral efficacy,Q1,1
https://openalex.org/W2591192481,Additive Manufacturing: Reproducibility of Metallic Parts,Q2,1
https://openalex.org/W2591320034,Peak inspiratory flow rate measurement by using In-Check DIAL for the different inhaler devices in elderly with obstructive airway diseases,Q2,1
https://openalex.org/W2591963222,High throughput quantification of apolipoproteins A‐I and B‐100 by isotope dilution MS targeting fast trypsin releasable peptides without reduction and alkylation,Q4,1
https://openalex.org/W2592098641,Optimization of hydrogen vehicle refuelling requirements,Q2,1
https://openalex.org/W2592552542,Distinct Antigen Delivery Systems Induce Dendritic Cells’ Divergent Transcriptional Response: New Insights from a Comparative and Reproducible Computational Analysis,Q1,1
https://openalex.org/W2593577950,Non-radiative relaxation mechanisms of electronically excited phenylalanine in model peptides,Q1,1
https://openalex.org/W2593621562,Preclinical evaluation of a TEX101 protein ELISA test for the differential diagnosis of male infertility,Q2,1
https://openalex.org/W2593862425,Suitable reporting for the reproducible research: an added value in the analysis of proteomics data,Q1,1
https://openalex.org/W2593895979,Radar wind profilers and avian migration: a qualitative and quantitative assessment verified by thermal imaging and moon watching,Q2,1
https://openalex.org/W2594170494,Pituitary Carcinoma in a Patient with an SDHB Mutation,Q2,1
https://openalex.org/W2594581551,Idiomatic and Reproducible Software Builds using Containers for Reliable Computing,Q2,1
https://openalex.org/W2594685110,Mining Electronic Health Records (EHRs),"Q1, Q7",2
https://openalex.org/W2595533757,Lung function and functional capacity in school age children,Q2,1
https://openalex.org/W2595606393,Introduction to Computational Reproducibility (and why we care),Q1,1
https://openalex.org/W2597019314,Development of non-local density functionals,Q1,1
https://openalex.org/W2598433170,Model of the Mechanical Behavior of Cementitious Matrices Reinforced with Nanomaterials,Q1,1
https://openalex.org/W2598493632,Neisseria models of infection and persistence in the upper respiratory tract,Q4,1
https://openalex.org/W2599413193,Depleting Mycobacterium tuberculosis of the transcription termination factor Rho causes pervasive transcription and rapid death,Q2,1
https://openalex.org/W2600589545,Predictive Regression Equations of Flowmetric and Spirometric Peak Expiratory Flow in Healthy Moroccan Adults,"Q2, Q13",2
https://openalex.org/W2600893075,Ethylene Oxide Gas Sterilization of Medical Devices,Q2,1
https://openalex.org/W2601502666,Reproducible Large-Scale Neuroimaging Studies with the OpenMOLE Workflow Management System,Q1,1
https://openalex.org/W2602262140,The role of seas as a geographical barrier for migratory landbirds. An approach to the Bay of Biscay.,Q2,1
https://openalex.org/W2604192718,Historical Collaborative Geocoding,"Q1, Q8",2
https://openalex.org/W2604325758,Biomedical computational reproducible research using Madagascar,Q1,1
https://openalex.org/W2604648745,Population-Level Incidence and Predictors of Surgically Induced Diabetes and Exocrine Insufficiency after Partial Pancreatic Resection,Q2,1
https://openalex.org/W2605136781,Association between lutein intake and lung function in adults: the Rotterdam Study,Q2,1
https://openalex.org/W2605490152,Unraveling microbial ecology of industrial-scale Kombucha fermentations by metabarcoding and culture-based methods,Q6,1
https://openalex.org/W2605888716,Key Challenges in Agile Requirements Engineering,Q2,1
https://openalex.org/W2606205906,Tyrosine oxidation and nitration in transmembrane peptides is connected to lipid peroxidation,Q1,1
https://openalex.org/W2606379871,Generalized 3D fragmentation index derived from lidar point clouds,Q1,1
https://openalex.org/W2606387850,Clinical Significance of Apathy in Parkinson’s Disease,Q2,1
https://openalex.org/W2607810734,Reproducing Patient-Specific Hemodynamics in the Blalock–Taussig Circulation Using a Flexible Multi-Domain Simulation Framework: Applications for Optimal Shunt Design,Q1,1
https://openalex.org/W2608462724,"""Fake Results"": The Reproducibility Crisis in Research and Open Science Solutions","Q2, Q12",2
https://openalex.org/W2608618247,The improved sensitive detection of C-reactive protein based on the chemiluminescence immunoassay by employing monodispersed PAA-Au/Fe<sub>3</sub>O<sub>4</sub> nanoparticles and zwitterionic glycerophosphoryl choline,Q6,1
https://openalex.org/W2608893037,On stably trivial spin torsors over low-dimensional schemes,Q1,1
https://openalex.org/W2609060989,Abdominal adiposity intensifies the negative effects of ambient air pollution on lung function in Korean men,Q2,1
https://openalex.org/W2609141473,Renal Support for Acute Kidney Injury in the Developing World,"Q2, Q12",2
https://openalex.org/W2609768017,Effect of Aerobic Exercise Training on Ventilatory Efficiency and Respiratory Drive in Obese Subjects,Q2,1
https://openalex.org/W2610544984,A highly sensitive electrochemical biosensor based on AuNP-modified gold electrodes for selective determination of serum levels of crosslaps,Q6,1
https://openalex.org/W2611271935,Is multimodal care effective for the management of patients with soft tissue injuries of the shoulder? A systematic review of the literature,Q2,1
https://openalex.org/W2611792911,"The Role of Nonheme Transition Metal-Oxo, -Peroxo, and -Superoxo Intermediates in Enzyme Catalysis and Reactions of Bioinspired Complexes",Q1,1
https://openalex.org/W2612530446,Noncommutative Wilson lines in higher-spin theory and correlation functions of conserved currents for free conformal fields,Q1,1
https://openalex.org/W2612758631,ProvDB,"Q1, Q7",2
https://openalex.org/W2613613041,Using reproducible research pipelines to help disentangle health effects of environmental changes from social factors,Q1,1
https://openalex.org/W2614561241,Isolation and Characterization of Ralstonia solanacearum Causing Bacterial Wilt of Solanaceae Crops,Q4,1
https://openalex.org/W2614769651,Locomotion and Drift in Viscous Flows: Numerical and Asymptotic Predictions,Q1,1
https://openalex.org/W2616315881,Provenance based data integrity checking and verification in cloud environments,Q6,1
https://openalex.org/W2616331576,Self-inscribed antisymmetric long-period grating in a dual-core As_2Se_3-PMMA fiber,Q1,1
https://openalex.org/W2617917955,Global search for low-lying crystal structures using the artificial force induced reaction method: A case study on carbon,Q1,1
https://openalex.org/W2618602062,"Scientific workflows: Past, present and future","Q1, Q8, Q15",3
https://openalex.org/W2618681193,,Q2,1
https://openalex.org/W2618966700,Patient-completed or symptom-based screening tools for endometriosis: a scoping review,Q2,1
https://openalex.org/W2620694505,Explaining ethnic disparities in lung function among young adults: A pilot investigation,Q2,1
https://openalex.org/W2621060900,Ventilatory function as a predictor of mortality in lifelong non-smokers: evidence from large British cohort studies,Q2,1
https://openalex.org/W2622596246,NIST Calibration Services for Spinning Rotor Gauge Calibrations,Q4,1
https://openalex.org/W2623652264,Epidemiology of functional gastrointestinal disorders in children and adolescents: A systematic review,Q2,1
https://openalex.org/W2624462411,A global multiproxy database for temperature reconstructions of the Common Era,Q2,1
https://openalex.org/W2624777287,Intuitive Error Space Exploration of Medical Image Data in Clinical Daily Routine,Q6,1
https://openalex.org/W2625218098,A Modelling Ecosystem for Prognostics,"Q1, Q2, Q7, Q12",4
https://openalex.org/W2626576829,Glioma groups classified by IDH and TERT promoter mutations remain stable among primary and recurrent gliomas,Q2,1
https://openalex.org/W2626925926,Numerical Analysis of the Effect of Inflow Velocity Condition on a Milk Filling Process,Q1,1
https://openalex.org/W2631891543,Experimenting with reproducibility in bioinformatics,Q1,1
https://openalex.org/W2724190248,Contributions to process intensification in microfluidic devices,Q1,1
https://openalex.org/W2726455786,Return to sport following lateral ankle ligament repair is under-reported: a systematic review,Q2,1
https://openalex.org/W2726681648,Computational Designing of Auditory Environments,Q4,1
https://openalex.org/W2726731743,Nitrene Radical Intermediates in Catalytic Synthesis,Q1,1
https://openalex.org/W2727000434,A posteriori metadata from automated provenance tracking: integration of AiiDA and TCOD,Q1,1
https://openalex.org/W2728203316,Comprehensive Benchmarking and Ensemble Approaches for Metagenomic Classifiers,Q1,1
https://openalex.org/W2729447856,CWL+Research Object == Complete Provenance,Q4,1
https://openalex.org/W2731483416,Ultrahigh Off‐Resonant Field Effects in Semiconductors,Q1,1
https://openalex.org/W2732567314,Generating Amharic Present Tense Verbs,Q1,1
https://openalex.org/W2734100901,Transcriptional Regulators in Normal Human Brain Development and Autism,Q2,1
https://openalex.org/W2734660640,Proposition d'un modèle pour la représentation de contexte d'exécution de simulations informatiques à des fins de reproductibilité,Q1,1
https://openalex.org/W2734665458,Sustainable computational science: the ReScience initiative,"Q1, Q9",2
https://openalex.org/W2735118282,Four-component zinc-porphyrin/zinc-salphen nanorotor,Q1,1
https://openalex.org/W2735271215,Investigating reproducibility and tracking provenance – A genomic workflow case study,"Q1, Q4",2
https://openalex.org/W2736647588,Fast and memory-efficient noisy read overlapping with KD-trees,Q1,1
https://openalex.org/W2737278878,Qualification of Chemically Bonded Sand Systems Using a Casting Trial for Quantifying Interfacial Defects,Q4,1
https://openalex.org/W2737639924,Systematic mapping of chromatin state landscapes during mouse development,Q2,1
https://openalex.org/W2737670129,Recent Trends in the Prevalence of Chronic Obstructive Pulmonary Disease in Korea,Q2,1
https://openalex.org/W2737733838,Best practice data life cycle approaches for the life sciences,Q1,1
https://openalex.org/W2738438370,Sciunits: Reusable Research Objects,Q1,1
https://openalex.org/W2738943006,Reproducibility Analysis of Scientific Workflows,Q1,1
https://openalex.org/W2739319039,Minimally Complex Renal Cysts: Outcomes and Ultrasound Evaluation Compared with Contrast-Enhanced Cross-Sectional Imaging Bosniak Classification,Q2,1
https://openalex.org/W2740543122,"Aging Airways: between Normal and Disease. A Multidimensional Diagnostic Approach by Combining Clinical, Functional, and Imaging Data",Q2,1
https://openalex.org/W2740783727,"Computational reproducibility of “Goal relevance and goal conduciveness appraisals lead to differential autonomic reactivity in emotional responding to performance feedback” (Kreibig, Gendolla, &amp; Scherer, 2012): A guide and new evidence",Q1,1
https://openalex.org/W2741866028,Abstract 2595: Enabling petabyte-scale cancer genomics with the NCI Cancer Cloud Pilots,Q1,1
https://openalex.org/W2743038359,A from‐benchtop‐to‐desktop workflow for validating HTS data and for taxonomic identification in diet metabarcoding studies,Q2,1
https://openalex.org/W2743067913,Overdiagnosis of COPD in hospitalized patients,Q2,1
https://openalex.org/W2744706951,An aeroelastic reduced order model for dynamic response prediction to gust encounters,Q1,1
https://openalex.org/W2749238094,Mass Transfer Prediction of Gas-Liquid Contacting in a Rotating Spiral Channel,Q1,1
https://openalex.org/W2750129850,"After 4 Decades of Lupus Nephritis Trials, Is There a “Best” Therapy?",Q2,1
https://openalex.org/W2750142803,"Amphiphilic Block Copolymers of Ethylene Oxide and 2 Methacryloyloxyethyl Ferrocenecarboxylate: Self-Assembly Behavior, Thermal and Electrochemical Properties",Q6,1
https://openalex.org/W2750472843,A Large-Scale Binding and Functional Map of Human RNA Binding Proteins,Q2,1
https://openalex.org/W2750971703,Reproducibility: A Primer on Semantics and Implications for Research,"Q1, Q7, Q8, Q9, Q10, Q15",6
https://openalex.org/W2751141169,Inelastic damage using continuum damage mechanics in composite plate reinforced by unidirectional fibers,Q4,1
https://openalex.org/W2751338001,Making Confidential Data Part of Reproducible Research,Q4,1
https://openalex.org/W2751783598,Correlators in higher-spin AdS3 holography from Wilson lines with loop corrections,Q1,1
https://openalex.org/W2752120965,Workflows and Provenance: Toward Information Science Solutions for the Natural Sciences,Q1,1
https://openalex.org/W2752130559,Comparison of FEV1/FEV6 with FEV1/FVC in the diagnosis of COPD,Q2,1
https://openalex.org/W2752167790,If these data could talk,"Q1, Q8",2
https://openalex.org/W2752597957,Sepsis to Septic Shock,Q2,1
https://openalex.org/W2753019751,Response induced in Mycoplasma gallisepticum under heat shock might be relevant to infection process,Q2,1
https://openalex.org/W2753241613,mRNA pseudouridylation affects RNA metabolism in the parasite <i>Toxoplasma gondii</i>,Q4,1
https://openalex.org/W2753792523,Virtual Plants Need Water Too: Functional-Structural Root System Models in the Context of Drought Tolerance Breeding,Q1,1
https://openalex.org/W2754158301,An improved solid boundary treatment for wave–float interactions using ISPH method,Q1,1
https://openalex.org/W2754336679,The Sacred Infrastructure for Computational Research,Q1,1
https://openalex.org/W2754801245,A prospective cohort study on ambient air pollution and respiratory morbidities including childhood asthma in adolescents from the western Cape Province: study protocol,Q2,1
https://openalex.org/W2755356246,Screening of Obstructive Sleep Apnea Syndrome by Electronic-Nose Analysis of Volatile Organic Compounds,Q2,1
https://openalex.org/W2755388963,Repeat: a framework to assess empirical reproducibility in biomedical research,"Q1, Q2",2
https://openalex.org/W2757789852,On the relationship between cumulative correlation coefficients and the quality of crystallographic data sets,Q2,1
https://openalex.org/W2759098276,"Enabling Precision Medicine via standard communication of HTS provenance, analysis, and results","Q1, Q8",2
https://openalex.org/W2760436380,Scalability Dilemma and Statistic Multiplexed Computing — A Theory and Experiment,Q4,1
https://openalex.org/W2761645446,Reproducible diagnosis of chronic lymphocytic leukemia by flow cytometry: An European Research Initiative on CLL (ERIC) &amp; European Society for Clinical Cell Analysis (ESCCA) Harmonisation project,Q2,1
https://openalex.org/W2763281412,An Introduction to Rocker: Docker Containers for R,Q1,1
https://openalex.org/W2763696367,Practical computational reproducibility in the life sciences,"Q1, Q10",2
https://openalex.org/W2763750354,Software citation and process traceability,Q1,1
https://openalex.org/W2763813381,"Neuroendocrine Neoplasms: Dichotomy, Origin and Classifications",Q2,1
https://openalex.org/W2763890536,"Incidencia de hemorragia posparto con base en el uso terapéutico de uterotónicos. Resultados maternos en un hospital de mediana complejidad de Bogotá, Colombia",Q2,1
https://openalex.org/W2763964064,Algorithms for Reconstruction of Undersampled Atomic Force Microscopy Images,Q1,1
https://openalex.org/W2765707545,Access to and Retrievability of Content in Web Archives,"Q2, Q13",2
https://openalex.org/W2765819635,An overview of the NFAIS 2017 Annual Conference: The Big Pivot: Re-Engineering Scholarly Communication,"Q1, Q6, Q7, Q8, Q15",5
https://openalex.org/W2765928558,Reproducible Research for Computing in Science &amp; Engineering,Q1,1
https://openalex.org/W2766031480,Impact of sports activities on respiratory function and mechanics in children,"Q2, Q13",2
https://openalex.org/W2766539773,How Transparency and Reproducibility Can Increase Credibility in Policy Analysis: A Case Study of the Minimum Wage Policy Estimate,"Q1, Q7, Q8, Q9, Q10",5
https://openalex.org/W2766865702,Comparison of different levels of positive expiratory pressure on chest wall volumes in healthy children and patients with fibrosis,Q2,1
https://openalex.org/W2767131556,Development in Assay Methods for in Vitro Antimalarial Drug Efficacy Testing: A Systematic Review,Q4,1
https://openalex.org/W2767856391,Similar Active Sites and Mechanisms Do Not Lead to Cross-Promiscuity in Organophosphate Hydrolysis: Implications for Biotherapeutic Engineering,Q1,1
https://openalex.org/W2767866718,"Standards, Norms, and Best Practices Workgroup Report",Q1,1
https://openalex.org/W2767965002,Tumor‐adjacent tissue co‐expression profile analysis reveals pro‐oncogenic ribosomal gene signature for prognosis of resectable hepatocellular carcinoma,Q2,1
https://openalex.org/W2768297904,Cinema of the Self: A Theory of Cinematic Selfhood &amp; Practices of Neoliberal Portraiture,"Q1, Q15",2
https://openalex.org/W2768329044,"Reproducibility in the Field: Transparency, Version Control and Collaboration on the Project Panormos Survey","Q1, Q10, Q15",3
https://openalex.org/W2769198397,Health-related quality of life in patients with bronchiolitis obliterans,Q2,1
https://openalex.org/W2769578423,Bringing Incremental Builds to Continuous Integration,Q4,1
https://openalex.org/W2769655548,<scp>COMP</scp> report: <scp>CPQR</scp> technical quality control guidelines for kilovoltage X ray radiotherapy machines,Q6,1
https://openalex.org/W2769950904,Boutiques: a flexible framework for automated application integration in computing platforms,Q1,1
https://openalex.org/W2770017628,Analytical Parameters of an Amperometric Glucose Biosensor for Fast Analysis in Food Samples,Q4,1
https://openalex.org/W2770036798,Enhancing reproducibility in scientific computing: Metrics and registry for Singularity containers,Q2,1
https://openalex.org/W2770777673,Dielectric response of Anderson and pseudogapped insulators,Q1,1
https://openalex.org/W2771169143,Ten quick tips for machine learning in computational biology,Q1,1
https://openalex.org/W2771240420,Understanding Structure and Kinetics of Aβ Monomer and Fibril Ensembles Using Molecular Simulations,Q1,1
https://openalex.org/W2772088685,Hypoxia-induced upregulation of BMX kinase mediates therapeutic resistance in acute myeloid leukemia,Q1,1
https://openalex.org/W2772230600,YAMP: a containerised workflow enabling reproducibility in metagenomics research,"Q1, Q7",2
https://openalex.org/W2772309102,Digital reproducibility requirements of computational genomic workflows,Q4,1
https://openalex.org/W2772434010,A distributional semantic approach to the periodization of change in the productivity of constructions,Q2,1
https://openalex.org/W2772673813,Laser-induced blurring of molecular structure information in high harmonic spectroscopy,Q1,1
https://openalex.org/W2773303631,Using bio.tools to generate and annotate workbench tool descriptions,Q1,1
https://openalex.org/W2773465667,Teaching Open Science: Published Data and Digital Literacy in Archaeology Classrooms,Q1,1
https://openalex.org/W2773623157,Ensuring Reproducibility in Computational Processes: Automating Data Identification/Citation and Process Documentation,Q1,1
https://openalex.org/W2773839603,Operationalizing Conflict and Cooperation between Automated Software Agents in Wikipedia: A Replication and Expansion of 'Even Good Bots Fight',Q1,1
https://openalex.org/W2774391334,Hodgkin lymphoma: A review and update on recent progress,Q2,1
https://openalex.org/W2774583629,A snapshot of 3649 Web-based services published between 1994 and 2017 shows a decrease in availability after 2 years,Q1,1
https://openalex.org/W2774645926,Genuine semantic publishing,Q6,1
https://openalex.org/W2775370394,Critical review of reporting of the data analysis step in metabolomics,Q1,1
https://openalex.org/W2775801569,"Peer review of ""Tools and techniques for computational reproducibility""",Q1,1
https://openalex.org/W2776350112,Using ReproZip for Reproducibility and Library Services,"Q1, Q8",2
https://openalex.org/W2776637790,Wellbeing in working mothers,"Q2, Q12, Q13",3
https://openalex.org/W2777744990,Higher Curvature Gravity from Entanglement in Conformal Field Theories,Q1,1
https://openalex.org/W2777881468,Implementing The Paris System for Reporting Urinary Cytology results in a decrease in the rate of the “atypical” category and an increase in its prediction of subsequent high‐grade urothelial carcinoma,Q2,1
https://openalex.org/W2778592677,Digital open science—Teaching digital tools for reproducible and transparent research,Q1,1
https://openalex.org/W2779741708,Model-based Vestibular Afferent Stimulation: Modular Workflow for Analyzing Stimulation Scenarios in Patient Specific and Statistical Vestibular Anatomy,Q6,1
https://openalex.org/W2780517934,Cell type discovery and representation in the era of high-content single cell phenotyping,Q2,1
https://openalex.org/W2781086988,Development and Validation of a Novel Cuff-Less Blood Pressure Monitoring Device,Q2,1
https://openalex.org/W2781700989,Provenance Network Analytics,Q1,1
https://openalex.org/W2782797411,Information Flow in Planar Polarity,Q2,1
https://openalex.org/W2782986785,Computational Reproducibility Day,Q1,1
https://openalex.org/W2783523981,Predicting efficacy of therapeutic services for autism spectrum disorder using scientific workflows,Q1,1
https://openalex.org/W2783869426,Development of Prediction Equation of Diffusing Capacity of Lung for Koreans,Q2,1
https://openalex.org/W2784615259,Conformal blocks from Wilson lines with loop corrections,Q1,1
https://openalex.org/W2784964314,"Tellurium Notebooks - An Environment for Dynamical Model Development, Reproducibility, and Reuse",Q1,1
https://openalex.org/W2786015996,"Beyond computational reproducibility, let us aim for reusability",Q1,1
https://openalex.org/W2786260360,Matchmaking in Bioinformatics,Q1,1
https://openalex.org/W2787075696,A “Lagrangian” for the E7 superconformal theory,Q1,1
https://openalex.org/W2787858429,Reproducible Research and GIScience: An Evaluation Using GIScience Conference Papers,Q1,1
https://openalex.org/W2788397482,Reproducible research and GIScience: an evaluation using AGILE conference papers,"Q1, Q2, Q7, Q12",4
https://openalex.org/W2788568569,Vibronic Coupling Analysis of the Ligand-Centered Phosphorescence of Gas-Phase Gd(III) and Lu(III) 9-Oxophenalen-1-one Complexes,Q1,1
https://openalex.org/W2788572835,State of the Art: Reproducibility in Artificial Intelligence,Q1,1
https://openalex.org/W2788708999,Cohomologies of coherent sheaves and massless spectra in F-theory,Q1,1
https://openalex.org/W2788971353,A new look at an old dog: Bonn-Oberkassel reconsidered,Q2,1
https://openalex.org/W2789543201,Data visualization tools drive interactivity and reproducibility in online publishing,Q1,1
https://openalex.org/W2789732927,Sharing and Preserving Computational Analyses for Posterity with encapsulator,Q1,1
https://openalex.org/W2789805277,17 O NMR as a Tool in Discrete Metal Oxide Cluster Chemistry,Q1,1
https://openalex.org/W2790421420,Reproducibility and replicability of software defect prediction studies,Q2,1
https://openalex.org/W2790446245,Education can Reduce Health Disparities Related to Genetic Risk of Obesity: Evidence from a British Reform,"Q2, Q12, Q13",3
https://openalex.org/W2790735892,Data sharing and reanalysis of randomized controlled trials in leading biomedical journals with a full data sharing policy: survey of studies published in<i>The BMJ</i>and<i>PLOS Medicine</i>,Q1,1
https://openalex.org/W2791013687,Validation of the portable Air-Smart Spirometer,Q2,1
https://openalex.org/W2791183519,Comparison of the fixed ratio and the&lt;em&gt; Z&lt;/em&gt;-score of FEV&lt;sub&gt;1&lt;/sub&gt;/FVC in the elderly population: a long-term mortality analysis from the Third National Health and Nutritional Examination Survey,Q2,1
https://openalex.org/W2791454230,Reliability and usefulness of spirometry performed during admission for COPD exacerbation,Q2,1
https://openalex.org/W2791462835,Towards computational reproducibility: researcher perspectives on the use and sharing of software,Q1,1
https://openalex.org/W2791524125,OVAS: an open-source variant analysis suite with inheritance modelling,Q1,1
https://openalex.org/W2791577993,Computing environments for reproducibility: Capturing the “Whole Tale”,Q1,1
https://openalex.org/W2791824528,Boutiques: a flexible framework to integrate command-line applications in computing platforms,Q1,1
https://openalex.org/W2792069497,Reproducible bioinformatics project: a community for reproducible bioinformatics analysis pipelines,Q1,1
https://openalex.org/W2792120776,Exploring the Impact of Analysis Software on Task fMRI Results,Q1,1
https://openalex.org/W2792168989,Diagnostic tools for soil-transmitted helminths control and elimination programs: A pathway for diagnostic product development,"Q2, Q12",2
https://openalex.org/W2792248346,qPortal: A platform for data-driven biomedical research,Q1,1
https://openalex.org/W2792304018,Mechanical behavior of surgical meshes for abdominal wall repair: In vivo versus biaxial characterization,Q1,1
https://openalex.org/W2792307971,Sociotechnical Obstacles to Archaeological Data Reuse,"Q1, Q8",2
https://openalex.org/W2792576179,The Scientific Filesystem,Q1,1
https://openalex.org/W2793002591,Data Sharing and Scientific Impact in Eddy Covariance Research,Q1,1
https://openalex.org/W2793142806,Reproducible big data science: A case study in continuous FAIRness,Q1,1
https://openalex.org/W2793993424,An empirical analysis of journal policy effectiveness for computational reproducibility,"Q1, Q7, Q15",3
https://openalex.org/W2794112300,Utilising Semantic Web Ontologies To Publish Experimental Workflows,Q1,1
https://openalex.org/W2794386657,Semantic Mediation to Improve Reproducibility for Biomolecular NMR Analysis,Q1,1
https://openalex.org/W2794420656,SISS-Geo: Leveraging Citizen Science to Monitor Wildlife Health Risks in Brazil,Q1,1
https://openalex.org/W2794804690,"Reproducible science: What, why, how",Q1,1
https://openalex.org/W2794806470,Development and validation of rt-qpcr for vesicular stomatitis virus detection (Alagoas vesiculovirus),Q2,1
https://openalex.org/W2794998735,Prevalence and echo features of mediastinal lymph nodes in EUS for non-malignant indications: a prospective study in a Southern European Population,Q2,1
https://openalex.org/W2795164513,Natural history of prostatic lesions on serial multiparametric magnetic resonance imaging,Q2,1
https://openalex.org/W2796191283,The CoLoMoTo Interactive Notebook: Accessible and Reproducible Computational Analyses for Qualitative Biological Networks,Q1,1
https://openalex.org/W2797059134,Testing for reproducibility: a missing point in reporting,Q4,1
https://openalex.org/W2797532005,Analytic Two-Loop Higgs Amplitudes in Effective Field Theory and the Maximal Transcendentality Principle,Q1,1
https://openalex.org/W2798038749,Raising the status of software in research: A survey-based evaluation of the Software Sustainability Institute Fellowship Programme,Q1,1
https://openalex.org/W2799213538,DeepDIVA: A Highly-Functional Python Framework for Reproducible Experiments,"Q1, Q7",2
https://openalex.org/W2799228105,Use Cases of Computational Reproducibility for Scientific Workflows at Exascale,Q1,1
https://openalex.org/W2799405262,Towards a Reference Architecture with Modular Design for Large-scale Genotyping and Phenotyping Data Analysis: A Case Study with Image Data,"Q1, Q8",2
https://openalex.org/W2799850714,High performance sparse Fast Fourier Transform using OpenACC,Q6,1
https://openalex.org/W2800090145,Nanocellulose as a natural source for groundbreaking applications in materials science: Today’s state,Q4,1
https://openalex.org/W2800612085,Evaluating Reproducibility in Computational Biology Research,Q1,1
https://openalex.org/W2801100899,Platform Session – Electromyography: Large inter-rater variation on revised El Escorial and Awaji diagnostic criteria for amyotrophic lateral sclerosis,Q2,1
https://openalex.org/W2801507238,Validation of exhaled volatile organic compounds analysis using electronic nose as index of COPD severity,Q2,1
https://openalex.org/W2802823940,Reproducible and replicable pain research: a critical review,"Q1, Q7, Q8",3
https://openalex.org/W2802842982,Biology Needs Evolutionary Software Tools: Let’s Build Them Right,Q1,1
https://openalex.org/W2803025765,Automated quantitative image analysis and precision selection of desired sub-population of iPS cells using cell X TM and Colonyze TM platform,Q2,1
https://openalex.org/W2803026146,Foldsketch,Q4,1
https://openalex.org/W2803534069,Cahn-Hilliard diffuse interface simulations of bubble-wall collisions,Q1,1
https://openalex.org/W2803703227,The expanding roles of microRNAs in kidney pathophysiology,Q2,1
https://openalex.org/W2803704788,UK greenhouse gas measurements at two new tall towers for aiding emissions verification,Q4,1
https://openalex.org/W2803814782,Sensitive detection of pre-integration intermediates of LTR retrotransposons in crop plants,Q1,1
https://openalex.org/W2804547669,Estudio isotópico del consumo de recursos marítimos y terrestres en la prehistoria del desierto de Atacama,Q1,1
https://openalex.org/W2804780703,Association of Oscillatory Ventilation during Cardiopulmonary Test to Clinical and Functional Variables of Chronic Heart Failure Patients,Q2,1
https://openalex.org/W2804898204,Localization and non-renormalization in Chern-Simons theory,Q1,1
https://openalex.org/W2804932681,A STUDY TO KNOW THE PATTERN OF PULMONARY FUNCTION IMPAIRMENTS IN CURED PULMONARY TUBERCULOSIS CASES,Q2,1
https://openalex.org/W2804962297,Impact of Dentures Wearing on Spirometric Values; Data from Tertiary Rural Centre,Q2,1
https://openalex.org/W2805393314,London dispersion as important factor for the stabilization of (<i>Z</i>)-azobenzenes in the presence of hydrogen bonding,Q1,1
https://openalex.org/W2806432392,Characterization techniques for nanoparticles: comparison and complementarity upon studying nanoparticle properties,Q6,1
https://openalex.org/W2806712753,Coincidence Problem in CPS Simulations: the R-ROSACE Case Study,Q4,1
https://openalex.org/W2807946705,"Acute effects of combined exercise and oscillatory positive expiratory pressure therapy on sputum properties and lung diffusing capacity in cystic fibrosis: a randomized, controlled, crossover trial",Q2,1
https://openalex.org/W2807964278,Supporting Long-term Reproducible Software Execution,Q1,1
https://openalex.org/W2808166412,Enabling the Verification of Computational Results,"Q1, Q9",2
https://openalex.org/W2808568067,Reproducibility in computational and data-enabled science,Q1,1
https://openalex.org/W2808646869,Teaching Computational Reproducibility for Neuroimaging,"Q1, Q7, Q15",3
https://openalex.org/W2808674717,The effects of functional training and stationary cycling on respiratory function of elderly with Parkinson disease: a pilot study,Q2,1
https://openalex.org/W2809334386,Mechanical transduction of cytoplasmic-to-transmembrane-domain movements in a hyperpolarization-activated cyclic nucleotide–gated cation channel,Q1,1
https://openalex.org/W2809955742,A practical framework for implementing Quality by Design to the development of topical drug products: Nanosystem-based dosage forms,Q4,1
https://openalex.org/W2810067254,A hidden Markov regime-switching smooth transition model,"Q1, Q7, Q15",3
https://openalex.org/W2810225952,Can inspiratory muscle training improve weaning outcomes in difficult to wean patients? A protocol for a randomised controlled trial (IMweanT study),Q2,1
https://openalex.org/W2810247643,Separated nozzle flow,Q1,1
https://openalex.org/W2810419619,Experimenting with reproducibility: a case study of robustness in bioinformatics,Q1,1
https://openalex.org/W2810743629,Thoracoabdominal asynchrony and paradoxical motion in middle stage amyotrophic lateral sclerosis,Q2,1
https://openalex.org/W2811013502,Correlation of lung function and respiratory muscle strength with functional exercise capacity in obese individuals with obstructive sleep apnea syndrome,Q2,1
https://openalex.org/W2811313679,DNS of Wall-Bounded Turbulent Flow: An Introduction,Q1,1
https://openalex.org/W2811403956,Risk stratification of smoldering multiple myeloma: predictive value of free light chains and group-based trajectory modeling,Q2,1
https://openalex.org/W2815912635,A funder-imposed data publication requirement seldom inspired data sharing,"Q1, Q8",2
https://openalex.org/W2833668006,Reproduction of the Yucca Mountain Project TSPA-LA Model Runs using TSPA Computing Systems,Q6,1
https://openalex.org/W2843200905,Neoangiogenesis of gastric submucosa‑invasive adenocarcinoma,Q2,1
https://openalex.org/W2881440649,Reproducing Polychronization: A Guide to Maximizing the Reproducibility of Spiking Network Models,Q2,1
https://openalex.org/W2883038689,"Peer Review #1 of ""Reproducible research and GIScience: an evaluation using AGILE conference papers (v0.1)""","Q1, Q2, Q7, Q12",4
https://openalex.org/W2883234914,"NG-meta-profiler: fast processing of metagenomes using NGLess, a domain-specific language",Q1,1
https://openalex.org/W2883325823,Study of beauty production and nuclear modification in p-Pb collisions through the channel $h_{\rm b} \rightarrow J/\psi + X$,Q1,1
https://openalex.org/W2883476902,Mapping the yearly extent of surface coal mining in Central Appalachia using Landsat and Google Earth Engine,Q1,1
https://openalex.org/W2884419955,Primary neuroendocrine tumor of the breast - report of 2 cases,Q2,1
https://openalex.org/W2884436096,Measuring and Modeling the Feature Detection Threshold Functions of Colormaps,Q6,1
https://openalex.org/W2884706296,The Determinants and Outcomes of Absence Behavior: A Systematic Literature Review,"Q2, Q12, Q13",3
https://openalex.org/W2885147666,Computational realization of multiple flame stabilization modes in DLR strut-injection hydrogen supersonic combustor,Q1,1
https://openalex.org/W2885346582,A theory of reparameterizations for AdS3 gravity,Q1,1
https://openalex.org/W2885364317,Inflation and gauge field holonomy,Q1,1
https://openalex.org/W2885471654,A Bayesian’s journey to a better research workflow,Q1,1
https://openalex.org/W2885517443,Informative Irreproducibility and the Use of Experiments in Ecology,Q4,1
https://openalex.org/W2885690148,Tumour budding in rectal cancer. A comprehensive review,Q2,1
https://openalex.org/W2885745090,MEMS-based lidar for autonomous driving,Q6,1
https://openalex.org/W2885830467,A second order numerical scheme for the annealing of metal–intermetallic laminate composite: A ternary reaction system,Q1,1
https://openalex.org/W2886315657,Renaming low risk conditions labelled as cancer,Q2,1
https://openalex.org/W2886673064,A toolkit for data transparency takes shape,"Q1, Q8, Q9",3
https://openalex.org/W2886900553,"Binder 2.0 - Reproducible, interactive, sharable environments for science at scale","Q1, Q8",2
https://openalex.org/W2887014100,Influence of chemical speciation on the separation of metal ions from chelating agents by nanofiltration membranes,Q1,1
https://openalex.org/W2887154390,Computational reproducibility in geoscientific papers: Insights from a series of studies with geoscientists and a reproduction study,Q1,1
https://openalex.org/W2887195941,ReproServer: Making Reproducibility Easier and Less Intensive,Q1,1
https://openalex.org/W2887432090,"Log-aesthetic curves: Similarity geometry, integrable discretization and variational principles",Q5,1
https://openalex.org/W2887637118,Abstract 2348: Low-cost and accurate human leukocyte antigen (HLA) class I typing of The Cancer Genome Atlas on the Seven Bridges Cancer Genomics Cloud,Q1,1
https://openalex.org/W2887868089,PENYUSUNAN LAPORAN KEUANGAN ENTITAS NIRLABA BERDASARKAN PSAK NO. 45 PADA YAYASAN MADRASAH TARBIYAH ISLAMIYAH KAPAU DENGAN MENGGUNAKAN MICROSOFT EXCEL,Q2,1
https://openalex.org/W2887910086,A methodology for the photocatalyzed radical trifluoromethylation of indoles: A combined experimental and computational study,Q1,1
https://openalex.org/W2888054879,HPV‐mRNA and HPV‐DNA detection in samples taken up to seven years before severe dysplasia of cervix uteri,Q2,1
https://openalex.org/W2888120118,Diagnosing Emerging Fungal Threats: A One Health Perspective,Q4,1
https://openalex.org/W2888180102,LittleBrain: a gradient-based tool for the topographical interpretation of cerebellar neuroimaging findings,Q1,1
https://openalex.org/W2888203343,The reproducibility and validity verification for body composition measuring devices using bioelectrical impedance analysis in Korean adults,Q6,1
https://openalex.org/W2888411792,Reproducibility of meta-analyses in Ecology and Evolutionary Biology,Q1,1
https://openalex.org/W2889090097,Computational workflow to study the seasonal variation of secondary metabolites in nine different bryophytes,Q1,1
https://openalex.org/W2889234529,Supplementary materials for Computational Reproducibility via Containers in Social Psychology,Q1,1
https://openalex.org/W2889428700,EVALUATION OF A HUMAN PAPILLOMAVIRUS GENOTYPING ASSAY FOR CERVICAL CANCER SCREENING IN TANZANIA,Q2,1
https://openalex.org/W2889903444,A Serverless Tool for Platform Agnostic Computational Experiment Management,Q1,1
https://openalex.org/W2890056718,"On Reproducible AI: Towards Reproducible Research, Open Science, and Digital Scholarship in AI Publications",Q3,1
https://openalex.org/W2890327729,Shortening self-report mental health symptom measures through optimal test assembly methods: Development and validation of the Patient Health Questionnaire-Depression-4,Q2,1
https://openalex.org/W2890420477,"Synthetic Control Method: Inference, Sensitivity Analysis and Confidence Sets","Q1, Q7, Q15",3
https://openalex.org/W2890787136,PhenoMeNal: Processing and analysis of Metabolomics data in the Cloud,Q1,1
https://openalex.org/W2891243993,Use of reproducible research practices in public health: A survey of public health analysts,Q4,1
https://openalex.org/W2891591217,Mode-Splitting for Refractive Index Sensing in Fluorescent Whispering Gallery Mode Microspheres with Broken Symmetry,Q4,1
https://openalex.org/W2891873205,Secondary prevention of variceal bleeding in adults with previous oesophageal variceal bleeding due to decompensated liver cirrhosis: a network meta-analysis,Q2,1
https://openalex.org/W2892021604,"Evaluation of the acceptability, reproducibility and quality of spirometry performed in an adult pneumology service",Q2,1
https://openalex.org/W2892118113,New advances in the molecular classification of pediatric mesenchymal tumors,Q2,1
https://openalex.org/W2892703060,Accuracy of tele‐consultation on management decisions of lesions suspect for melanoma using reflectance confocal microscopy as a stand‐alone diagnostic tool,Q2,1
https://openalex.org/W2892938424,Predicting computational reproducibility of data analysis pipelines in large population studies using collaborative filtering,Q1,1
https://openalex.org/W2893111280,Computational and Informatic Advances for Reproducible Data Analysis in Neuroimaging,"Q1, Q7",2
https://openalex.org/W2893322260,Targeted mass spectrometry for the analysis of toxicant-induced DNA/RNA adducts and poly(ADP-ribose),Q6,1
https://openalex.org/W2893421908,Data preservation and reproducibility at the LHCb experiment at CERN,"Q1, Q10",2
https://openalex.org/W2893866862,Handling handles. Part II. Stratification and data analysis,Q1,1
https://openalex.org/W2894094617,Developing a framework for the ethical design and conduct of pragmatic trials in healthcare: a mixed methods research protocol,Q2,1
https://openalex.org/W2894949505,Analytical performance of a low‐cost multiplex polymerase chain reaction human papillomavirus genotyping assay for use in Sub‐Saharan Africa,Q2,1
https://openalex.org/W2894956900,rCASC: reproducible Classification Analysis of Single Cell sequencing data,Q1,1
https://openalex.org/W2895019982,Computational Curation of Open Science Data,"Q1, Q8",2
https://openalex.org/W2895144377,Modelling of a Fast EQE Measurement System,Q6,1
https://openalex.org/W2895451708,Performance verification of Roche Cobas s201 nucleic acid test system in Dongguan Blood Center,Q6,1
https://openalex.org/W2895933840,Critical Infrastructure Asset Identification: A Multi-Criteria Decision System and Aviation Case Study,Q2,1
https://openalex.org/W2896132287,A Retrospective Analysis of Colorectal Serrated Lesions from 2005 to 2014 in a Single Center: Importance of the Establishment of Diagnostic Patterns,"Q2, Q13",2
https://openalex.org/W2896165087,US Government Resources Related to Research Rigor and Reproducibility,Q6,1
https://openalex.org/W2896199314,Responding to the growing issue of research reproducibility,Q1,1
https://openalex.org/W2896334121,Selective Thoracic Fusion for King-Moe Type II/Lenke 1C Curve in Adolescent Idiopathic Scoliosis: A Comprehensive Review of Major Concerns,Q2,1
https://openalex.org/W2896916822,Immunohistochemical expression of pd-l1 in solid tumors,Q2,1
https://openalex.org/W2896941665,"Cross-Linguistic Data Formats, advancing data sharing and re-use in comparative linguistics","Q1, Q7, Q8",3
https://openalex.org/W2897007385,6mer Seed Toxicity Determines Strand Selection in miRNAs,Q1,1
https://openalex.org/W2897115006,"Transparency, reproducibility, and quality of energy system analyses – A process to improve scientific work",Q2,1
https://openalex.org/W2897574271,Enhancing Climate Change Research With Open Science,Q1,1
https://openalex.org/W2897940425,SimPrily: A Python framework to simplify high-throughput genomic simulations,Q1,1
https://openalex.org/W2897977775,On the prevalence of uninformative parameters in statistical models applying model selection in applied ecology,Q1,1
https://openalex.org/W2898071709,Modeling Electrode Materials,"Q1, Q7",2
https://openalex.org/W2898136904,Challenges and recommendations to improve installability and archival stability of omics computational tools,"Q1, Q7",2
https://openalex.org/W2898304291,Pergola: Boosting Visualization and Analysis of Longitudinal Data by Unlocking Genomic Analysis Tools,"Q1, Q8",2
https://openalex.org/W2898342359,Lifestyle modifications for nonalcohol-related fatty liver disease: a network meta-analysis,Q2,1
https://openalex.org/W2898521193,Longitudinal Clinical Performance of the RNA-Based Aptima Human Papillomavirus (AHPV) Assay in Comparison to the DNA-Based Hybrid Capture 2 HPV Test in Two Consecutive Screening Rounds with a 6-Year Interval in Germany,Q2,1
https://openalex.org/W2898532448,Treatment for bleeding oesophageal varices in people with decompensated liver cirrhosis: a network meta-analysis,Q2,1
https://openalex.org/W2898601766,"Open science, reproducibility, and transparency in ecology",Q1,1
https://openalex.org/W2898807422,ASSOCIATION BETWEEN PERSONAL PM10 EXPOSURE AND PULMONARY FUNCTION IN HEALTHY VOLUNTEERS FROM A SEMI-ARID CITY ON THE US-MEXICAN BORDER,Q2,1
https://openalex.org/W2899002317,Replicability or reproducibility? On the replication crisis in computational neuroscience and sharing only relevant detail,"Q1, Q7, Q8, Q10",4
https://openalex.org/W2899151061,Neoadjuvant immunotherapy in non-small cell lung cancer: the sooner the better?,Q2,1
https://openalex.org/W2900326765,Neuromuscular Reflex Control for Prostheses and Exoskeletons,Q1,1
https://openalex.org/W2900894420,A Neurodynamic Model of Saliency Prediction in V1,Q1,1
https://openalex.org/W2901061084,Laniakea: an open solution to provide Galaxy “on-demand” instances over heterogeneous cloud infrastructures,Q1,1
https://openalex.org/W2901297776,Toward a Compatible Reproducibility Taxonomy for Computational and Computing Sciences,"Q1, Q5, Q7, Q9",4
https://openalex.org/W2901713220,Recurrence analysis on prostate cancer patients with Gleason score 7 using integrated histopathology whole-slide images and genomic data through deep neural networks,Q2,1
https://openalex.org/W2901879648,"Utilidad de la determinación VPH, genotipado y tinción dual p16/Ki67 en la prevención secundaria del cáncer de cuello de útero",Q2,1
https://openalex.org/W2902076893,Extreme Heterogeneity 2018 - Productive Computational Science in the Era of Extreme Heterogeneity: Report for DOE ASCR Workshop on Extreme Heterogeneity,Q1,1
https://openalex.org/W2902208405,Expanding the Build and Execute Environment to Streamline Containerized Workflows in a High Performance Computing Ecosystem,Q1,1
https://openalex.org/W2902534983,Model Revision of Logical Regulatory Networks Using Logic-Based Tools,Q1,1
https://openalex.org/W2902570724,Sensitive detection of pre-integration intermediates of long terminal repeat retrotransposons in crop plants,Q1,1
https://openalex.org/W2902580422,Reproducibility Confidentiality Data Access,Q2,1
https://openalex.org/W2902662140,A network-based conditional genetic association analysis of the human metabolome,"Q1, Q15",2
https://openalex.org/W2902802559,"Clinician attitudes towards, and patient well-being outcomes from, computerised Cognitive Behavioural Therapy: a research portfolio","Q2, Q13",2
https://openalex.org/W2902879926,Provenance Management for Collaborative Data Science Workflows,Q1,1
https://openalex.org/W2903129536,Cooperative adsorption of carbon disulfide in diamine-appended metal–organic frameworks,Q1,1
https://openalex.org/W2903336981,Incremental shuttle walk test performed in a hallway and on a treadmill: are they interchangeable?,Q2,1
https://openalex.org/W2903961692,Scalable And Secure Provenance Querying For Scientific Workflows And Its Application In Autism Study,Q1,1
https://openalex.org/W2904206459,From source code to test cases: A comprehensive benchmark for resource leak detection in Android apps,Q4,1
https://openalex.org/W2904461964,GLI 2012 equations define few spirometric anomalies in the general population: the PneumoLaus study,Q2,1
https://openalex.org/W2904568000,Genome-wide association study discovered favorable single nucleotide polymorphisms and candidate genes associated with ramet number in ramie (Boehmeria nivea L.),Q6,1
https://openalex.org/W2904833028,Timing of renal replacement therapy initiation for acute kidney injury,Q2,1
https://openalex.org/W2904924727,Corynebacterium Cell Factory Design and Culture Process Optimization for Muconic Acid Biosynthesis,Q4,1
https://openalex.org/W2905359328,Measuring Similarity: Computationally Reproducing the Scholar's Interests,Q1,1
https://openalex.org/W2905481220,Computation of the impedance of a vacuum electron diode with emission current delay,Q1,1
https://openalex.org/W2905634882,Is a screening spirometry a good screening tool?,Q2,1
https://openalex.org/W2905675067,Contribution of mesocosm testing to a single-step and exposure-driven environmental risk assessment of engineered nanomaterials,Q4,1
https://openalex.org/W2905780380,Efficient Adjacency Queries and Dynamic Refinement for Meshfree Methods with Applications to Explicit Fracture Modeling,Q4,1
https://openalex.org/W2905880561,Multimodal ventricular tachycardia analysis : towards the accurate parametrization of predictive HPC electrophysiological computational models,Q1,1
https://openalex.org/W2906192293,Implementing QMS and Accreditation Standards in Medical Diagnostics for Quality of Services,Q6,1
https://openalex.org/W2907036874,Quantifying interactions between nanoengineered particles and cells,Q1,1
https://openalex.org/W2907651111,Development Of A Line List For Automation Of Stellar Abundance Analysis,Q1,1
https://openalex.org/W2907994623,Editorial: Booming of Neural Networks and Learning Systems,Q1,1
https://openalex.org/W2908375061,Higgsed network calculus,Q1,1
https://openalex.org/W2908799398,Ensuring quality in cervical screening programmes based on molecular human papillomavirus testing,Q2,1
https://openalex.org/W2909137243,The PLOS ONE collection on machine learning in health and biomedicine: Towards open code and open data,Q1,1
https://openalex.org/W2909381629,Prognostic significance of MEOX2 in gliomas,Q2,1
https://openalex.org/W2909560755,Application of machine learning in rheumatic disease research,Q1,1
https://openalex.org/W2909688511,Transcriptomic signature reveals mechanism of flower bud distortion in witches’-broom disease of soybean (Glycine max),Q1,1
https://openalex.org/W2910533315,Application of the coupled-cluster CC(<i>P</i>;<i>Q</i>) approaches to the magnesium dimer,Q1,1
https://openalex.org/W2911018299,Characterization of Novel Small Molecule Potentiators of Oncolytic Virotherapy,Q2,1
https://openalex.org/W2911222059,Value of outcomes research in colorectal cancer care,Q2,1
https://openalex.org/W2911618184,Incurred Sample Reanalysis: Time to Change the Sample Size Calculation?,Q2,1
https://openalex.org/W2911750130,Revisiting Antarctic ice loss due to marine ice-cliff instability,Q1,1
https://openalex.org/W2911771174,Authorship and the Consideration of Alternatives,Q3,1
https://openalex.org/W2911930138,"Peer Review #1 of ""Accessible molecular phylogenomics at no cost: obtaining 14 new mitogenomes for the ant subfamily Pseudomyrmecinae from public data (v0.1)""",Q1,1
https://openalex.org/W2912300582,A Tool to Encourage Minimum Reporting Guideline Uptake for Data Analysis in Metabolomics,Q1,1
https://openalex.org/W2912357498,"Qresp, a tool for curating, discovering and exploring reproducible scientific papers",Q1,1
https://openalex.org/W2912485834,"Accessing, managing, and mobilizing an ELAN-based language documentation corpus: the Kwaras and Namuti tools",Q6,1
https://openalex.org/W2912497992,Everything Matters: The ReproNim Perspective on Reproducible Neuroimaging,Q1,1
https://openalex.org/W2912857852,A Framework To Evaluate Pipeline Reproducibility Across Operating Systems,Q1,1
https://openalex.org/W2912944499,Intra‐ and inter‐laboratory agreement of the <i>FAM19A4/mir124‐2</i> methylation test: Results from an international study,Q2,1
https://openalex.org/W2913147596,Reproducibility of Quantitative Systems Pharmacology Models: Current Challenges and Future Opportunities,Q1,1
https://openalex.org/W2913217867,Approaches for containerized scientific workflows in cloud environments with applications in life science,Q1,1
https://openalex.org/W2913276435,Amide nitrogen pyramidalization changes lactam amide spinning,Q1,1
https://openalex.org/W2913684598,Ambitious Data Science Can Be Painless,"Q1, Q9",2
https://openalex.org/W2913755004,Nerve Tumors: What the MSK Radiologist Should Know,Q2,1
https://openalex.org/W2913756605,Wellbeing in adults who had a brush with death,"Q2, Q12",2
https://openalex.org/W2913810889,Blockchain Based Provenance Sharing of Scientific Workflows,Q6,1
https://openalex.org/W2913847005,miR-223 and other miRNA's evaluation in chronic kidney disease: Innovative biomarkers and therapeutic tools,Q2,1
https://openalex.org/W2914229557,A numerical analysis of a concrete slab breaching using high explosives,Q1,1
https://openalex.org/W2914880970,Spirometry reference values for Black adults in Brazil,Q2,1
https://openalex.org/W2914918379,Brownian Dynamics Study on Ferrofluids using Iterative Constraints to Satisfy Maxwell's Equations,Q1,1
https://openalex.org/W2914971199,Stall Inception in Low Pressure Ratio Fans,Q1,1
https://openalex.org/W2915287687,Analysis of the Properties of Magnetic Solids by Density Functional Theory (DFT) Calculations.,Q1,1
https://openalex.org/W2915460963,Empowering the annotation and discovery of structured RNAs with scalable and accessible integrative clustering,Q1,1
https://openalex.org/W2915479314,Script of Scripts: A pragmatic workflow system for daily computational research,Q1,1
https://openalex.org/W2915803094,pyKNEEr: An image analysis workflow for open and reproducible research on femoral knee cartilage,Q1,1
https://openalex.org/W2916318691,Computational Reproducibility: The Elephant in the Room,"Q1, Q7",2
https://openalex.org/W2916844102,Assessing data availability and research reproducibility in hydrology and water resources,Q1,1
https://openalex.org/W2917393041,Literature review on the transition from smouldering to flaming fires and its application to peat fires,Q1,1
https://openalex.org/W2917421928,The rapid proliferation of solicited content online journals: a quest to disseminate knowledge?,"Q1, Q7, Q8",3
https://openalex.org/W2918076635,The Prognostic Impact of Grading in FIGO IB and IIB Squamous Cell Cervical Carcinomas,Q2,1
https://openalex.org/W2918547946,Inbreeding and effective population size in French dairy sheep: Comparison between genomic and pedigree estimates,Q2,1
https://openalex.org/W2918571210,Postmortem evaluation of brain edema: An attempt with measurements of water content and brain-weight-to-inner-skull-circumference ratio,Q2,1
https://openalex.org/W2920747346,From the Wet Lab to the Web Lab: A Paradigm Shift in Brain Imaging Research,"Q1, Q10",2
https://openalex.org/W2921272409,Progress in Understanding of Hairy Cell Leukemia and Hairy Cell Leukemia-Like Disorders,Q2,1
https://openalex.org/W2921329221,"CGAT-core: a python framework for building scalable, reproducible computational biology workflows",Q1,1
https://openalex.org/W2921371117,Understanding the Artificial Intelligence Clinician and optimal treatment strategies for sepsis in intensive care,Q2,1
https://openalex.org/W2921581827,Big Data Quality Assurance Through Data Traceability: A Case Study of the National Standard Reference Data Program of Korea,"Q2, Q13",2
https://openalex.org/W2921922502,A comprehensive map of the dendritic cell transcriptional network engaged upon innate sensing of HIV,Q1,1
https://openalex.org/W2921960147,Reactive pipelines for integrated structural bioinformatics resources,Q1,1
https://openalex.org/W2922208515,Applied and Computational Mathematics Division: Summary of Activities for Fiscal Year 2015,Q1,1
https://openalex.org/W2923233217,Heat Treatment Simulation for Low Pressure Hyper Carburizing Process,Q6,1
https://openalex.org/W2924729402,A multi-omics digital research object for the genetics of sleep regulation,Q1,1
https://openalex.org/W2924899502,Glucose tolerance in Canadian and French cystic fibrosis adult patients,Q2,1
https://openalex.org/W2924948118,A risk stratification tool for hospitalisation in Australia using primary care data,Q1,1
https://openalex.org/W2925048138,A Cl− Hinge for Cyclen Macrocycles: Ionic Interactions and Tweezer–Like Complexes,Q1,1
https://openalex.org/W2925188014,Improving the usability and archival stability of bioinformatics software,Q1,1
https://openalex.org/W2925332800,Quantitative Colour Pattern Analysis (QCPA): A Comprehensive Framework for the Analysis of Colour Patterns in Nature,Q1,1
https://openalex.org/W2926615310,Calibrating the Scientific Ecosystem Through Meta-Research,"Q1, Q7, Q8, Q10",4
https://openalex.org/W2929303532,"Peer Review #2 of ""Pixel: a content management platform for quantitative omics data (v0.1)""",Q1,1
https://openalex.org/W2931081248,Eocomputational workflows for analysing spring plant phenology in space and time,Q1,1
https://openalex.org/W2932483227,Sextic centrifugal distortion in fluorobenzene and phenylacetylene from cm-wave rotational spectroscopy,Q1,1
https://openalex.org/W2934754470,Review of ependymomas: assessment of consensus in pathological diagnosis and correlations with genetic profiles and outcome,Q2,1
https://openalex.org/W2935873653,Scalable data analysis in proteomics and metabolomics using BioContainers and workflows engines,Q1,1
https://openalex.org/W2936713173,Metajelo: a Metadata Package for Journals to Support External Linked Objects,"Q1, Q7, Q8, Q9, Q15",5
https://openalex.org/W2936805305,Intersegment contacts determine geometry of the open and closed states in P-loop channels,Q1,1
https://openalex.org/W2936909249,<i>nf-core</i> : Community curated bioinformatics pipelines,Q1,1
https://openalex.org/W2937207334,Computational reproducibility of scientific workflows at extreme scales,Q1,1
https://openalex.org/W2938061382,Forced Mid-Expiratory Flow Can Predict Ventilatory Limitation and Exercise Capacity,Q2,1
https://openalex.org/W2938491854,Editorial: NAR Genomics and Bioinformatics: a new journal for reproducible genomics in the Big Data era,"Q1, Q10",2
https://openalex.org/W2938550897,"Emergent strings, duality and weak coupling limits for two-form fields",Q1,1
https://openalex.org/W2938899814,Creating reproducible pharmacogenomic analysis pipelines,Q1,1
https://openalex.org/W2938904233,Curating Scientific Workflows for Biomolecular Nuclear Magnetic Resonance Spectroscopy,Q1,1
https://openalex.org/W2939497968,Algorithms for formal stratification of patients with ischemic mitral regurgitation,Q2,1
https://openalex.org/W2940500497,Towards an e-infrastructure for Open Science in Soils Security,"Q1, Q10",2
https://openalex.org/W2942557718,x11docker: Run GUI applications in Docker containers,Q1,1
https://openalex.org/W2942589940,Accessible and reproducible mass spectrometry imaging data analysis in Galaxy,Q1,1
https://openalex.org/W2942631808,Investigation of the Mechanical Behavior of Non-Conventional Laminates: Anisotropy of Tensile Strength in Coupons with Quasi-Isotropic Stiffness Characteristics,Q1,1
https://openalex.org/W2942687520,Malaysian early career researchers on the ethics of scholarly publishing,"Q1, Q7, Q8, Q10",4
https://openalex.org/W2942740305,"SCFTs, Holography, and Topological Strings",Q1,1
https://openalex.org/W2942745929,Penerapan Reproducible Research pada RStudio dengan Bahasa R dan Paket Knitr,Q1,1
https://openalex.org/W2942849560,Where is genomics going next?,Q1,1
https://openalex.org/W2943031255,"Research on Auto-Scaling of Web Applications in Cloud: Survey, Trends and Future Directions",Q4,1
https://openalex.org/W2943145668,Are soluble ST2 levels influenced by vitamin D and/or the seasons?,Q2,1
https://openalex.org/W2943216811,"Open science challenges, benefits and tips in early career and beyond","Q1, Q7, Q8",3
https://openalex.org/W2943791845,"AN INTEGRATIVE SYSTEMS BIOINFORMATICS APPROACH OF THE ENVIRONMENTAL, GENETIC AND MOLECULAR FACTORS REGULATING SLEEP",Q1,1
https://openalex.org/W2943920404,Hydro-environmental processes governing the formation of hypoxic parcels in an inverse estuarine water body: Model validation and discussion,Q1,1
https://openalex.org/W2944615945,Preparation of Selective and Reproducible SERS Sensors of Hg2+ Ions via a Sunlight-Induced Thiol–Yne Reaction on Gold Gratings,Q2,1
https://openalex.org/W2944950213,Visualizing event sequence game data to understand player’s skill growth through behavior complexity,Q6,1
https://openalex.org/W2944997256,Reproducibility and Replicability in a Fast-Paced Methodological World,Q1,1
https://openalex.org/W2945093454,Sugarcane Bagasse Ash Micronized Using Air Jet Mills for Green Pozzolan in Brazil,Q6,1
https://openalex.org/W2945130123,Coding Be eR: Assessing and Improving the Reproducibility of R-Based Research With containR,"Q1, Q8",2
https://openalex.org/W2945202604,Evaluating the artifacts of SIGCOMM papers,Q5,1
https://openalex.org/W2945492940,Report by the AEA Data Editor,Q6,1
https://openalex.org/W2945642707,Curation as “Interoperability With the Future”: Preserving Scholarly Research Software in Academic Libraries,"Q1, Q7",2
https://openalex.org/W2945675899,An attempt to reproduce a previous meta-analysis and a new analysis regarding the impact of directly observed therapy on tuberculosis treatment outcomes,"Q1, Q7",2
https://openalex.org/W2945914323,Proportion of false-positive follow-up FDG-PET scans in lymphoma: Systematic review and meta-analysis,Q2,1
https://openalex.org/W2946118367,More Than a Paper,Q1,1
https://openalex.org/W2946124816,Spiro AI: Smartphone Based Pulmonary Function Testing,"Q2, Q4",2
https://openalex.org/W2946237148,Cervical Glandular Neoplasia,Q2,1
https://openalex.org/W2946546258,A Benchmark of Data Loss Bugs for Android Apps,Q4,1
https://openalex.org/W2946892920,"Prevalence, correlates, and predictive value of high-risk human papillomavirus mRNA detection in a community-based cervical cancer screening program in western Uganda",Q2,1
https://openalex.org/W2946914098,Emerging roles and therapeutic value of exosomes in cancer metastasis,Q2,1
https://openalex.org/W2947053041,Plasma levels of M-CSF and VEGF in laboratory diagnostics and differentiation of selected histological types of cervical cancers,Q2,1
https://openalex.org/W2947210064,P17. Data Curation as a Mechanism for Fostering Computational Reproducibility in bioNMR,Q1,1
https://openalex.org/W2947555346,Is there any advantage of using stand-alone cages? A numerical approach,Q1,1
https://openalex.org/W2947661366,"Determining the practicality of universal design of streetscapes as an approach to achieving accessibility in the built environment : case study of Chatsworth town centre, eThekwini.","Q2, Q13",2
https://openalex.org/W2947738497,Replication of results,Q1,1
https://openalex.org/W2947887479,Dispersion relations in non-relativistic two-dimensional materials from quasinormal modes in Hǒrava Gravity,Q1,1
https://openalex.org/W2947908124,Reconciling material cultures in archaeology with genetic data requires robust cultural evolutionary taxonomies,"Q1, Q8",2
https://openalex.org/W2948513625,Head and Neck Tumors in Older Adults: Systemic Treatments and Combination with Local Strategies,Q2,1
https://openalex.org/W2949088925,Estimating the effects of water-induced shallow landslides on soil erosion,Q1,1
https://openalex.org/W2949129058,PhenoMeNal: processing and analysis of metabolomics data in the cloud,Q1,1
https://openalex.org/W2949155616,Bioconda: A sustainable and comprehensive software distribution for the life sciences,Q1,1
https://openalex.org/W2949297597,SciPipe: A workflow library for agile development of complex and dynamic bioinformatics pipelines,Q1,1
https://openalex.org/W2949446363,Thermal Transients Excite Neurons through Universal Intramembrane Mechanoelectrical Effects,Q1,1
https://openalex.org/W2949556829,Osseointegration of mini dental implants,Q6,1
https://openalex.org/W2949866548,Mining Electronic Health Records: A Survey,"Q1, Q7",2
https://openalex.org/W2949900200,Best Practice Data Life Cycle Approaches for the Life Sciences,Q1,1
https://openalex.org/W2950145189,ShinyLearner: A containerized benchmarking tool for machine-learning classification of tabular data,Q1,1
https://openalex.org/W2950337489,Multispot single-molecule FRET: High-throughput analysis of freely diffusing molecules,Q1,1
https://openalex.org/W2950536499,YAMP: a containerized workflow enabling reproducibility in metagenomics research,"Q1, Q7",2
https://openalex.org/W2950557311,Morphological Plant Modeling: Unleashing Geometric and Topological Potential within the Plant Sciences,Q1,1
https://openalex.org/W2950736171,On the prevalence of uninformative parameters in statistical models applying model selection in applied ecology,Q1,1
https://openalex.org/W2950747344,"NG-meta-profiler: fast processing of metagenomes using NGLess, a domain-specific language",Q1,1
https://openalex.org/W2950779382,Creating Interactive Scientific Publications using Bindings,Q1,1
https://openalex.org/W2951092176,Tools and techniques for computational reproducibility,Q1,1
https://openalex.org/W2951097674,"Enabling precision medicine via standard communication of HTS provenance, analysis, and results","Q1, Q8",2
https://openalex.org/W2951208188,Ferrocene Acidity and C–H Bond Dissociation Energy via Experiment and Theory,Q1,1
https://openalex.org/W2951307730,When Null Hypothesis Significance Testing Is Unsuitable for Research: A Reassessment,"Q1, Q8",2
https://openalex.org/W2951312450,DNA methylation profiling allows for characterization of atrial and ventricular cardiac tissues and hiPSC-CMs,Q6,1
https://openalex.org/W2951379231,LittleBrain: A gradient-based tool for the topographical interpretation of cerebellar neuroimaging findings,Q1,1
https://openalex.org/W2951526333,Historical Collaborative Geocoding,"Q1, Q8",2
https://openalex.org/W2951547501,Implementing Computational Reproducibility in the Whole Tale Environment,"Q1, Q9",2
https://openalex.org/W2951565607,"A Survey on Collecting, Managing, and Analyzing Provenance from Scripts",Q1,1
https://openalex.org/W2951702001,Scientific Tests and Continuous Integration Strategies to Enhance Reproducibility in the Scientific Software Context,Q1,1
https://openalex.org/W2951930999,"Guidelines for the design, adjustment and operation of models for the study of river sedimentation problems. Appendix C, Checklist for model design and operation",Q6,1
https://openalex.org/W2951987814,Reproducible big data science: A case study in continuous FAIRness,Q1,1
https://openalex.org/W2951996733,Calabi–Yau threefolds fibred by high rank lattice polarized K3 surfaces,Q1,1
https://openalex.org/W2952011651,On monopole bubbling contributions to ’t Hooft loops,Q1,1
https://openalex.org/W2952152744,Comprehensive benchmarking and ensemble approaches for metagenomic classifiers,Q1,1
https://openalex.org/W2952285387,The CoLoMoTo Interactive Notebook: Accessible and Reproducible Computational Analyses for Qualitative Biological Networks,Q1,1
https://openalex.org/W2952768760,Practical Computational Reproducibility in the Life Sciences,Q1,1
https://openalex.org/W2952845679,A cloud-based workflow to quantify transcript-expression levels in public cancer compendia,Q1,1
https://openalex.org/W2953025047,Open collaborative writing with Manubot,Q1,1
https://openalex.org/W2953114765,(Higgs) vacuum decay during inflation,Q1,1
https://openalex.org/W2953327471,Quantitative assessment of cell fate decision between autophagy and apoptosis,Q1,1
https://openalex.org/W2953604422,Integrated modeling of injection pultrusion,Q1,1
https://openalex.org/W2953837526,Bagging Improves Reproducibility of Functional Parcellation of the Human Brain,Q1,1
https://openalex.org/W2953849708,The reproducibility of psychiatric evaluations of work disability: two reliability and agreement studies,Q2,1
https://openalex.org/W2953888574,Lessons learnt from two decades of graduate tracer research: Recommendations for the South African context,"Q2, Q13",2
https://openalex.org/W2953983555,The application of rapid prototyping in facial surgeries: a series of case studies,Q1,1
https://openalex.org/W2954151736,Green Stimuli Characteristics and Green Self-Identity Towards Ethically Minded Consumption Behavior with Special Reference to Mediating Effect of Positive and Negative Emotions,"Q1, Q7, Q8, Q10, Q15",5
https://openalex.org/W2954243941,Evolving the Physical Global Ocean Observing System for Research and Application Services Through International Coordination,Q6,1
https://openalex.org/W2954333374,uap: Reproducible and Robust HTS Data Analysis,Q1,1
https://openalex.org/W2954648894,Reproducible Publications at AGILE Conferences,Q1,1
https://openalex.org/W2954671756,The Climate Data Toolbox for MATLAB,Q1,1
https://openalex.org/W2954672990,Reproducibility Verification of Ship Propulsion System Model: The ship propulsion simulation models’ reproducibility in python,Q6,1
https://openalex.org/W2954918756,Synthesis and characterization of Titanium Nitride Nanowires for neural-electrode coatings for improving electrode/neuron interface in the brain,Q6,1
https://openalex.org/W2954977780,Reproducible Tract Profiles (RTP): from diffusion MRI acquisition to publication,Q1,1
https://openalex.org/W2954984135,Bayesian-Maximum-Entropy reweighting of IDP ensembles based on NMR chemical shifts,Q1,1
https://openalex.org/W2955296313,Advances and challenges in single-molecule electron transport,Q1,1
https://openalex.org/W2955573656,Sharing interoperable workflow provenance: A review of best practices and their practical application in CWLProv,"Q1, Q4, Q7",3
https://openalex.org/W2955703013,FAIR Computational Workflows,"Q1, Q8, Q15",3
https://openalex.org/W2955897844,Inhaled alprazolam rapidly suppresses epileptic activity in photosensitive participants,Q2,1
https://openalex.org/W2956338879,Wilson lines in higher-spin theory and correlation functions of conserved currents for free conformal fields,Q1,1
https://openalex.org/W2957217246,Effects of boric acid on the generation of hydrogen by aluminum-containing hydrocompounds with chemical activating agents,Q1,1
https://openalex.org/W2957422094,Update on Development of Guidance Document(s) for Consistent Reporting of ‘Omics Data From Various Sources,Q1,1
https://openalex.org/W2958409850,Metabolic Alterations Present in Obesity and Correlation withNon-Alcoholic Fatty Liver Disease (NAFLD),Q2,1
https://openalex.org/W2960786101,Science and Social Media,Q1,1
https://openalex.org/W2960947394,Task Scheduling in Data Stream Processing Systems,Q1,1
https://openalex.org/W2960995200,Update on Development of Guidance Document(s) for Consistent Reporting of ‘Omics Data From Various Sources (OECD EAGMST),Q1,1
https://openalex.org/W2962191739,Semi-analytic methods for the large-scale structure of the universe: improved time renormalization group and the BAO extractor operator,Q1,1
https://openalex.org/W2962215922,"Synthesis, photophysical evaluation, and computational study of 2-methoxy- and 2-morpholino pyridine compounds as highly emissive fluorophores in solution and the solid state",Q1,1
https://openalex.org/W2962540021,Electronic Properties of Electron-Deficient Zn(II) Porphyrins for HBr Splitting,Q1,1
https://openalex.org/W2962793601,Quantitative and qualitative evaluation of spirometry for COPD screening in general practice,Q2,1
https://openalex.org/W2962923812,Promoting Access to Safe Abortion Care for Women of All Ages: A Review of National Guidance on Abortion Care for Young Women in Sub-Saharan Africa,Q3,1
https://openalex.org/W2963307108,Dynamic Evaluation Method of Lower Limb Joint Alignment with Parallel Feet (MADAAMI-P): Content validation and Reproducibility,Q6,1
https://openalex.org/W2963587874,Review of the Transition From Smouldering to Flaming Combustion in Wildfires,Q1,1
https://openalex.org/W2963841776,Boutiques: a flexible framework for automated application integration in\n computing platforms,Q1,1
https://openalex.org/W2964114344,Docker4Circ: A Framework for the Reproducible Characterization of circRNAs from RNA-Seq Data,"Q1, Q4",2
https://openalex.org/W2964135404,Diagnostic Performance of <sup>18</sup>F-FDG PET/CT in Infectious and Inflammatory Diseases according to Published Meta-Analyses,Q2,1
https://openalex.org/W2964394604,Engineering of nano-bio interfaces towards the development of portable biosensors,Q1,1
https://openalex.org/W2964876214,Staged deployment of interactive multi-application HPC workflows,Q1,1
https://openalex.org/W2964910685,Training report on hospital pharmacy,Q4,1
https://openalex.org/W2964966717,Facilitating reproducible project management and manuscript development in team science: The projects R package,Q1,1
https://openalex.org/W2965031827,Evaluating the extremely elderly at a pulmonary function clinic for the diagnosis of respiratory disease: frequency and technical quality of spirometry,Q2,1
https://openalex.org/W2965049077,AMEND: Open Source and Data-Driven Oversight of Water Quality in New England,"Q1, Q7, Q8, Q9, Q15",5
https://openalex.org/W2965056509,Idioms and Idiotisms: Theodore Thass-Thienemann’s The Interpretation of Language and Spectral Inheritance,"Q1, Q10",2
https://openalex.org/W2965685441,Color Crafting: Automating the Construction of Designer Quality Color Ramps,Q6,1
https://openalex.org/W2966014490,Reproducible Hydrological Modeling with CyberGIS-Jupyter,Q1,1
https://openalex.org/W2966025184,Increasing value in biomedical research – The QUEST Center at the Berlin Institute of Health.,"Q1, Q7",2
https://openalex.org/W2966179130,Investigating non-anthropocentric approaches to human-animal interactions in science: towards improved welfare of animals used in wildlife research,Q1,1
https://openalex.org/W2966251571,The human canonical core histone catalogue,Q1,1
https://openalex.org/W2966274183,Have we achieved adequate recommendations for target volume definitions in anal cancer? A PET imaging based patterns of failure analysis in the context of established contouring guidelines,Q2,1
https://openalex.org/W2966293708,Exhibiting Uncertainty: Visualizing Data Quality Indicators for Cultural Collections,Q6,1
https://openalex.org/W2966425278,FDG PET imaging in large vessel vasculitis: Stuck at the first hurdle?,Q2,1
https://openalex.org/W2966795807,Workshop - Preparing code and data for computationally reproducible collaboration and publication: A hands-on workshop for researchers,Q1,1
https://openalex.org/W2966861731,On the evaluation of research software: the CDUR procedure,"Q1, Q7, Q8",3
https://openalex.org/W2966974422,Requirements Analysis on Hypotheses in Simulation,Q6,1
https://openalex.org/W2967190429,Two real use cases of FAIR maturity indicators in the life sciences,Q1,1
https://openalex.org/W2967324615,Towards Replication in Computational Cognitive Modeling: a Machine Learning Perspective,Q4,1
https://openalex.org/W2967800024,Reproducibility and transparency characteristics of oncology research evidence,"Q1, Q7, Q8",3
https://openalex.org/W2968111631,Hypothesis-Driven Simulation Studies,Q6,1
https://openalex.org/W2968145035,Introduction to the Best Papers of the ACM Multimedia Systems (MMSys) Conference 2018 and the ACM Workshop on Network and Operating System Support for Digital Audio and Video (NOSSDAV) 2018 and the International Workshop on Mixed and Virtual Environment Systems (MMVE) 2018,Q5,1
https://openalex.org/W2968389488,Applications of PEDOT in Bioelectronic Medicine,Q2,1
https://openalex.org/W2968591153,Transcriptome computational workbench (TCW): analysis of single and comparative transcriptomes,Q1,1
https://openalex.org/W2968820167,Case Study: Supply Chain Management,Q6,1
https://openalex.org/W2968825938,Preparing Code and Data for Computational Reproducibility,Q1,1
https://openalex.org/W2968984282,Using the HTRC Data Capsule Model to Promote Reuse and Evolution of Experimental Analysis of Digital Library Data: A Case Study of Topic Modeling,Q1,1
https://openalex.org/W2969044820,TIRA Integrated Research Architecture,Q4,1
https://openalex.org/W2969108425,Mechanochemical Regulation of Epithelial Tissue Remodeling: A Multiscale Computational Model of the Epithelial-Mesenchymal Transition Program,Q1,1
https://openalex.org/W2969678432,R Code and Output Supporting: Computational reproducibility in The Wildlife Society's flagship journals,Q1,1
https://openalex.org/W2969681245,Salivary Gland Hypofunction and Xerostomia in Head and Neck Radiation Patients,Q2,1
https://openalex.org/W2969792572,containerit: Generating Dockerfiles for reproducible research with R,Q1,1
https://openalex.org/W2970220395,Reproducibility dataset for a large experimental survey on word embeddings and ontology-based methods for word similarity,Q1,1
https://openalex.org/W2970223305,"Geographical variation in Eurasian red squirrel (Sciurus vulgaris L., 1758) mandibles and the issue of subspecies-level organization: a failure of history?",Q2,1
https://openalex.org/W2970283086,Show Your Work: Improved Reporting of Experimental Results,Q3,1
https://openalex.org/W2970509049,Eight grand challenges in socio-environmental systems modeling,"Q1, Q7, Q8, Q14, Q15",5
https://openalex.org/W2970811901,Control Structure Determination of Bilateral System based on Reproducibility and Operationality,Q1,1
https://openalex.org/W2970945900,Novel computational model of gastrula morphogenesis to identify spatial discriminator genes by self-organizing map (SOM) clustering,Q1,1
https://openalex.org/W2971312571,"Describing and analyzing landscape patterns: where are we now, and where are we going?","Q1, Q7",2
https://openalex.org/W2971322524,An overview of the NFAIS 2019 Annual Conference: Creating strategic solutions in a technology-driven marketplace,Q6,1
https://openalex.org/W2971384141,Creating reproducible pharmacogenomic analysis pipelines,Q1,1
https://openalex.org/W2971436573,Characterization of Early Indicators of Cardiac Allograft Vasculopathy Lesions in a Rat Model Using Non-Invasive Cellular MR,Q1,1
https://openalex.org/W2971822684,AGILE Reproducible Paper Guidelines,Q1,1
https://openalex.org/W2971875153,"Genotyping test based on viral DNA, RNA or both as a management option for high-risk human papillomavirus positive women: a cross sectional study",Q2,1
https://openalex.org/W2971877487,rCASC: reproducible classification analysis of single-cell sequencing data,Q1,1
https://openalex.org/W2972341302,"Exploring Avenues in Synthetic Methodology: Novel Approaches to Organoselenium and Organofluorine Chemistry, and Greener Methods for Oxidation and Amidation",Q1,1
https://openalex.org/W2972401690,"FAT Forensics: A Python toolbox for algorithmic fairness, accountability and transparency",Q5,1
https://openalex.org/W2972479919,Improving the diagnosis and classification of Ph-negative myeloproliferative neoplasms through deep phenotyping,Q2,1
https://openalex.org/W2972512496,First operation of the KATRIN experiment with tritium,Q4,1
https://openalex.org/W2972528206,Reproducibility Certification in Economics Research,"Q1, Q7",2
https://openalex.org/W2972700488,Domain-inspired machine learning for hypothesis extraction in biological data,"Q1, Q8, Q10",3
https://openalex.org/W2972757226,Evidence map of crop diversification strategies at the global scale,"Q2, Q12",2
https://openalex.org/W2972770791,kinfitr: Reproducible PET Pharmacokinetic Modelling in R,Q1,1
https://openalex.org/W2973093011,Successes and Struggles with Computational Reproducibility: Lessons from the Fragile Families Challenge,Q1,1
https://openalex.org/W2973648971,Floating-point profiling of ACTS using Verrou,Q1,1
https://openalex.org/W2973748343,Bayesian-Maximum-Entropy Reweighting of IDP Ensembles Based on NMR Chemical Shifts,Q1,1
https://openalex.org/W2974145842,"Merchants of War: Mercenaries, Economy, and Society in the Late Sixteenth-century Baltic",Q2,1
https://openalex.org/W2974245377,Les études portant sur les bases de données médico-administratives sont-elles reproductibles ?,Q1,1
https://openalex.org/W2976412391,Tximeta: reference sequence checksums for provenance identification in RNA-seq,Q1,1
https://openalex.org/W2976435856,COPO: a metadata platform for brokering FAIR data in the life sciences,Q1,1
https://openalex.org/W2976762373,Encouraging Reproducibility in Scientific Research of the Internet (Dagstuhl Seminar 18412),"Q2, Q12, Q13",3
https://openalex.org/W2976989533,Evaluation of Reproducibility in Urology Publications,"Q1, Q8",2
https://openalex.org/W2977341319,Provenance Tracking in the LHCb Software,Q1,1
https://openalex.org/W2977462684,"Analytical validation of the Target Selector ctDNA platform featuring single copy detection sensitivity for clinically actionable EGFR, BRAF, and KRAS mutations","Q2, Q12",2
https://openalex.org/W2977494404,Optimizing the Energy Usage and Cognitive Value of Extreme-Scale Data-Analysis Approaches (Final Report),Q6,1
https://openalex.org/W2977738392,Transparent and Reproducible Research Practices in the Surgical Literature,Q4,1
https://openalex.org/W2977792746,Discordant bioinformatic predictions of antimicrobial resistance from whole-genome sequencing data of bacterial isolates: An inter-laboratory study,"Q1, Q15",2
https://openalex.org/W2977841270,Investigating metal oxides for C1 chemistry : a computational and experimental study,Q1,1
https://openalex.org/W2978605096,SUSY localization for Coulomb branch operators in omega-deformed 3d N=4 gauge theories,Q1,1
https://openalex.org/W2978622998,Electrochemical sensor using gold nanoparticles and plasma pretreated graphene based on the complexes of calcium and Troponin C to detect Ca2+ in meat,Q6,1
https://openalex.org/W2978932561,"Reproducible Research in Geoinformatics: Concepts, Challenges and Benefits (Vision Paper)","Q1, Q7",2
https://openalex.org/W2978966952,Physical activity and asthma development in childhood: Prospective birth cohort study,Q2,1
https://openalex.org/W2979253248,On the security aspects of Internet of Things: A systematic literature review,Q6,1
https://openalex.org/W2979268302,Identifying the start of a platelet aggregate by the shear rate and the cell-depleted layer,Q1,1
https://openalex.org/W2979358031,Software Sustainability: A Systematic Literature Review and Comprehensive Analysis,Q4,1
https://openalex.org/W2979359014,Development and Validation of a Structure-Based Computational Method for the Prediction of Protein Specificity Profiles,Q1,1
https://openalex.org/W2979855176,Creating and sharing reproducible research code the workflowr way,Q1,1
https://openalex.org/W2980334670,Valores de referência para a difusão do monóxido de carbono (fator de transferência) em uma amostra brasileira da raça branca,Q2,1
https://openalex.org/W2980344781,SUBDIVIDE AND CONQUER Active Contours and Surfaces for Biomedical Image Segmentation,Q2,1
https://openalex.org/W2980459791,SPIROMETRY IN MECHANICALLY VENTILATED WESTERN LOWLAND GORILLAS (GORILLA GORILLA GORILLA),Q2,1
https://openalex.org/W2980475745,<i>Phenomenal</i> : An automatic open source library for 3D shoot architecture reconstruction and analysis for image-based plant phenotyping,Q1,1
https://openalex.org/W2980527809,Constructing freshness: the vitality of wet markets in urban China,Q2,1
https://openalex.org/W2980585068,The role of replication studies in ecology,"Q1, Q7, Q8, Q10",4
https://openalex.org/W2981156674,Toward computational reproducibility: A doctoral student's story of passing the baton,Q1,1
https://openalex.org/W2981297133,House of cards: cultural taxonomy and the study of the European Upper Palaeolithic,Q1,1
https://openalex.org/W2981310185,A Review on Blockchain Technology and Blockchain Projects Fostering Open Science,Q6,1
https://openalex.org/W2981425016,Reproducible Experiments on Adaptive Discriminative Region Discovery for Scene Recognition,Q1,1
https://openalex.org/W2981551915,Extensive Exposure to Tear Gases in Ankara,"Q2, Q13",2
https://openalex.org/W2982049793,The Reproducibility Initiative,"Q1, Q5",2
https://openalex.org/W2982198213,Strong evidence of an information-theoretical conservation principle linking all discrete systems,Q1,1
https://openalex.org/W2982301720,Nextflow Integration For The Research Object Specification,Q2,1
https://openalex.org/W2982401550,Holography for tensor models,Q1,1
https://openalex.org/W2982442164,Reproducing Scientific Experiment with Cloud DevOps,Q1,1
https://openalex.org/W2982482017,A multi-omics digital research object for the genetics of sleep regulation,Q1,1
https://openalex.org/W2982563203,Measuring the Global Recursive DNS Infrastructure: A View From the Edge,Q4,1
https://openalex.org/W2982620962,The Reproducible Document Stack Reinvents The Journal Publication For A World Of Computationally Reproducible Research,Q1,1
https://openalex.org/W2983103708,A Reproducibility Workshop Series for Biomedical Researchers,Q4,1
https://openalex.org/W2983366577,A Case Report: Building communities with training and resources for Open Science trainers,"Q1, Q8",2
https://openalex.org/W2983708498,Growing the FAIR Community at the Intersection of the Geosciences and Pure and Applied Chemistry,Q1,1
https://openalex.org/W2983731546,Development of electronic kit for respiratory for detecting asthma,Q2,1
https://openalex.org/W2984017732,On genus one mirror symmetry in higher dimensions and the BCOV conjectures,Q1,1
https://openalex.org/W2984104974,Mangrove soil as a source for novel xylanase and amylase as determined by cultivation-dependent and cultivation-independent methods,Q4,1
https://openalex.org/W2984602366,HiCeekR: A Novel Shiny App for Hi-C Data Analysis,Q1,1
https://openalex.org/W2984916588,Computational Reproducibility via Containers in Psychology,"Q1, Q7, Q8, Q9, Q10",5
https://openalex.org/W2986410778,"annoFuse: an R Package to annotate, prioritize, and interactively explore putative oncogenic RNA fusions",Q1,1
https://openalex.org/W2986442203,<i>In silico</i> and <i>In vitro</i> Investigations of Antihelmintic Activities of some Selected Approved Drugs,Q1,1
https://openalex.org/W2986472857,Decision letter: Four erroneous beliefs thwarting more trustworthy research,"Q1, Q15",2
https://openalex.org/W2986518719,Veridical data science,"Q1, Q8",2
https://openalex.org/W2986567530,"Chronic bronchitis without airflow obstruction, asthma and rhinitis are differently associated with cardiovascular risk factors and diseases",Q2,1
https://openalex.org/W2986622886,An Analysis for Key Indicators of Reproducibility in Radiology,"Q1, Q8",2
https://openalex.org/W2986916717,&lt;p&gt;Risk Stratification Of Diffuse Large B-Cell Lymphoma With Interim PET/CT By Combining Deauville Scores And International Prognostic Index&lt;/p&gt;,Q2,1
https://openalex.org/W2987170280,A SOCIO-TECHNICAL PERSPECTIVE ON REPRODUCIBILITY IN RESEARCH DATA MANAGEMENT,"Q1, Q8, Q10",3
https://openalex.org/W2987640651,Diagnostic performance of FDG PET in large vessel vasculitis,Q2,1
https://openalex.org/W2988102712,Playing Well on the Data FAIRground: Initiatives and Infrastructure in Research Data Management,Q1,1
https://openalex.org/W2988699795,Uses and Reuses of Scientific Data: The Data Creators’ Advantage,"Q1, Q7, Q8, Q10, Q11",5
https://openalex.org/W2988833907,Performance optimality or reproducibility,Q1,1
https://openalex.org/W2989010387,"Stop, Collaborate, and Listen: Working Together to Enhance a Scientific System Under Pressure",Q1,1
https://openalex.org/W2989858954,A new workflow combining R packages for statistical analysis of metabolites,Q4,1
https://openalex.org/W2989964077,Development of a Core Outcome Set for Use in Research Evaluations of Interventions Used for Venous Leg Ulceration,Q2,1
https://openalex.org/W2990039632,Revisiting Deep Architectures for Head Motion Prediction in 360° Videos,Q5,1
https://openalex.org/W2990906976,Numerical Simulation of a Pouring Flow From a Beverage Can,Q1,1
https://openalex.org/W2991005414,Assessing the impact of workers’ prior experience of lung function testing and potential effects on future testing,Q2,1
https://openalex.org/W2991385939,Untargeted Metabolite Profiling for Screening Bioactive Compounds in Digestate of Manure under Anaerobic Digestion,Q2,1
https://openalex.org/W2991412236,Metal acetylacetonates and their properties,Q6,1
https://openalex.org/W2991483404,Modeling population heterogeneity from microbial communities to immune response in cells,Q1,1
https://openalex.org/W2991821398,Proposal for Systemic-Therapy Response-Assessment Criteria at the Time of PSMA PET/CT Imaging: The PSMA PET Progression Criteria,Q2,1
https://openalex.org/W2992218881,Using Compact Proton Nuclear Magnetic Resonance at 80 MHz and Vibrational Spectroscopies and Data Fusion for Research Octane Number and Gasoline Additive Determination,Q2,1
https://openalex.org/W2992408700,Bioinformatics Workflows With NoSQL Database in Cloud Computing,Q4,1
https://openalex.org/W2993317305,Has the time come for de-escalation in the management of oropharyngeal carcinoma?,Q2,1
https://openalex.org/W2993358184,Phonon Lifetimes throughout the Brillouin Zone at Elevated Temperatures from Experiment and<i>Ab Initio</i>,Q1,1
https://openalex.org/W2993439975,On normalizers of maximal tori in classical Lie groups,Q1,1
https://openalex.org/W2994894588,Territoriality and the organization of technology during the Last Glacial Maximum in southwestern Europe,"Q1, Q7",2
https://openalex.org/W2994925730,Thermal Conductivity of Superfluid $$^3$$He-B in a Tubular Channel Down to 0.1$$T_\mathrm{c}$$ at the $$^{4}$$He Crystallization Pressure,Q1,1
https://openalex.org/W2994998196,Saving Data Journalism: Using ReproZip-Web to Capture Dynamic Websites for Future Reuse,Q1,1
https://openalex.org/W2995024011,Clinical and functional correlations of the difference between slow vital capacity and FVC,Q2,1
https://openalex.org/W2995262684,A Reproducible Data Analysis Workflow,"Q1, Q8",2
https://openalex.org/W2995402973,Accessible and reproducible mass spectrometry imaging data analysis in Galaxy,Q1,1
https://openalex.org/W2995432463,Foster thy young: Enhanced prediction of orphan genes in assembled genomes,Q1,1
https://openalex.org/W2995747746,uap: reproducible and robust HTS data analysis,Q1,1
https://openalex.org/W2995757728,Editorial: AI for Data Discovery and Reuse,Q1,1
https://openalex.org/W2996075061,"Is there an association between the value of forced expiratory volume in the 1st second, the Asthma Control Test and a Control Framework by Global Initiative for asthma in asthmatic children and adolescents treated with inhaled corticosteroids?",Q2,1
https://openalex.org/W2996538026,Ultrafast spectral hole burning reveals the distinct chromophores in eumelanin and their common photoresponse,Q1,1
https://openalex.org/W2996747895,"BOSC 2021, the 22nd Annual Bioinformatics Open Source Conference",Q1,1
https://openalex.org/W2997741539,Towards Legal Interoperability in International Health Research,Q1,1
https://openalex.org/W2997893946,Determination of bisphenol a in baby bottles and drinking containers by high liquid chromatography,Q2,1
https://openalex.org/W2998106009,Do oncology researchers adhere to reproducible and transparent principles? A cross-sectional survey of published oncology literature,"Q1, Q7, Q8",3
https://openalex.org/W2998353253,Let There Be Light: Revealing Hidden MPLS Tunnels With TNT,Q6,1
https://openalex.org/W2998770872,Spatial Agent-Based Modelling,"Q1, Q7, Q8, Q10",4
https://openalex.org/W2999367073,A validation framework for neuroimaging software: the case of population receptive fields,Q1,1
https://openalex.org/W2999412786,Liquid–solid two-phase jet in a turbulent crossflow: Experiments and simulations,Q6,1
https://openalex.org/W2999658259,Adipose Tissue (2018-9),Q1,1
https://openalex.org/W2999710481,Lipschitz Lifelong Reinforcement Learning,Q3,1
https://openalex.org/W2999794056,Beyond ecosystem modeling: A roadmap to community cyberinfrastructure for ecological data‐model integration,Q1,1
https://openalex.org/W3000072081,MOMSO 1.0 – an eddying Southern Ocean model configuration with fairly equilibrated natural carbon,Q1,1
https://openalex.org/W3000248568,Erratum: Evidence map of crop diversification strategies at the global scale (2019 Environ. Res. Lett. 14 123001),"Q2, Q12",2
https://openalex.org/W3000389370,"Rigor and Transparency Index, a new metric of quality for assessing biological and medical science methods",Q2,1
https://openalex.org/W3000864730,"A standardized head-fixation system for performing large-scale, <i>in vivo</i> physiological recordings in mice",Q4,1
https://openalex.org/W3001306809,How Many Streamlines are Required for Reliable Probabilistic Tractography? Solutions for Microstructural Measurements and Neurosurgical Planning,Q2,1
https://openalex.org/W3002053146,pyKNEEr: An image analysis workflow for open and reproducible research on femoral knee cartilage,Q1,1
https://openalex.org/W3002764359,Model Reuse with Reduced Kernel Mean Embedding Specification,Q1,1
https://openalex.org/W3002885741,Gap-enhanced Raman tags for physically unclonable anticounterfeiting labels,Q6,1
https://openalex.org/W3003155052,Trueness and precision of intraoral scanners in the maxillary dental arch: an in vivo analysis,Q6,1
https://openalex.org/W3003248861,"High pressure phase equilibria of the system CO2 + N-dodecane + 3,7-dimethyl-1-octanol + 1-decanol",Q6,1
https://openalex.org/W3003350993,Protocol for a reproducible circRNA analysis using Docker4Circ v4,Q1,1
https://openalex.org/W3003586741,The Rockerverse: Packages and Applications for Containerisation with R,"Q1, Q7, Q9",3
https://openalex.org/W3003802890,Chronic obstructive pulmonary disease (COPD) in Spain and the different aspects of its social impact: a multidisciplinary opinion document,"Q2, Q12",2
https://openalex.org/W3004030613,Modified BODE Index to Predict Mortality in Individuals With COPD: The Role of 4-Min Step Test,Q2,1
https://openalex.org/W3004379405,Research reliability must improve,Q1,1
https://openalex.org/W3004469174,A Guide to Reproducible Code in Ecology and Evolution,Q1,1
https://openalex.org/W3004866981,Optimization of Human Performance,Q1,1
https://openalex.org/W3005087874,Prospects and challenges of multi-omics data integration in toxicology,Q1,1
https://openalex.org/W3005363107,"BMBF-project PsyCuraDat: Expert interviews (Metadata in Psychology 1.0: What researchers really need), interview transcripts and data file version 1.0.0",Q1,1
https://openalex.org/W3005544896,Time-lapse ground penetrating radar difference reflection imaging of saline tracer flow in fractured rock,Q4,1
https://openalex.org/W3006197067,Predicting trends in the quality of state-of-the-art neural networks without access to training or testing data,Q6,1
https://openalex.org/W3006279055,Removing Cardiac Artifacts From Single-Channel Respiratory Electromyograms,Q1,1
https://openalex.org/W3006289070,Open Science principles for accelerating trait-based science across the Tree of Life,"Q1, Q7",2
https://openalex.org/W3006303998,Desmoplastic Trichoepithelioma: An Uncommon but Diagnostically Problematic Benign Adnexal Tumor.,Q2,1
https://openalex.org/W3006471963,"Rclean: A Tool for Writing Cleaner, More Transparent Code",Q1,1
https://openalex.org/W3006542564,MicroExonator enables systematic discovery and quantification of microexons across mouse embryonic development,Q1,1
https://openalex.org/W3006736802,Leveraging Container Technologies in a GIScience Project: A Perspective from Open Reproducible Research,"Q1, Q7, Q8",3
https://openalex.org/W3007159906,Kinfitr – an open source tool for reproducible PET modelling: validation and evaluation of test-retest reliability,Q1,1
https://openalex.org/W3007273059,Tximeta: Reference sequence checksums for provenance identification in RNA-seq,Q1,1
https://openalex.org/W3007283024,Geoweaver: Advanced Cyberinfrastructure for Managing Hybrid Geoscientific AI Workflows,Q1,1
https://openalex.org/W3008000555,Analysis of Open Data and Computational Reproducibility in Registered Reports in Psychology,Q1,1
https://openalex.org/W3008608879,Data discovery and the role of academic institutional data repositories,Q1,1
https://openalex.org/W3008883159,Automatic classification of constitutive and non-constitutive metabolites with gcProfileMakeR,Q2,1
https://openalex.org/W3009010592,How many streamlines are required for reliable probabilistic tractography? Solutions for microstructural measurements and neurosurgical planning,Q2,1
https://openalex.org/W3009066048,NLO massive event-shape differential and cumulative distributions,Q1,1
https://openalex.org/W3009081239,pyrpipe: a python package for RNA-Seq workflows,Q1,1
https://openalex.org/W3009742511,Assessing the impact of introductory programming workshops on the computational reproducibility of biomedical workflows,"Q1, Q3, Q8",3
https://openalex.org/W3009833338,Reproducible Software Environment: a tool enabling computational reproducibility in geospace sciences and facilitating collaboration,Q1,1
https://openalex.org/W3009901339,Computer-Assisted Screening for Cervical Cancer Using Digital Image Processing of Pap Smear Images,Q2,1
https://openalex.org/W3010030365,Hodgkin’s Lymphoma- a Review: Future Directions in the Era of Targeted Therapy,Q2,1
https://openalex.org/W3010119903,Fabrication and optimization of nanocube mixed halide perovskite films for solar cell application,Q6,1
https://openalex.org/W3010581153,Use of the Aptima mRNA high-risk human papillomavirus (HR-HPV) assay compared to a DNA HR-HPV assay in the English cervical screening programme: a decision tree model based economic evaluation,Q2,1
https://openalex.org/W3010589420,Implementing W2Share: Supporting Reproducibility and Quality Assessment in eScience,"Q1, Q15",2
https://openalex.org/W3010891636,Towards CRISP-ML(Q): A Machine Learning Process Model with Quality Assurance Methodology,Q3,1
https://openalex.org/W3010957348,The quality and variation of spirometry reads for testing lung function in children in sub Saharan Africa,Q2,1
https://openalex.org/W3011035825,Thyroid FNA: Is cytopathologist review of ultrasound features useful?,Q2,1
https://openalex.org/W3011243144,A synthetic dataset primer for the biobehavioural sciences to promote reproducibility and hypothesis generation,Q1,1
https://openalex.org/W3011682378,Geographic Disparity in Machine Intelligence Approaches for Archaeological Remote Sensing Research,"Q1, Q8",2
https://openalex.org/W3011732012,Noncovalent interactions in crowded olefinic radical cations,Q1,1
https://openalex.org/W3012336773,Computational Reproducibility in The Wildlife Society's Flagship Journals,"Q1, Q2, Q7, Q12",4
https://openalex.org/W3012376320,"Assessing the state of research data publication in hydrology: A perspective from the Consortium of Universities for the Advancement of Hydrologic Science, Incorporated","Q1, Q8",2
https://openalex.org/W3012550223,Application of BagIt-Serialized Research Object Bundles for Packaging and Re-Execution of Computational Analyses,Q1,1
https://openalex.org/W3012949183,The role of middle management in achieving continuous improvement: a demanding playing field,Q2,1
https://openalex.org/W3013138931,Human Visual Acuity in Analysis of Intervention in the Landscape of Coxilha Rica/Brazil,Q2,1
https://openalex.org/W3013190032,Dietary flavonoids and respiratory diseases: a population-based multi-case–control study in Italian adults,Q2,1
https://openalex.org/W3013347128,Born to fail: flaws in replication design produce intended results,Q1,1
https://openalex.org/W3013514696,Development of Quality Assurance and Quality Control Guidelines for Respiratory Oscillometry in Clinic Studies,Q2,1
https://openalex.org/W3013641859,Opening the Door to Registered Reports: Census of Journals Publishing Registered Reports (2013 - 2020),"Q1, Q7, Q8, Q9",4
https://openalex.org/W3013688454,Improving Reproducibility in Machine Learning Research (A Report from the NeurIPS 2019 Reproducibility Program),Q3,1
https://openalex.org/W3013871114,Improving your statistical questions (MOOC),Q1,1
https://openalex.org/W3013918064,Assessment of Histopathological Parameters Useful in the Diagnosis of Low Grade Non-Invasive Urothelial Carcinomas.,Q2,1
https://openalex.org/W3013926312,What is replication?,"Q1, Q8, Q10",3
https://openalex.org/W3013954280,Towards reproducible computational drug discovery,Q1,1
https://openalex.org/W3014050314,Journal data policies: Exploring how the understanding of editors and authors corresponds to the policies themselves,"Q1, Q8, Q9",3
https://openalex.org/W3014077414,Guix-HPC Activity Report 2017–2018,Q1,1
https://openalex.org/W3014143626,"Effects of Inspiratory Load on Chest Wall Kinematics, Breathing Pattern, and Respiratory Muscle Activity of Mouth-Breathing Children",Q2,1
https://openalex.org/W3014157798,ShinyLearner: A containerized benchmarking tool for machine-learning classification of tabular data,Q1,1
https://openalex.org/W3014506269,Gonadal sex and animal experimentation: Perfection vs. 3R principle?,Q1,1
https://openalex.org/W3014700958,Quantum computation solves a half-century-old enigma: Elusive vibrational states of magnesium dimer found,Q1,1
https://openalex.org/W3015112119,Laniakea: an open solution to provide Galaxy “on-demand” instances over heterogeneous cloud infrastructures,Q1,1
https://openalex.org/W3015196919,IDseq – An Open Source Cloud-based Pipeline and Analysis Service for Metagenomic Pathogen Detection and Monitoring,Q1,1
https://openalex.org/W3016532637,Broadening the scope of evaluation,Q2,1
https://openalex.org/W3017377412,"Digital transformation: a review, synthesis and opportunities for future research","Q2, Q12, Q13",3
https://openalex.org/W3017523899,"Effect of Particulate Matter Exposure on Respiratory Health of e-Waste Workers at Agbogbloshie, Accra, Ghana",Q2,1
https://openalex.org/W3017543871,"An open, scalable, and flexible framework for automated aerial measurement of field experiments",Q1,1
https://openalex.org/W3017779903,Quantifying the Contextualization of Word Representations with Semantic Class Probing,Q3,1
https://openalex.org/W3018549267,Cohort profile: The Chikwawa lung health cohort; a population-based observational non-communicable respiratory disease study in Malawi,Q2,1
https://openalex.org/W3020268419,Masking as an Efficient Alternative to Finetuning for Pretrained Language Models,Q3,1
https://openalex.org/W3020797775,Pentest on Internet of Things Devices,Q6,1
https://openalex.org/W3021070232,Replication and Refinement of an Algorithm for Automated Drusen Segmentation on Optical Coherence Tomography,Q6,1
https://openalex.org/W3021243284,Ad hoc efforts for advancing data science education,"Q1, Q8, Q10",3
https://openalex.org/W3021431566,Toward Enabling Reproducibility for Data-Intensive Research Using the Whole Tale Platform,Q1,1
https://openalex.org/W3021436959,Clinical validation of full genotyping CLART® HPV4S assay on SurePath and ThinPrep collected screening samples according to the international guidelines for human papillomavirus test requirements for cervical screening,Q4,1
https://openalex.org/W3021635989,Novel nano-structured bainitic steels for enhanced durability of wear resistant components: microstructural optimisation through simulative wear and field tests (BAINWEAR),Q4,1
https://openalex.org/W3021793471,Reproducing crystal glass from three 18th‐20th centuries Portuguese glass <i>arcana</i>,Q6,1
https://openalex.org/W3021843014,PANDAcap,Q1,1
https://openalex.org/W3021867741,A clinically significant bronchodilator response in children: how should it be measured?,Q2,1
https://openalex.org/W3021916519,Applied and Computational Mathematics Division:,Q1,1
https://openalex.org/W3022004365,Advancing Computational Reproducibility in the Dataverse Data Repository Platform,"Q1, Q7, Q8, Q9, Q10",5
https://openalex.org/W3022442609,A functional screen of translated pancreatic lncRNAs identifies a microprotein-independent role for <i>LINC00261</i> in endocrine cell differentiation,Q2,1
https://openalex.org/W3022707348,All these Fantastic Cultures? Research History and Regionalization in the Late Palaeolithic Tanged Point Cultures of Eastern Europe,"Q1, Q8",2
https://openalex.org/W3022872734,"Pofatu, a curated and open-access database for geochemical sourcing of archaeological materials","Q1, Q7",2
https://openalex.org/W3023153194,Replicating Machine Learning Experiments in Materials Science,Q1,1
https://openalex.org/W3023375521,What constitutes a “clinically significant” bronchodilator response in children?,Q2,1
https://openalex.org/W3023811136,Documenting Computing Environments for Reproducible Experiments,Q1,1
https://openalex.org/W3024398097,intern: Integrated Toolkit for Extensible and Reproducible Neuroscience,Q6,1
https://openalex.org/W3024859889,Semi-automatic model revision of Boolean regulatory networks: confronting time-series observations with (a)synchronous dynamics,Q1,1
https://openalex.org/W3024974814,Controlled experiments in lithic technology and function,Q1,1
https://openalex.org/W3025571086,The Athena++ Adaptive Mesh Refinement Framework: Design and Magnetohydrodynamic Solvers,Q1,1
https://openalex.org/W3025722139,Three Approaches to Support Reproducible Research,Q1,1
https://openalex.org/W3026113450,Curious Containers: A framework for computational reproducibility in life sciences with support for Deep Learning applications,Q1,1
https://openalex.org/W3027664358,Capturing the Silences in Digital Archaeological Knowledge,Q1,1
https://openalex.org/W3027738788,An analysis of key indicators of reproducibility in radiology,"Q1, Q8",2
https://openalex.org/W3028043083,Mammographic compression practices of force‐ and pressure‐standardisation protocol: A scoping review,Q2,1
https://openalex.org/W3028962110,"Kulla, a container-centric construction model for building infrastructure-agnostic distributed and parallel applications",Q1,1
https://openalex.org/W3029487651,"Traces of Trauma: A Multivariate Pattern Analysis of Childhood Trauma, Brain Structure, and Clinical Phenotypes",Q1,1
https://openalex.org/W3030506825,MULTI-SPECIES MULTI-PHYSICS MODELING AND VALIDATION OF HYDRODYNAMIC ELECTROCHEMICAL SYSTEM FOR USED NUCLEAR FUEL,Q1,1
https://openalex.org/W3031535739,Computational Modeling of Prefrontal Cortex for Meta-Cognition of a Humanoid Robot,Q1,1
https://openalex.org/W3031592812,<b>webchem</b>: An <i>R</i> Package to Retrieve Chemical Information from the Web,Q1,1
https://openalex.org/W3031988843,"“This perfume makes me sick, but I like it.” Representative survey on health effects associated with fragrances",Q6,1
https://openalex.org/W3032998879,A Novel Approach to Optimize Hot Melt Impregnation in Terms of Amorphization Efficiency,"Q1, Q15",2
https://openalex.org/W3033025051,YAP1-MAML2-Rearranged Poroid Squamous Cell Carcinoma (Squamoid Porocarcinoma) Presenting as a Primary Parotid Gland Tumor,Q2,1
https://openalex.org/W3033205288,A single-cell RNA-seq Training and Analysis Suite using the Galaxy Framework,Q1,1
https://openalex.org/W3033408540,COPO: a metadata platform for brokering FAIR data in the life sciences,Q1,1
https://openalex.org/W3033537785,Toward Long-Term and Archivable Reproducibility,"Q1, Q15",2
https://openalex.org/W3033581739,Portability of Scientific Workflows in NGS Data Analysis: A Case Study,"Q1, Q7",2
https://openalex.org/W3033654996,A taxonomy for reproducible and replicable research in environmental modelling,Q1,1
https://openalex.org/W3034169274,Improving Social Science: Lessons from the Open Science Movement,"Q1, Q7, Q8, Q9, Q10",5
https://openalex.org/W3034374347,WORCS: A workflow for open reproducible code in science,"Q1, Q4, Q8",3
https://openalex.org/W3035384127,Neuroscience Cloud Analysis As a Service,"Q1, Q14",2
https://openalex.org/W3035491488,SDCOR: Scalable density-based clustering for local outlier detection in massive-scale datasets,Q5,1
https://openalex.org/W3035555800,CLIOdynamic ARCHaeology: computational approaches to Final Palaeolithic/Early Mesolithic archaeology and climate change,Q1,1
https://openalex.org/W3035566083,POD-Galerkin Projection ROM for the Flow Passing A Rotating Elliptical Airfoil,Q1,1
https://openalex.org/W3035569241,CSWS Research Matters: 2020: (Spring),Q1,1
https://openalex.org/W3035851635,Moving analytical ultracentrifugation software to a good manufacturing practices (GMP) environment,Q2,1
https://openalex.org/W3035921379,Verification Reports: A new article type at Cortex,Q2,1
https://openalex.org/W3035965352,Array programming with NumPy,"Q1, Q15",2
https://openalex.org/W3036424791,Relevance of MRI Biomarkers of Macroscopic and Microscopic Structural Damage to Cognitive Impairment In Multiple Sclerosis.,Q2,1
https://openalex.org/W3036442251,Beyond Open Data: A Model for Linking Digital Artifacts to Enable Reproducibility of Scientific Claims,"Q1, Q5",2
https://openalex.org/W3036461668,Relational Analysis of the Frauchiger–Renner Paradox and Interaction-Free Detection of Records from the Past,Q1,1
https://openalex.org/W3036784196,Evidence-Based PET for Infectious and Inflammatory Diseases,Q2,1
https://openalex.org/W3036856958,No persistent attenuation of fear memories in humans: A registered replication of the reactivation-extinction effect,Q1,1
https://openalex.org/W3037182954,Ventilator-associated Pneumonia,Q2,1
https://openalex.org/W3037699388,A validation framework for neuroimaging software: The case of population receptive fields,Q1,1
https://openalex.org/W3038373902,Crohn’s versus Cancer: Comparison of Functional and Surgical Outcomes after Right-Sided Resections,Q2,1
https://openalex.org/W3039166951,"Reproducibility, preservation, and access to research with ReproZip and ReproServer",Q1,1
https://openalex.org/W3039253852,Reproducibility and Replicability in SAR Remote Sensing,Q5,1
https://openalex.org/W3039661392,Effect of methotrexate use on the development of type 2 diabetes in rheumatoid arthritis patients: A systematic review and meta-analysis,Q3,1
https://openalex.org/W3040417797,Streamlining Data-Intensive Biology With Workflow Systems,Q1,1
https://openalex.org/W3040423307,Experimental and numerical study on liquid pouring from a beverage can,Q1,1
https://openalex.org/W3040640931,A comprehensive compendium of Arabidopsis RNA-seq data,"Q1, Q7",2
https://openalex.org/W3040675612,ARTP statement on pulmonary function testing 2020,Q2,1
https://openalex.org/W3040935211,"Acceleration of catalyst discovery with easy, fast, and reproducible computational alchemy",Q1,1
https://openalex.org/W3041148953,The Computational Limits of Deep Learning,Q3,1
https://openalex.org/W3041188629,Comparison of body composition parameters in the study of the association between body composition and pulmonary function,Q2,1
https://openalex.org/W3041255076,Kinfitr — an open-source tool for reproducible PET modelling: validation and evaluation of test-retest reliability,Q1,1
https://openalex.org/W3041273399,Assessing the impact of introductory programming workshops on the computational reproducibility of biomedical workflows,Q1,1
https://openalex.org/W3041294102,Seven Challenges in the Multiscale Modelling of Multicellular Tissues,Q1,1
https://openalex.org/W3041564586,Structural basis of a shared antibody response to SARS-CoV-2,Q3,1
https://openalex.org/W3041689477,Early posttherapy clearance of human papillomavirus and treatment response in cervical carcinoma,Q2,1
https://openalex.org/W3042172180,Developing Sustainable Open Source Strategies for Research,"Q1, Q10",2
https://openalex.org/W3042520010,LC–MS-Based Lipidomic Analysis of Serum Samples from Spontaneously Hypertensive Rats Treated with an Extract of Acanthopanax sessiliflorus Fruits,Q6,1
https://openalex.org/W3042752940,"Fast, good, and repeatable: Summations, vectorization, and reproducibility",Q1,1
https://openalex.org/W3042819918,Principles for data analysis workflows,Q1,1
https://openalex.org/W3043167642,"Reproducibility: Buy Low, Sell High",Q2,1
https://openalex.org/W3043312454,Picosecond laser-induced photothermal skin damage evaluation by computational clinical trial,Q1,1
https://openalex.org/W3043435374,Superluminal Motion-Assisted Four-Dimensional Light-in-Flight Imaging,Q1,1
https://openalex.org/W3043678487,Influence of feature calculating parameters on the reproducibility of CT radiomic features: a thoracic phantom study,Q2,1
https://openalex.org/W3043775495,Publishing computational research - a review of infrastructures for reproducible and transparent scholarly communication,Q1,1
https://openalex.org/W3044315523,sits.rep: Pesquisa Reprodutível em Classificações de Uso e Cobertura da Terra,Q1,1
https://openalex.org/W3044330085,Simultaneously Self-Inscribed Antisymmetric Long-Period Grating and Antisymmetric Apodized Fiber Bragg Grating in a Dual-Core As$_{2}$Se$_{3}$-PMMA Tapered Fiber,Q1,1
https://openalex.org/W3044396875,Exploring reliability heterogeneity with multiverse analyses: Data processing decisions unpredictably influence measurement reliability,Q1,1
https://openalex.org/W3044964811,Artificial intelligence–based morphological fingerprinting of megakaryocytes: a new tool for assessing disease in MPN patients,Q2,1
https://openalex.org/W3045232455,Flexible Transparent Barrier Applications of Oxide Thin Films Prepared by Photochemical Conversion at Low Temperature and Ambient Pressure,Q2,1
https://openalex.org/W3045473755,Quantifying the reproducibility of scientometric analyses: a case study,"Q1, Q7",2
https://openalex.org/W3045712777,"Prediction, Machine Learning, and Individual Lives: an Interview with Matthew Salganik","Q1, Q8, Q10",3
https://openalex.org/W3045817970,Low availability of code in ecology: A call for urgent action,"Q1, Q7",2
https://openalex.org/W3046130070,Reproducibility improves exponentially over 63 years of social learning research,"Q1, Q7",2
https://openalex.org/W3046184688,The 4D Space-Time Dimensions of Facial Perception,Q1,1
https://openalex.org/W3046273326,Envisioning Tomorrow’s Earth (during a Rather Different Yesterday): Some Highlights of the 2020 AAAS Annual Meeting,"Q1, Q10",2
https://openalex.org/W3046299080,Preparing Code and Data for Computational Reproducibility,Q1,1
https://openalex.org/W3046653450,"Smart Socks and In-Shoe Systems: State-of-the-Art for Two Popular Technologies for Foot Motion Analysis, Sports, and Medical Applications",Q6,1
https://openalex.org/W3047079659,Data preservation in high energy physics,Q1,1
https://openalex.org/W3047132612,AI-enabled future crime,"Q1, Q15",2
https://openalex.org/W3047436900,TREND-DB – A Transcriptome-wide Atlas of the Dynamic Landscape of Alternative Polyadenylation,Q1,1
https://openalex.org/W3047470436,Application of Systems Engineering Principles and Techniques in Biological Big Data Analytics: A Review,Q1,1
https://openalex.org/W3047775749,Opening practice: supporting reproducibility and critical spatial data science,Q5,1
https://openalex.org/W3047780514,Reproducibility in systems biology modelling,Q1,1
https://openalex.org/W3047922604,Direct Numerical Simulations of the Evaporation of Dilute Sprays in Turbulent Swirling Jets,Q1,1
https://openalex.org/W3048579635,Author response: A human ESC-based screen identifies a role for the translated lncRNA LINC00261 in pancreatic endocrine differentiation,Q2,1
https://openalex.org/W3048604355,Reinventing Library Research Support Services at Griffith University,Q4,1
https://openalex.org/W3048676053,acdecom—A Python module for acoustic wave decomposition in flow ducts,Q5,1
https://openalex.org/W3048706066,Estudiando el papel de los neutrófilos polimorfonucleares en la brucelosis,"Q2, Q12",2
https://openalex.org/W3048721492,FAIRSCAPE: A Framework for FAIR and Reproducible Biomedical Analytics,"Q1, Q8, Q10",3
https://openalex.org/W3048802707,Variability and reproducibility in deep learning for medical image segmentation,Q3,1
https://openalex.org/W3049249785,Assessing Overall Reproducibility for Large-scale High-throughput MRI-based Association Studies,Q4,1
https://openalex.org/W3049521357,MRLocus: identifying causal genes mediating a trait through Bayesian estimation of allelic heterogeneity,Q1,1
https://openalex.org/W3049618912,Rectal eversion for direct access to the distal resection margin: do we need another tool in the toolbox of rectal cancer surgery?,Q2,1
https://openalex.org/W3049749509,Evaluation of Home Monitoring for Patients with Cystic Fibrosis: A Feasibility Study,Q2,1
https://openalex.org/W3050464532,A fresh look at an old concept: Home-range estimation in a tidy world,Q1,1
https://openalex.org/W3080220213,Agreement amongst consultant ophthalmologists on levels of visual disability required for eligibility for certificate of sight impairment,Q2,1
https://openalex.org/W3080309540,A Badging System for Reproducibility and Replicability in Remote Sensing Research,Q2,1
https://openalex.org/W3080700573,Reinterpretation of LHC Results for New Physics: Status and recommendations after Run 2,Q4,1
https://openalex.org/W3080721333,Data Science Training Camp at Woods Hole Oceanographic Institution: Syllabus and slide presentations in 2020,Q1,1
https://openalex.org/W3080994967,FAIR digital objects in environmental and life sciences should comprise workflow operation design data and method information for repeatability of study setups and reproducibility of results,Q4,1
https://openalex.org/W3081020615,Grading of Hydronephrosis: An Ongoing Challenge,Q2,1
https://openalex.org/W3082051967,FAIR sharing of molecular visualization experiences: from pictures in the cloud to collaborative virtual reality exploration in immersive 3D environments,Q1,1
https://openalex.org/W3082172382,Validation of an Easy Handling Sample Preparation and Triplex Real Time PCR for Rapid Detection of T. equigenitalis and Other Organisms Associated with Endometritis in Mares,Q6,1
https://openalex.org/W3082334884,"Cellxgene VIP unleashes full power of interactive visualization and integrative analysis of scRNA-seq, spatial transcriptomics, and multiome data",Q1,1
https://openalex.org/W3082645881,Liver biopsy reliability in clinical trials: Thoughts from a liver pathologist,Q2,1
https://openalex.org/W3082931514,Automated Detection of Acute Lymphoblastic Leukemia From Microscopic Images Based on Human Visual Perception,Q2,1
https://openalex.org/W3082957318,Sharing and organizing research products as R packages,Q1,1
https://openalex.org/W3083012738,Abstract 5963: NGS-based murine pan-cancer gene expression panel for immuno-oncology and tumor microenvironment studies,Q6,1
https://openalex.org/W3083327903,"OpenAWSEM with Open3SPN2: a fast, flexible, and accessible framework for large-scale coarse-grained biomolecular simulations",Q1,1
https://openalex.org/W3083348648,A framework for statistical and computational reproducibility in large-scale data analysis projects with a focus on automated forensic bullet evidence comparison,Q1,1
https://openalex.org/W3083441309,Identification of a novel subgroup of endometrial cancer patients with loss of thyroid hormone receptor beta expression and improved survival,Q1,1
https://openalex.org/W3083606284,SPOKES: From experiment to open metadata repository: Computational reproducibility for FAIR translational neuromodulation research in clinical neuroscience.,Q1,1
https://openalex.org/W3083751326,An Ensemble of Psychological and Physical Health Indices Discriminates Between Individuals with Chronic Pain and Healthy Controls with High Reliability: A Machine Learning Study,Q1,1
https://openalex.org/W3083869849,A review of upper urinary tract cytology performance before and after the implementation of The Paris System,Q2,1
https://openalex.org/W3085397179,BCO App: tools for generating BioCompute Objects from next-generation sequencing workflows and computations,Q1,1
https://openalex.org/W3086033974,Floating-point profiling of ACTS using Verrou,Q1,1
https://openalex.org/W3086070205,A Study on a Stopping Strategy for Systematic Reviews Based on a Distributed Effort Approach,Q2,1
https://openalex.org/W3086397924,"Coupling spectral imaging and laboratory analyses to digitally map sediment parameters and stratigraphic layers in Yeha, Ethiopia",Q1,1
https://openalex.org/W3086427282,Reproducibility and Replication of Experimental Particle Physics Results,Q1,1
https://openalex.org/W3086673443,Evaluation of Dynamic Respiratory Mechanical Abnormalities During Conventional CPET,Q2,1
https://openalex.org/W3087182454,Registered Reports at “Quality of Life Research”,Q1,1
https://openalex.org/W3087700560,Clear cell carcinoma of the ovary: a clinical and molecular perspective,Q2,1
https://openalex.org/W3087856688,In-depth analysis of degradation processes in old MSW landfills under different oxygen and water regimes,Q2,1
https://openalex.org/W3087862874,Inborn errors of type I IFN immunity in patients with life-threatening COVID-19,Q3,1
https://openalex.org/W3087964922,The Pauli–Jung Conjecture and Its Relatives: A Formally Augmented Outline,Q2,1
https://openalex.org/W3087979962,Coordinated analysis of exon and intron data reveals novel differential gene expression changes,Q1,1
https://openalex.org/W3088410715,"Corrigendum to “Mathematical modeling of COVID-19 transmission dynamics with a case study of Wuhan” [Chaos Solitons Fractals 135 (2020), 109846]",Q1,1
https://openalex.org/W3088592035,Circular RNAs Are Regulators of Diverse Animal Transcriptomes: One Health Perspective,Q1,1
https://openalex.org/W3088770915,Ten simple rules to make your research more sustainable,"Q2, Q3, Q12",3
https://openalex.org/W3088774166,A single-mode associates global patterns of brain network structure and behavior across the human lifespan,"Q1, Q7, Q8",3
https://openalex.org/W3088809813,"Peer Review #1 of ""Towards FAIR protocols and workflows: the OpenPREDICT use case (v0.1)""",Q1,1
https://openalex.org/W3089238154,The Reproducibility Crisis Is Real,Q3,1
https://openalex.org/W3089494505,Strengthening Transparency in Regulatory Science: The Environmental Protection Agency’s Proposal to Internally Regulating Science,Q1,1
https://openalex.org/W3090424905,Publishing computational research &amp;#8211; A review of infrastructures for reproducible and transparent scholarly communication,"Q1, Q4",2
https://openalex.org/W3090429181,Multimodal 3D atlas of the macaque monkey motor and premotor cortex,Q2,1
https://openalex.org/W3090878765,Positive and Negative Contributions of XPS to Reproducibility Issues,Q1,1
https://openalex.org/W3091305078,Double trouble? The communication dimension of the reproducibility crisis in experimental psychology and neuroscience,"Q1, Q4, Q7, Q8",4
https://openalex.org/W3091771453,What Can We Do to Improve Peer Review in NLP?,Q3,1
https://openalex.org/W3091852055,How Open Data Entrepreneurs Advance Institutional Change,"Q1, Q8, Q10",3
https://openalex.org/W3091917898,Low noise all-fiber amplification of a coherent supercontinuum at 2 µm and its limits imposed by polarization noise,Q1,1
https://openalex.org/W3091970108,"Publish or perish, but do not forget your software artifacts",Q1,1
https://openalex.org/W3092077505,INFERENCE FROM LARGE SETS OF RADIOCARBON DATES: SOFTWARE AND METHODS,Q1,1
https://openalex.org/W3092091195,A multivariate neuromonitoring approach to neuroplasticity-based computerized cognitive training in recent onset psychosis,Q1,1
https://openalex.org/W3092219082,Parental psychological distress during pregnancy and the risk of childhood lower lung function and asthma: a population-based prospective cohort study,Q2,1
https://openalex.org/W3092262546,Addressing Parental Vaccine Hesitancy towards Childhood Vaccines in the United States: A Systematic Literature Review of Communication Interventions and Strategies,Q2,1
https://openalex.org/W3092390191,Socio-technical scales in socio-environmental modeling: Managing a system-of-systems modeling approach,"Q1, Q7, Q8, Q10",4
https://openalex.org/W3092548796,EPOS: EEG Processing Open-Source Scripts,Q2,1
https://openalex.org/W3092895707,On the Minimal Recognizable Image Patch,Q1,1
https://openalex.org/W3093068485,A single-cell RNA-sequencing training and analysis suite using the Galaxy framework,Q1,1
https://openalex.org/W3093130864,The Case for Data-sharing Policies and FAIR Sharing Principles: Analyzing Journals and Articles of Engineering and Medical Faculty,"Q1, Q8, Q15",3
https://openalex.org/W3093171490,Practical Reproducibility in Geography and Geosciences,Q1,1
https://openalex.org/W3093196515,"Improving open and rigorous science: ten key future research opportunities related to rigor, reproducibility, and transparency in scientific research","Q1, Q8, Q9, Q10",4
https://openalex.org/W3093251386,Effects of blending ratios on the reactivities of CH2F2/C2HF5 refrigerant blends,Q1,1
https://openalex.org/W3093399762,Thermal analysis of the fused filament fabrication printing process: Experimental and numerical investigations,Q1,1
https://openalex.org/W3093541323,Between Subjectivity and Imposition,Q3,1
https://openalex.org/W3093566930,CaM-Gen: Causally Aware Metric-Guided Text Generation,Q3,1
https://openalex.org/W3093594696,A Semi-Automated Workflow for FAIR Maturity Indicators in the Life Sciences,Q1,1
https://openalex.org/W3093802220,Resiliency in numerical algorithm design for extreme scale simulations,Q1,1
https://openalex.org/W3093863109,Association of Ticagrelor vs Clopidogrel With Net Adverse Clinical Events in Patients With Acute Coronary Syndrome Undergoing Percutaneous Coronary Intervention,Q1,1
https://openalex.org/W3094030525,The Rigor and Transparency Index Quality Metric for Assessing Biological and Medical Science Methods,Q2,1
https://openalex.org/W3094038704,Prediction of Acoustic Fields Using a Lattice-Boltzmann Method and Deep Learning,Q1,1
https://openalex.org/W3094307579,Distinct cellular origins and differentiation process account for distinct oncogenic and clinical behaviors of leiomyosarcomas,Q1,1
https://openalex.org/W3094455042,Evaluation of Low-Cost Sensors for Weather and Carbon Dioxide Monitoring in Internet of Things Context,Q6,1
https://openalex.org/W3094507803,B2,Q1,1
https://openalex.org/W3094559413,Using the IPOL Journal for Online Reproducible Research in Remote Sensing,Q1,1
https://openalex.org/W3094865182,STABILITY INDICATING METHOD DEVELOPMENT AND VALIDATION FOR THE SIMULTANEOUS ESTIMATION OF LEDIPASVIR AND SOFOSBUVIR IN BULK DRUG BY USING RP-HPLC,Q4,1
https://openalex.org/W3095048116,A Simpler and Faster NIC Driver Model for Network Functions,Q5,1
https://openalex.org/W3095077518,Using interactive digital notebooks for bioscience and informatics education,Q1,1
https://openalex.org/W3095132088,Human Cognitive Neuroscience as It Is Taught,"Q1, Q8",2
https://openalex.org/W3095333659,Three-Dimensional Hypersonic Aeroheating Computations Associated with Cross-Flow Jet Interactions,Q1,1
https://openalex.org/W3095459779,"Reproducibility, Replicability, and Reliability","Q1, Q7",2
https://openalex.org/W3095508301,Velocity field in a single row canopy made of flexible blades for a static reconfiguration case and a monami case,Q1,1
https://openalex.org/W3095570946,Reading Between the Lines: Exploring Infilling in Visual Narratives,Q3,1
https://openalex.org/W3095615748,Computational validity of neuroimaging software: the case of population receptive fields,Q1,1
https://openalex.org/W3095955340,Surface hopping with cumulative probabilities: Even sampling and improved reproducibility,Q1,1
https://openalex.org/W3096431563,End of test (EOT) criteria for spirometry in preschool children,Q2,1
https://openalex.org/W3096902173,The Charcoal Quantification Tool (CharTool): A Suite of Open-source Tools for Quantifying Charcoal Fragments and Sediment Properties in Archaeological and Paleoecological Analysis,Q1,1
https://openalex.org/W3096956705,Highlights of the US National Academies Report on “Reproducibility and Replicability in Science”,Q1,1
https://openalex.org/W3097861677,Quantifying the Contextualization of Word Representations with Semantic Class Probing,Q3,1
https://openalex.org/W3097865616,Magnetic molding of tumor spheroids: emerging model for cancer screening,Q4,1
https://openalex.org/W3098076736,A General Approach to Measuring Electoral Competitiveness for Parties and Governments,"Q1, Q9, Q15",3
https://openalex.org/W3098131419,Emotions in Online Content Diffusion,Q6,1
https://openalex.org/W3099393754,A decentralized framework for cultivating research lifecycle transparency,"Q1, Q7",2
https://openalex.org/W3099845049,TeMP: Temporal Message Passing for Temporal Knowledge Graph Completion,Q3,1
https://openalex.org/W3099922333,Dispersion relations in non-relativistic two-dimensional materials from quasinormal modes in Hôrava Gravity,Q1,1
https://openalex.org/W3099954076,Interactive Fiction Game Playing as Multi-Paragraph Reading Comprehension with Reinforcement Learning,Q3,1
https://openalex.org/W3100152912,Continual Learning for Natural Language Generation in Task-oriented Dialog Systems,Q3,1
https://openalex.org/W3100420479,"Easy, Reproducible and Quality-Controlled Data Collection with CROWDAQ",Q3,1
https://openalex.org/W3101596256,Development of Integrated Land Simulator,Q1,1
https://openalex.org/W3101623383,Promoting scientific integrity through open science in health psychology: results of the Synergy Expert Meeting of the European health psychology society,"Q1, Q10, Q15",3
https://openalex.org/W3102028509,Ten simple rules for writing Dockerfiles for reproducible data science,Q1,1
https://openalex.org/W3102321236,"TEA-seq: a trimodal assay for integrated single cell measurement of transcription, epitopes, and chromatin accessibility",Q1,1
https://openalex.org/W3102869072,Rabix: an open-source workflow executor supporting recomputability and interoperability of workflow descriptions,Q1,1
https://openalex.org/W3103031570,The Wald Test of Common Factors in Spatial Model Specification Search Strategies,"Q1, Q7, Q8, Q9",4
https://openalex.org/W3103240564,"Reproducibility, Replicability, and Revisiting the Insta-Dead and the Human Remains Trade","Q1, Q8, Q10",3
https://openalex.org/W3104031902,Clipper: p-value-free FDR control on high-throughput data from two conditions,Q2,1
https://openalex.org/W3104223418,Masking as an Efficient Alternative to Finetuning for Pretrained Language Models,Q3,1
https://openalex.org/W3104247207,ComputeOps: Container for High Performance Computing,Q4,1
https://openalex.org/W3104926084,Interactive tools for reproducible science,Q1,1
https://openalex.org/W3105784753,"Unifying package managers, workflow engines, and containers: Computational reproducibility with BioNix",Q1,1
https://openalex.org/W3106808631,Commentary: Ultrasound-Based Scoring System for Indication of Pyeloplasty in Patients With UPJO-Like Hydronephrosis,Q2,1
https://openalex.org/W3106890651,An Association Rule Analysis of the Acupressure Effect on Sleep Quality,Q6,1
https://openalex.org/W3106997047,Measuring success for a future vision: Defining impact in science gateways/virtual research environments,"Q1, Q7, Q8",3
https://openalex.org/W3107374472,BootCMatchG: An adaptive Algebraic MultiGrid linear solver for GPUs,Q5,1
https://openalex.org/W3107404409,Planar 3D Transfer Learning for End to End Unimodal MRI Unbalanced Data Segmentation,Q3,1
https://openalex.org/W3107443931,Data mining of hospital suicidal and self-harm presentation records using a tailored evolutionary algorithm,Q5,1
https://openalex.org/W3107730715,A qualitative investigation of the therapeutic relationship in the facilitation of empowerment in psychological therapy for adults with learning disabilities,Q2,1
https://openalex.org/W3107745514,"Data-science ready, multisite, human diffusion MRI white-matter-tract statistics",Q1,1
https://openalex.org/W3107770003,Challenges for the Repeatability of Deep Learning Models,Q1,1
https://openalex.org/W3108071511,How to Conduct Rigorous Supervised Machine Learning in Information Systems Research: The Supervised Machine Learning Report Card,Q3,1
https://openalex.org/W3108841293,Languages and Visualization Tools for Data-Centric End-User Programming of Interactive Visualization Designs,Q6,1
https://openalex.org/W3109268737,The fundamental principles of reproducibility,"Q1, Q8",2
https://openalex.org/W3109429462,Mapping Political Communities: A Statistical Analysis of Lobbying Networks in Legislative Politics,"Q1, Q8, Q9, Q10, Q15",5
https://openalex.org/W3109687052,ReproGen: Proposal for a Shared Task on Reproducibility of Human Evaluations in NLG,"Q2, Q3",2
https://openalex.org/W3109815568,Data analysis and modeling pipelines for controlled networked social science experiments,"Q1, Q7, Q8, Q10, Q15",5
https://openalex.org/W3109855495,"Isabl Platform, a digital biobank for processing multimodal patient data","Q1, Q3",2
https://openalex.org/W3109862485,Twenty Years of Confusion in Human Evaluation: NLG Needs Evaluation Sheets and Standardised Definitions,Q3,1
https://openalex.org/W3109940030,Diagnosis clinical criteria of sport related concussion: Toward an operational criteria definition in France,Q2,1
https://openalex.org/W3109997279,Integrating metatranscriptomes and metagenomes for deconvolution of composition and expression in human gut and artificial communities,Q1,1
https://openalex.org/W3110010112,Survey on user studies on the effectiveness of treemaps,Q6,1
https://openalex.org/W3110053614,&lt;p&gt;Lung Function Assessment by Impulse Oscillometry in Adults&lt;/p&gt;,Q2,1
https://openalex.org/W3110567824,Analysing the Data-Driven Approach of Dynamically Estimating Positioning Accuracy,Q6,1
https://openalex.org/W3110587534,vanilla-option-pricing: Pricing and market calibration for options on energy commodities,Q5,1
https://openalex.org/W3110693568,"Trust but Verify: How to Leverage Policies, Workflows, and Infrastructure to Ensure Computational Reproducibility in Publication",Q1,1
https://openalex.org/W3110799767,A Call for Randomization in Clinical Trials of Liver Machine Perfusion Preservation,Q2,1
https://openalex.org/W3110858178,A Guide to Pre-Processing High-Throughput Animal Tracking Data,Q1,1
https://openalex.org/W3111020054,Perspectives on Data Reproducibility and Replicability in Paleoclimate and Climate Science,Q1,1
https://openalex.org/W3111124012,Teaching reproducible research for medical students and postgraduate pharmaceutical scientists,Q1,1
https://openalex.org/W3111326004,"annoFuse: an R Package to annotate, prioritize, and interactively explore putative oncogenic RNA fusions",Q1,1
https://openalex.org/W3111444287,Reproducibility and Replicability in Economics,"Q1, Q7, Q8, Q9, Q15",5
https://openalex.org/W3111572230,Towards an understanding of retouch flakes: A use-wear blind test on knapped stone microdebitage,Q1,1
https://openalex.org/W3111610496,Computational modeling of the immune response in multiple sclerosis using epimod framework,Q1,1
https://openalex.org/W3111867150,Easyreporting simplifies the implementation of Reproducible Research Layers in R software,"Q1, Q15",2
https://openalex.org/W3111917629,Interdisciplinary Discussions about the Conservation of Software-Based Art.,Q1,1
https://openalex.org/W3111919548,Over-research and ethics dumping in international archaeology | Nghiên cứu mang tính lối mòn và sự tha hóa về mặt đạo đức trong khảo cổ học quốc tế | ငငတကရဟငသတသနပညရပမ မဆလသ သတသနမင မသငလသ ကငဝတမ,"Q1, Q8, Q10",3
https://openalex.org/W3112004121,Knowledge and attitudes among life scientists towards reproducibility within journal articles: a research survey,"Q1, Q7, Q8",3
https://openalex.org/W3112134271,The Future of Sensitivity Analysis: An essential discipline for systems modeling and policy support,"Q1, Q7, Q8, Q10, Q14, Q15",6
https://openalex.org/W3112156541,Toward Reproducible and Extensible Research: from Values to Action,"Q1, Q3, Q7",3
https://openalex.org/W3112410503,Can reproducibility be improved in clinical natural language processing? A study of 7 clinical NLP suites,"Q1, Q4",2
https://openalex.org/W3112510551,Prevalence of bipolar disorder in multiple sclerosis: a systematic review and meta-analysis,Q2,1
https://openalex.org/W3112514346,Self-Correction by Design,Q1,1
https://openalex.org/W3112802146,Leveraging the National Academies’ Reproducibility and Replication in Science Report to Advance Reproducibility in Publishing,"Q1, Q5",2
https://openalex.org/W3112833645,An Interdisciplinary Elective Course to Build Computational Skills for Mathematical Modeling in Science and Engineering,Q1,1
https://openalex.org/W3113836445,An integrative workflow for 3D city model versioning,Q2,1
https://openalex.org/W3113851527,In silico and in vitro investigations of antihelmintic activities of selected approved drugs,Q1,1
https://openalex.org/W3114250261,Resiliency in Numerical Algorithm Design for Extreme Scale Simulations (Dagstuhl Seminar 20101),Q1,1
https://openalex.org/W3114552396,How Does Retail Engage Consumers in Sustainable Consumption? A Systematic Literature Review,"Q2, Q12, Q13",3
https://openalex.org/W3115018205,Pulmonary Function by Spirometry in Children with Perinatal HIV Infection,Q2,1
https://openalex.org/W3115547488,Experimental investigation of impact of injury measures on the protection screens of combat armoured vehicles,Q4,1
https://openalex.org/W3115910233,Toward Real-Time Analysis of Synchrotron Micro-Tomography Data: Accelerating Experimental Workflows with AI and HPC,Q1,1
https://openalex.org/W3116421544,Multilevel Monte Carlo methods for uncertainty quantification in brain simulations,Q6,1
https://openalex.org/W3116426787,QCEC: A JKQ tool for quantum circuit equivalence checking,Q5,1
https://openalex.org/W3116524183,Embedding Analytics within the Curation of Scientific Workflows,Q1,1
https://openalex.org/W3116741010,Acceso abierto y Ciencia reproducible,"Q1, Q7, Q8",3
https://openalex.org/W3116787929,Minimal Computing : One approach to the challenge of computational reproducibility,Q1,1
https://openalex.org/W3116999628,Childhood maltreatment and lung function: findings from the general population,"Q2, Q13",2
https://openalex.org/W3117205430,CiTAR - Preserving Software-based Research,Q1,1
https://openalex.org/W3117645005,"Decidual acute atherosis: immunohistochemical definition, immune cell involvement, and tissue heterogeneity",Q2,1
https://openalex.org/W3117651932,A New Artificial Immune System Based on Continuous Learning for Pattern Recognition,Q1,1
https://openalex.org/W3117884600,Anodic Trimerization of Catechol to Hexahydroxytriphenylene Using a Flow Microreactor,Q4,1
https://openalex.org/W3118268538,Make like a glass frog: In support of increased transparency in herpetology,"Q1, Q7",2
https://openalex.org/W3118724788,Novel CHD8 genomic targets identified in fetal mouse brain by <i>in vivo</i> Targeted DamID,Q2,1
https://openalex.org/W3118808067,"Amicus Plato, sed magis amica veritas: There is a reproducibility crisis in COVID-19 Computational Fluid Dynamics studies",Q2,1
https://openalex.org/W3119437245,End-to-End Training of Neural Retrievers for Open-Domain Question Answering,Q3,1
https://openalex.org/W3119459740,An Experimental Study of New Range-Hood Performance Metrics to Support Energy Savings and Standard/Certification Development,Q2,1
https://openalex.org/W3119512446,General neural mechanisms can account for rising slope preference in localization of ambiguous sounds,Q1,1
https://openalex.org/W3119523053,STaRT-RWE: structured template for planning and reporting on the implementation of real world evidence studies,"Q1, Q7",2
https://openalex.org/W3119577131,Development of a zebrafish screening model for diabetic retinopathy induced by hyperglycemia: Reproducibility verification in animal model,Q6,1
https://openalex.org/W3119636502,UnNatural Language Inference,Q3,1
https://openalex.org/W3119802268,Design of Continuous Transport of the Droplet by the Contact-Boiling Regime,Q6,1
https://openalex.org/W3119871025,Accelerator and Beam Physics Research Goals and Opportunities,Q1,1
https://openalex.org/W3119913464,Statistical Methods for Longitudinal Data Analysis and Reproducible Feature Selection in Human Microbiome Studies,Q2,1
https://openalex.org/W3119966185,Computation of upward pipe flows at supercritical pressures with blended turbulence model,Q1,1
https://openalex.org/W3120101028,Dipole moments of conjugated donor–acceptor substituted systems: calculations <i>vs.</i> experiments,Q1,1
https://openalex.org/W3120175707,Experimental Validation of the Quadratic Constitutive Relation in Supersonic Streamwise Corner Flows,Q1,1
https://openalex.org/W3120989597,Comparative cost analysis of cervical cancer screening programme based on molecular detection of HPV in Spain,"Q2, Q12",2
https://openalex.org/W3121008609,Immunological memory to SARS-CoV-2 assessed for up to 8 months after infection,Q3,1
https://openalex.org/W3121057863,Landslide size matters: a new spatial predictive paradigm,Q4,1
https://openalex.org/W3121087988,"PM4NGS, a project management framework for next-generation sequencing data analysis",Q1,1
https://openalex.org/W3121875687,MuSA: a graphical user interface for multi-OMICs data integration in radiogenomic studies,Q1,1
https://openalex.org/W3122109253,Sustainable data analysis with Snakemake,Q1,1
https://openalex.org/W3122566203,"Transparency, Reproducibility, and the Credibility of Economics Research","Q1, Q7, Q8, Q9, Q10, Q15",6
https://openalex.org/W3122624578,KSPHPDDM and PCHPDDM: Extending PETSc with advanced Krylov methods and robust multilevel overlapping Schwarz preconditioners,Q4,1
https://openalex.org/W3122927479,Saving Governance-by-Design,"Q1, Q7, Q8, Q10",4
https://openalex.org/W3123470195,Beyond Modeling: A Roadmap to Community Cyberinfrastructure for Ecological Data-Model Integration,Q1,1
https://openalex.org/W3123558432,The Effect of Inclusion Criteria on the Functional Properties Reported in Mouse Visual Cortex,Q2,1
https://openalex.org/W3123669514,Impacts of air pollution on respiratory symptoms and pulmonary functions among public drivers in Chiang Mai,Q2,1
https://openalex.org/W3124083892,Large organized chromatin lysine domains help distinguish primitive from differentiated cell populations,Q1,1
https://openalex.org/W3124247384,Surgical Resection for Crohn’s and Cancer: A Comparison of Disease-Specific Risk Factors and Outcomes,Q2,1
https://openalex.org/W3124249310,A Beginner's Guide to Conducting Reproducible Research,Q1,1
https://openalex.org/W3124483904,A Tool to Encourage Minimum Reporting GuidelineUptake for Data Analysis in Metabolomics,Q1,1
https://openalex.org/W3124582216,"Effects of power resistance training program with elastic bands on body composition, muscle strength and physical function in older women",Q2,1
https://openalex.org/W3124993462,Docker4Circ: A Framework for a Reproducible Characterization of CircRNAs from RNA-Seq Data,Q1,1
https://openalex.org/W3125115489,High heterogeneity undermines generalization of differential expression results in RNA-Seq analysis,Q6,1
https://openalex.org/W3126057285,Laterally biased diffusion of males of the water flea <i>Daphnia magna</i>,Q1,1
https://openalex.org/W3126390191,"Analysing the requirements for an Open Research Knowledge Graph: use cases, quality requirements, and construction strategies",Q3,1
https://openalex.org/W3126756260,"OpenAWSEM with Open3SPN2: A fast, flexible, and accessible framework for large-scale coarse-grained biomolecular simulations",Q1,1
https://openalex.org/W3127058026,"Comparing lung oscillometry with a novel, portable flow interrupter device to measure lung mechanics",Q2,1
https://openalex.org/W3127182278,Results of a survey on elderly head and neck cancer patients on behalf of the Italian Association of Radiotherapy and Clinical Oncology (AIRO),Q2,1
https://openalex.org/W3127360635,Monte Carlo Evidence on Simple Conventional Means to Characterize the Final Extent of Reaction of Cured End-Linked Polymer Networks through the Miller–Macosko Nonlinear Polymerization Theory,Q1,1
https://openalex.org/W3128022240,Research Guides & Library How-To: Academic Publishing Guide for Faculty and Researchers: Publishing and Reproducibility,Q4,1
https://openalex.org/W3128023474,Guerrilla Badges for Reproducible Geospatial Data Science (AGILE 2019 Short Paper),Q1,1
https://openalex.org/W3128052607,Null and Void? Errors in Meta-analysis on Perceptual Disfluency and Recommendations to Improve Meta-analytical Reproducibility,"Q1, Q5",2
https://openalex.org/W3128167852,Antibodies Validated for Routinely Processed Tissues Stain Frozen Sections Unpredictably,Q2,1
https://openalex.org/W3128249766,Reproducibility Badging and Definitions,Q5,1
https://openalex.org/W3128280287,ICE-Talk 2: Interface for Controllable Expressive TTS with perceptual assessment tool,Q5,1
https://openalex.org/W3128331013,Which aspects of the Open Science agenda are most relevant to scientometric research and publishing? An opinion paper,"Q1, Q8, Q10",3
https://openalex.org/W3128782210,Bayesian statistics and modelling,"Q1, Q8",2
https://openalex.org/W3128839699,"Peer Review #1 of ""Clinical relevance assessment of animal preclinical research (RAA) tool: development and explanation (v0.2)""",Q1,1
https://openalex.org/W3128884215,Open science in psychophysiology: An overview of challenges and emerging solutions,"Q1, Q8",2
https://openalex.org/W3128900826,A Knowledge Graph-Based Data Integration Framework Applied to Battery Data Management,Q1,1
https://openalex.org/W3128940808,Repository Approaches to Improving the Quality of Shared Data and Code,"Q1, Q6, Q8, Q9",4
https://openalex.org/W3129777601,Jupyter: Thinking and Storytelling With Code and Data,"Q1, Q7",2
https://openalex.org/W3129905310,Integrating CyberGIS and Urban Sensing for Reproducible Streaming Analytics,Q1,1
https://openalex.org/W3129996541,Therapeutic Use of Mesenchymal Stromal Cells: The Need for Inclusive Characterization Guidelines to Accommodate All Tissue Sources and Species,Q4,1
https://openalex.org/W3130058447,Numerical modeling of Earth's dynamic surface: a community approach,"Q1, Q8",2
https://openalex.org/W3130222610,OldSlavNet: A scalable Early Slavic dependency parser trained on modern language data,Q5,1
https://openalex.org/W3130377145,Inhibitory control as a biobehavioral construct: Integrating perspectives across measurement modalities,Q1,1
https://openalex.org/W3130609605,Exploration of subsequent yield surfaces through unit cell simulations,Q1,1
https://openalex.org/W3130880972,Regional and Layer Distribution of Residual Stresses in an Unloaded Aortic Medial Wall,Q1,1
https://openalex.org/W3131178431,Proton Coupled Electron Transfer at Heavy Metal Sites,Q1,1
https://openalex.org/W3131788620,TRAC at 30: A Bibliometric Analysis of the TRAC Community,Q1,1
https://openalex.org/W3132043500,A workflow language for research e-infrastructures,Q1,1
https://openalex.org/W3132316791,Current status on the need for improved accessibility to climate models code,Q1,1
https://openalex.org/W3132654286,The Acidities of Nucleophilic Monofluoromethylation Reagents: An Anomalous α‐Fluorine Effect,Q1,1
https://openalex.org/W3132890739,THE ROLE OF 3D MODEL AS SURGICAL GUIDANCE IN MANDIBULAR RECONSTRUCTION SURGERY,Q6,1
https://openalex.org/W3133197768,Countering reproducibility issues in mathematical models with software engineering techniques: A case study using a one-dimensional mathematical model of the atrioventricular node,Q1,1
https://openalex.org/W3133395457,Heart rate recovery in asthmatic children and adolescents after clinical field test,Q2,1
https://openalex.org/W3133608131,Reviewers' Decision to Sign Reviews is Related to Their Recommendation,Q1,1
https://openalex.org/W3133685844,Polyflow: a Polystore-compliant Mechanism to Provide Interoperability to Heterogeneous Provenance Graphs,"Q1, Q7, Q15",3
https://openalex.org/W3133755953,Trustworthy Computational Evidence Through Transparency and Reproducibility,Q5,1
https://openalex.org/W3133823454,Metals and methylotrophy: Via global gene expression studies,Q1,1
https://openalex.org/W3133916326,Containers and orchestration of numerical ocean model for computational reproducibility and portability in public and private clouds: Application of ROMS 3.6,Q1,1
https://openalex.org/W3134138474,Machine Learning-Based Node Characterization for Smart Grid Demand Response Flexibility Assessment,"Q1, Q7",2
https://openalex.org/W3134255974,Split Computing and Early Exiting for Deep Learning Applications: Survey and Research Challenges,Q3,1
https://openalex.org/W3134504418,Intervenciones para reducir el estigma hacia personas con trastornos mentales graves en Iberoamérica: una revisión sistemática,"Q2, Q13",2
https://openalex.org/W3134715562,Geospatial Queries on Data Collection Using a Common Provenance Model,Q1,1
https://openalex.org/W3134728289,Digital Data and Data Literacy in Archaeology Now and in the New Decade,Q1,1
https://openalex.org/W3134750715,Abstract IA-15: Platforms to improve reproducibility in artificial intelligence research,Q1,1
https://openalex.org/W3134815329,"Open data on beads, pendants, blanks from the Ceramic Age Caribbean",Q1,1
https://openalex.org/W3134931076,Prognostic value of symptoms at lung cancer diagnosis: a three-year observational study,Q2,1
https://openalex.org/W3135096706,Research data management for open science,"Q1, Q8, Q10",3
https://openalex.org/W3135375990,Replicability in Empirical Legal Research,"Q1, Q7, Q8, Q9, Q15",5
https://openalex.org/W3135412441,Ligand Architecture Perturbation Influences the Reactivity of Nonheme Iron(V)-Oxo Tetraamido Macrocyclic Ligand Complexes: A Combined Experimental and Theoretical Study,Q1,1
https://openalex.org/W3135667413,B cell‐activating factors in autoimmune pulmonary alveolar proteinosis,Q2,1
https://openalex.org/W3136175056,Metal–metal bonded alkaline-earth distannyls,Q1,1
https://openalex.org/W3136274407,Preregistering NLP research,Q3,1
https://openalex.org/W3136863538,Response to letter about “Estimated salt intake and risk of atrial fibrillation in a prospective community‐based cohort”,Q4,1
https://openalex.org/W3137161953,Aptima HPV messenger RNA testing and histopathologic follow‐up in women with HSIL cytology: A study emphasizing additional review of HPV‐negative cases,Q2,1
https://openalex.org/W3137174954,A large-scale study on research code quality and execution,"Q1, Q3, Q7, Q8, Q9, Q10, Q15",7
https://openalex.org/W3137244109,Open Science in Spain: Towards a Coordinated Strategy,"Q1, Q15",2
https://openalex.org/W3137603542,Efficient Scientific Self-Correction in Times of Crisis,Q1,1
https://openalex.org/W3137721329,The abTEM code: transmission electron microscopy from first principles,Q1,1
https://openalex.org/W3137859708,Prospective evaluation of third-generation small bowel capsule endoscopy videos by independent readers demonstrates poor reproducibility of cleanliness classifications,Q2,1
https://openalex.org/W3138131091,Asymmetries around the visual field: From retina to cortex to behavior,Q1,1
https://openalex.org/W3138661355,Status Report on Software Testing: Test-Comp 2021,Q4,1
https://openalex.org/W3138841584,Broadband optical conductivity of the chiral multifold semimetal PdGa,Q1,1
https://openalex.org/W3139068150,Machine learning-based ability to classify psychosis and early stages of disease through parenting and attachment-related variables is associated with social cognition,Q1,1
https://openalex.org/W3139082490,"Peer Review #2 of ""A fresh look at an old concept: home-range estimation in a tidy world (v0.2)""",Q1,1
https://openalex.org/W3139277020,The Human Evaluation Datasheet: A Template for Recording Details of Human Evaluation Experiments in NLP,Q3,1
https://openalex.org/W3139394221,A Systematic Review of Reproducibility Research in Natural Language Processing,Q3,1
https://openalex.org/W3140092836,Distributional Effects of Education on Health,"Q2, Q12, Q13",3
https://openalex.org/W3140558569,The case for free and open source software in research and scholarship,Q1,1
https://openalex.org/W3141370374,#EEGManyLabs: Investigating the replicability of influential EEG experiments,"Q1, Q8",2
https://openalex.org/W3141699244,The Prediction of Body Mass Index from Negative Affectivity through Machine Learning: A Confirmatory Study,Q1,1
https://openalex.org/W3141961597,gcProfileMakeR: An R Package for Automatic Classification of Constitutive and Non-Constitutive Metabolites,Q2,1
https://openalex.org/W3142373622,Computational Analysis of circRNA Expression Data,Q1,1
https://openalex.org/W3142591725,Design considerations for workflow management systems use in production genomics research and the clinic,Q1,1
https://openalex.org/W3143594975,Resection of a uterine septum in a normal uterus: Whoa Nellie,Q2,1
https://openalex.org/W3143891686,History and Future Perspectives on the Discipline of Quantitative Systems Pharmacology Modeling and Its Applications,Q2,1
https://openalex.org/W3144402300,Stable Deep Neural Network Architectures for Mitochondria Segmentation on Electron Microscopy Volumes,Q3,1
https://openalex.org/W3146174187,Spatiotemporal data mining: a survey on challenges and open problems,Q6,1
https://openalex.org/W3146437020,Evaluating the Morphosyntactic Well-formedness of Generated Texts,Q3,1
https://openalex.org/W3146460463,Ревматическая полимиалгия в клинических рекомендациях 2018–2020 гг. Часть II: диагностика васкулита,Q2,1
https://openalex.org/W3147462819,Interobserver Variation in Evaluating Perineural Invasion for Oral Squamous Cell Carcinoma: Phase 2 Survey Study,Q2,1
https://openalex.org/W3148503894,Gene name errors: lessons not learned,Q1,1
https://openalex.org/W3148723922,Collaborating with our community to increase code sharing,Q1,1
https://openalex.org/W3148787158,Probabilistic Modelling for Incorporating Uncertainty in Least Cost Path Results: a Postdictive Roman Road Case Study,Q1,1
https://openalex.org/W3149461244,A scoping review of registry captured indicators for evaluating quality of critical care in ICU,Q6,1
https://openalex.org/W3149889935,Learning from reproducing computational results: introducing three principles and the<i>Reproduction Package</i>,Q1,1
https://openalex.org/W3150389638,TRACK: A New Method from a Re-examination of Deep Architectures for Head Motion Prediction in 360-degree Videos,Q5,1
https://openalex.org/W3151240889,CODECHECK: an Open Science initiative for the independent execution of computations underlying research articles during peer review to improve reproducibility,"Q1, Q3",2
https://openalex.org/W3151289162,Discovery of Novel Sultone Fused Berberine Derivatives as Promising Tdp1 Inhibitors,Q6,1
https://openalex.org/W3151773595,Ultrasmall iron oxide nanoparticles induced ferroptosis via Beclin1/ATG5-dependent autophagy pathway,Q6,1
https://openalex.org/W3152194451,"Towards open, reliable, and transparent ecology and evolutionary biology",Q1,1
https://openalex.org/W3152224411,Effects of an optimised approach to home-based respiratory care in individuals with amyotrophic lateral sclerosis: a study protocol for a randomised controlled trial,Q2,1
https://openalex.org/W3152709531,Back-Training excels Self-Training at Unsupervised Domain Adaptation of Question Generation and Passage Retrieval,Q3,1
https://openalex.org/W3152740956,Case-based Reasoning for Natural Language Queries over Knowledge Bases,Q3,1
https://openalex.org/W3152811309,A global disinfectant standard for cleanrooms: Presenting a harmonised approach,Q2,1
https://openalex.org/W3153080589,Population Modelling in Affective Disorders,"Q1, Q7, Q14, Q15",4
https://openalex.org/W3153426559,Design and Additive Manufacturing of a Biomimetic Customized Cranial Implant Based on Voronoi Diagram,Q1,1
https://openalex.org/W3153521914,eLabFTW as an Open Science tool to improve the quality and translation of preclinical research,Q1,1
https://openalex.org/W3153599794,GRAPES-DD: exploiting decision diagrams for index-driven search in biological graph databases,Q1,1
https://openalex.org/W3154326799,mlf-core: a framework for deterministic machine learning,Q3,1
https://openalex.org/W3154512141,Cheap and Good? Simple and Effective Data Augmentation for Low Resource Machine Reading,Q3,1
https://openalex.org/W3154844554,In-fat pointer: hardware-assisted tagged-pointer spatial memory safety defense with subobject granularity protection,Q5,1
https://openalex.org/W3155038686,A machine learning research template for binary classification problems and shapley values integration,Q5,1
https://openalex.org/W3155196695,The roles of code in biology,Q1,1
https://openalex.org/W3155274181,Decoding Neuromuscular Disorders Using Phenotypic Clusters Obtained From Co-Occurrence Networks,Q1,1
https://openalex.org/W3155294377,Opportunities and Challenges in Democratizing Immunology Datasets,"Q1, Q8, Q10",3
https://openalex.org/W3155360967,Epistemic issues in computational reproducibility: software as the elephant in the room,Q1,1
https://openalex.org/W3155872716,Spatiotemporal data mining: a survey on challenges and open problems,Q6,1
https://openalex.org/W3156234285,The Misreporting Trade-Off Between List Experiments and Direct Questions in Practice: Partition Validation Evidence from Two Countries,"Q1, Q7, Q8, Q9",4
https://openalex.org/W3156942833,Reproducibility Report for the Paper: QN-based Modeling and Analysis of Software Performance Antipatterns for Cyber-Physical Systems,Q5,1
https://openalex.org/W3157059443,Traceability for Trustworthy AI: A Review of Models and Tools,Q1,1
https://openalex.org/W3157143276,"Replications, Comparisons, Sampling and the Problem of Representativeness in Animal Cognition Research",Q1,1
https://openalex.org/W3157225713,Dynabench: Rethinking Benchmarking in NLP,Q4,1
https://openalex.org/W3157330720,Studies in Analytical Reproducibility: the Conquaire Project,"Q1, Q7, Q15",3
https://openalex.org/W3157373137,"A provenance-based semantic approach to support understandability, reproducibility, and reuse of scientific experiments",Q1,1
https://openalex.org/W3157492970,Facemask Spirometry as a Marker of Respiratory Function and Prognosis in Motor Neurone Disease,Q2,1
https://openalex.org/W3157860217,How to quantify bilingual experience? Findings from a Delphi consensus survey,Q2,1
https://openalex.org/W3158009196,Cash Transfers and Migration: Theory and Evidence from a Randomized Controlled Trial,"Q1, Q7, Q15",3
https://openalex.org/W3158015415,Preferred reporting items for systematic reviews and meta‐analyses in ecology and evolutionary biology: a <scp>PRISMA</scp> extension,"Q1, Q10, Q15",3
https://openalex.org/W3158078823,PREVIS: Predictive visual analytics of anatomical variability for radiotherapy decision support,Q6,1
https://openalex.org/W3158081294,How Much Is Enough? First Steps to a Social Ecology of the Pergamon Microregion,"Q1, Q7",2
https://openalex.org/W3158094148,"CRITERIA AND TOOLS TO CATALOGUE BRICK-MASONRY VAULTS. THE GIS-DATABASE OF FRAME, A FASCE AND PLANTERIAN VAULTS BETWEEN THE 16TH AND 18TH CENTURY IN NORTHERN ITALY",Q2,1
https://openalex.org/W3158145137,Seven challenges in the multiscale modeling of multicellular tissues,Q1,1
https://openalex.org/W3158296740,Transitioning to the Next Generation of Metadata.,Q5,1
https://openalex.org/W3158415553,Determination of image features in cone beam computerized tomography used in lung stereotactic radiotherapy: A phantom study,Q2,1
https://openalex.org/W3158423698,Towards community-driven metadata standards for light microscopy: tiered specifications extending the OME model,Q2,1
https://openalex.org/W3158428343,ESPIROMETRIA EM ESCOLARES DURANTE ESTUDOS DE CAMPO: REALIZAÇÃO EM DIAS DIFERENTES ALTERA O RESULTADO DO EXAME?,"Q2, Q13",2
https://openalex.org/W3158437819,Prevalência e fatores sociodemográficos associados ao comportamento sedentário em adolescentes de Rio Claro-SP,Q6,1
https://openalex.org/W3158546466,"""What is computational reproducibility?"" and ""Diversity in reproducibility""",Q1,1
https://openalex.org/W3158582791,Computational Reproducibility of Named Entity Recognition methods in the biomedical domain,"Q1, Q5",2
https://openalex.org/W3158839100,"Enhanced Deep-Inspiration Breath Hold Superior to High-Frequency Percussive Ventilation for Respiratory Motion Mitigation: A Physiology-Driven, MRI-Guided Assessment Toward Optimized Lung Cancer Treatment With Proton Therapy",Q2,1
https://openalex.org/W3159015645,Electronegative metal dopants improve switching consistency in Al2O3 resistive switching devices,Q4,1
https://openalex.org/W3159428760,Sample Size Justification,"Q1, Q8",2
https://openalex.org/W3159582447,A Solid Supported Membrane-Based Technology for Electrophysical Screening of B0AT1-Modulating Compounds,Q6,1
https://openalex.org/W3159648377,"Simplifying the development of portable, scalable, and reproducible workflows",Q1,1
https://openalex.org/W3159901544,A bug in the resistance to EGFR inhibitors: is there a role for Mycoplasma and cytidine deaminase in reducing the activity of osimertinib in lung cancer patients?,Q2,1
https://openalex.org/W3160087256,Open science in practice: 300 published research ideas and outcomes illustrate how RIO Journal facilitates engagement with the research process,"Q1, Q7, Q10",3
https://openalex.org/W3160089227,Assembling a consensus on actinic cheilitis: A Delphi study,Q2,1
https://openalex.org/W3160140965,Radiotherapy in Follicular Lymphoma Staged by 18F-FDG-PET/CT: A German Monocenter Study,Q2,1
https://openalex.org/W3160188067,An Approach for Open and Reproducible Hydrological Modeling using Sciunit and HydroShare,Q1,1
https://openalex.org/W3160267623,Open Science at Liberal Arts Colleges,Q1,1
https://openalex.org/W3160344069,Understanding and improving the quality and reproducibility of Jupyter notebooks,Q1,1
https://openalex.org/W3160462419,Reliability of Portable Spirometry Performed in the Korea National Health and Nutrition Examination Survey Compared to Conventional Spirometry,Q2,1
https://openalex.org/W3160506961,Comparison of Laser Fluorescence and Digital Radiograph with International Caries Detection and Assessment System in Primary Teeth (In-vivo study),Q6,1
https://openalex.org/W3160510808,Introduction to reproducible psychological research,Q1,1
https://openalex.org/W3160538576,Optimum blend of fractal methods for automatic malignancy determination in dermoscopy images,Q2,1
https://openalex.org/W3160570499,Pulmonary function by spirometry in children with perinatal HIV infection,Q2,1
https://openalex.org/W3160580080,BNNpriors: A library for Bayesian neural network inference with different prior distributions,Q5,1
https://openalex.org/W3160735140,Urinary miRNA profiles discriminate between obstruction-induced bladder dysfunction and healthy controls,Q4,1
https://openalex.org/W3160789453,Sleepy and Secluded: Sleep Disturbances are Associated With Connectedness in Early Adolescent Social Networks,"Q1, Q8",2
https://openalex.org/W3160796702,The Importance of Rigorous Methods in a Growing Research Field: Five Practices for ASMR Researchers,"Q1, Q8, Q10",3
https://openalex.org/W3161032360,2020 list of human papillomavirus assays suitable for primary cervical cancer screening,Q2,1
https://openalex.org/W3161082012,GeneTonic: an R/Bioconductor package for streamlining the interpretation of RNA-seq data,Q1,1
https://openalex.org/W3161085248,"Support Efficient, Scalable, and Online Social Spam Detection in System","Q1, Q7, Q15",3
https://openalex.org/W3161131900,Valley Isospin Controlled Fractional Quantum Hall States in Bilayer Graphene,Q2,1
https://openalex.org/W3161171184,A computational process-tracing method for measuring people’s planning strategies and how they change over time,"Q1, Q7",2
https://openalex.org/W3161368439,SemSegLoss: A python package of loss functions for semantic segmentation,Q5,1
https://openalex.org/W3161381829,"Text Analysis for Psychology: Methods, Principles, and Practices","Q1, Q8",2
https://openalex.org/W3161643086,IEEE Standard for Bioinformatics Analyses Generated by High-Throughput Sequencing (HTS) to Facilitate Communication,Q6,1
https://openalex.org/W3161856863,Ranking Reprogramming Factors for Directed Differentiation,Q1,1
https://openalex.org/W3161987791,tinygarden — A java package for testing properties of spanning trees,Q5,1
https://openalex.org/W3162022723,Generalizable dimensions of human cortical auditory processing of speech in natural soundscapes: A data-driven ultra high field fMRI approach,Q1,1
https://openalex.org/W3162072196,OpenICS: Open image compressive sensing toolbox and benchmark,Q5,1
https://openalex.org/W3162187281,"ENIGMA HALFpipe: Interactive, reproducible, and efficient analysis for resting-state and task-based fMRI data",Q1,1
https://openalex.org/W3162294812,On the Challenges of Implementing Machine Learning Systems in Industry,"Q1, Q7",2
https://openalex.org/W3162428690,Scalable Declarative HEP Analysis Workflows for Containerised Compute Clouds,"Q1, Q10",2
https://openalex.org/W3162443400,Reproducing Human Arm Strategy and Its Contribution to Balance Recovery Through Model Predictive Control,Q1,1
https://openalex.org/W3162464846,The inner workings of Registered Reports,Q1,1
https://openalex.org/W3162464873,DRAS-CQSim: A reinforcement learning based framework for HPC cluster scheduling,Q5,1
https://openalex.org/W3162596539,"Navigating the manifold of skin conductance response quantification approaches – a direct comparison of Trough-to-Peak, Baseline-correction and model-based approaches in Ledalab and PsPM",Q1,1
https://openalex.org/W3162639366,Guest Editorial: Special Section on SC19 Student Cluster Competition,Q5,1
https://openalex.org/W3162801148,The Dockstore: enhancing a community platform for sharing reproducible and accessible computational protocols,Q1,1
https://openalex.org/W3162914101,A Bayesian approach for fitting and comparing demographic growth models of radiocarbon dates: A case study on the Jomon-Yayoi transition in Kyushu (Japan),Q1,1
https://openalex.org/W3163259895,A meta-review of transparency and reproducibility-related reporting practices in published meta-analyses on clinical psychological interventions (2000-2020).,"Q1, Q8",2
https://openalex.org/W3163295653,"The Benefits, Barriers, and Risks of Big Team Science",Q1,1
https://openalex.org/W3163467555,Benchmarking 50 classification algorithms on 50 gene-expression datasets,Q1,1
https://openalex.org/W3163563396,DirectDebug: A software package for the automated testing and debugging of feature models,Q5,1
https://openalex.org/W3163805048,Applied and Computational Mathematics Division :,"Q1, Q7",2
https://openalex.org/W3163946986,COVID-19-related conspiracy beliefs and their relationship with perceived stress and pre-existing conspiracy beliefs in a Prolific Academic sample: A replication and extension of Georgiou et al. (2020),Q1,1
https://openalex.org/W3164048309,<tt>pyrpipe</tt> : a Python package for RNA-Seq workflows,Q1,1
https://openalex.org/W3164315956,"Evaluating implementation of the Transparency and Openness Promotion (TOP) guidelines: the TRUST process for rating journal policies, procedures, and practices","Q1, Q7, Q8",3
https://openalex.org/W3164421416,"Novel tools and methods for designing and wrangling multifunctional, machine-readable evidence synthesis databases",Q1,1
https://openalex.org/W3164714770,Reproduction of the Results of Onyike et al. (2003),Q1,1
https://openalex.org/W3164770982,Seismic hazard for the Trans Adriatic Pipeline (TAP). Part 2: broadband scenarios at the Fier Compressor Station (Albania),Q1,1
https://openalex.org/W3165182527,Characteristics of Participants and Satisficing Tendency in Online Surveys Using a Sample Provider,Q6,1
https://openalex.org/W3165288519,From operator statistics to wormholes,Q1,1
https://openalex.org/W3165610450,Spatiotemporal development of coexisting wave domains of Rho activity in the cell cortex,Q1,1
https://openalex.org/W3166002735,Identifying inherent disagreement in natural language inference,Q3,1
https://openalex.org/W3166036581,"Introducing Manuscripts.io: open source editing environment for structured, computationally reproducible research documents",Q1,1
https://openalex.org/W3166999527,Experiences with Reproducibility,Q1,1
https://openalex.org/W3167496413,How to connect academics around the globe by organizing an asynchronous virtual unconference,Q1,1
https://openalex.org/W3167673087,Algorithmic Agency and Autonomy in Archaeological Practice,Q1,1
https://openalex.org/W3167777409,Deep Pasts – Deep Futures A Palaeoenvironmental Humanities Perspective from the Stone Age to the Human Age,"Q1, Q7, Q8, Q10",4
https://openalex.org/W3167996871,Towards low-energy-light-driven bistable photoswitches: ortho-fluoroaminoazobenzenes,Q1,1
https://openalex.org/W3168251909,Looking Beyond Sentence-Level Natural Language Inference for Question Answering and Text Summarization,Q3,1
https://openalex.org/W3168503528,Effects of diaphragmatic control on multiparametric analysis of the sniff nasal inspiratory pressure test and inspiratory muscle activity in healthy subjects,Q2,1
https://openalex.org/W3169017942,"Protein Function Prediction using Phylogenomics, Domain Architecture Analysis, Data Integration, and Lexical Scoring",Q1,1
https://openalex.org/W3169534665,Science Capsule - Capturing the Data Life Cycle,Q1,1
https://openalex.org/W3169848230,"Same data, different conclusions: Radical dispersion in empirical results when independent analysts operationalize and test the same hypothesis","Q1, Q7, Q8, Q9, Q10, Q14, Q15",7
https://openalex.org/W3170372571,Re-discovering Archaeological Discoveries. Experiments with reproducing archaeological survey analysis,"Q1, Q7, Q8, Q15",4
https://openalex.org/W3170426823,"A retrospective study on incidence, diagnosis, and clinical outcome of gastric-type endocervical adenocarcinoma in a single institution",Q2,1
https://openalex.org/W3170523907,Response to Commentaries on Sakaluk (2020),"Q1, Q7",2
https://openalex.org/W3170925882,"Reproducibility Report for the Paper: ""Differentiable Agent-Based Simulation for Gradient-Guided Simulation-Based Optimization""",Q5,1
https://openalex.org/W3171289259,A Context-Dependent Gated Module for Incorporating Symbolic Semantics into Event Coreference Resolution,Q3,1
https://openalex.org/W3171771019,"Determination of Cellulose, Water, and N-Methylmorpholine N-Oxide during the Production of Lyocell by Attenuated Total Reflection (ATR) – Fourier Transform Infrared (FTIR) Spectroscopy",Q4,1
https://openalex.org/W3172053659,"Method for simulative reproduction, verification and technical adaptation as part of biological kinematics studies",Q6,1
https://openalex.org/W3172241679,Random matrix theory for complexity growth and black hole interiors,Q1,1
https://openalex.org/W3172364764,Explainable Multi-hop Verbal Reasoning Through Internal Monologue,Q3,1
https://openalex.org/W3172765380,"Making Quality HPGe Gamma Ray Spectrum Measurements for Uranium: The Role of FRAM for Analysis, Quality Control and Enrichment Measurements, and Opportunities for Improved Quantification Documentation",Q4,1
https://openalex.org/W3172863573,A Comparative Study of Typing and Speech For Map Metadata Creation,Q1,1
https://openalex.org/W3172899769,Replication in field ecology: Identifying challenges and proposing solutions,"Q1, Q8, Q10",3
https://openalex.org/W3172951206,Personality computing: New frontiers in personality assessment,Q3,1
https://openalex.org/W3173149637,Tracking the development of COVID-19 related PsyArXiv preprints,"Q1, Q8",2
https://openalex.org/W3173185981,A Closer Look at Few-Shot Crosslingual Transfer: The Choice of Shots Matters,Q3,1
https://openalex.org/W3173556047,"DataLad: distributed system for joint management of code, data, and their relationship",Q1,1
https://openalex.org/W3173785074,TLS AND SHORT-RANGE PHOTOGRAMMETRIC DATA FUSION FOR BUILDINGS 3D MODELING,Q1,1
https://openalex.org/W3174271861,Harmful algal blooms and environmentally friendly control strategies in Japan,Q6,1
https://openalex.org/W3174283354,Open-source Tools in R for Landscape Ecology,Q1,1
https://openalex.org/W3174359947,Why sharing data and code during peer review can enhance behavioral ecology research,Q1,1
https://openalex.org/W3174872509,Approaches for Containerized Scientific Workflows in Cloud Environments with Applications in Life Science,Q1,1
https://openalex.org/W3174955442,Simulation of angiogenesis in three dimensions: Application to cerebral cortex,Q1,1
https://openalex.org/W3174992442,JBrowseR: an R interface to the JBrowse 2 genome browser,Q1,1
https://openalex.org/W3175126868,A computational reproducibility study of PLOS ONE articles featuring longitudinal data analyses,Q1,1
https://openalex.org/W3175388084,Active Maintenance: A Proposal for the Long-Term Computational Reproducibility of Scientific Results,"Q1, Q9",2
https://openalex.org/W3175514703,LCA: A Tool to Study Feasibility and Environmental Impacts of Substituting Asphalt Binders,Q4,1
https://openalex.org/W3175592282,Precision and accuracy of FEV1 measurements from the Vitalograph copd-6 mini-spirometer in a healthy Ugandan population,Q2,1
https://openalex.org/W3176342797,The Markov gap for geometric reflected entropy,Q1,1
https://openalex.org/W3176493797,The Reliability of Replications: A Study in Computational Reproductions,"Q1, Q7, Q8, Q9, Q10",5
https://openalex.org/W3176640400,TILGAN: Transformer-based Implicit Latent GAN for Diverse and Coherent Text Generation,Q3,1
https://openalex.org/W3176684026,Data for Integrating CyberGIS and Urban Sensing for Reproducible Streaming Analytics,Q1,1
https://openalex.org/W3176885943,The combination of ADSCs and 10% PRP increases Rb protein expression on senescent human dermal fibroblasts,Q3,1
https://openalex.org/W3177288692,Knowledge and Attitudes Among Life Scientists Toward Reproducibility Within Journal Articles: A Research Survey,"Q1, Q7, Q8",3
https://openalex.org/W3177398190,A meta-review of transparency and reproducibility-related reporting practices in published meta-analyses on clinical psychological interventions (2000–2020),"Q1, Q8",2
https://openalex.org/W3177731179,Statistical Evaluation of Total Expiratory Breath Samples Collected throughout a Year: Reproducibility and Applicability toward Olfactory Sensor-Based Breath Diagnostics,Q6,1
https://openalex.org/W3177786904,Generative locally linear embedding: A module for manifold unfolding and visualization,Q5,1
https://openalex.org/W3177833223,Affective Colormap Design for Accurate Visual Comprehension in Industrial Tomography,Q6,1
https://openalex.org/W3177880451,From Data Processes to Data Products: Knowledge Infrastructures in Astronomy,"Q1, Q8, Q10",3
https://openalex.org/W3178069874,Abstract 2707: NGS-based murine pan-cancer gene expression panel reveals high resolution for immuno-oncology and tumor microenvironment studies,Q6,1
https://openalex.org/W3179169088,Reproducibility Practice in High-Performance Computing: Community Survey Results,"Q1, Q6",2
https://openalex.org/W3179396747,An Experience Report on Machine Learning Reproducibility: Guidance for Practitioners and TensorFlow Model Garden Contributors,Q3,1
https://openalex.org/W3179669580,Creation of clinical algorithms for decision-making in oncology: an example with dose prescription in radiation oncology,Q2,1
https://openalex.org/W3179812072,"The lack of evidence in Schiller et al. (2010) verified: Reply to Schiller, LeDoux, and Phelps (2020)",Q1,1
https://openalex.org/W3180170225,Ciência de Dados com Reprodutibilidade usando Jupyter,Q1,1
https://openalex.org/W3180543468,Exploring the symbol processing ‘time interval’ parametric constraint in a Belousov–Zhabotinsky operated chemical Turing machine,Q2,1
https://openalex.org/W3181093751,Observing Many Researchers Using the Same Data and Hypothesis Reveals a Hidden Universe of Uncertainty,"Q1, Q7, Q8, Q9, Q10",5
https://openalex.org/W3181109727,miRNA biomarkers in renal disease,Q2,1
https://openalex.org/W3181603671,Online Template Attacks: Revisited,Q4,1
https://openalex.org/W3181712894,Implementation of and experimental software for active selection of classification features,Q5,1
https://openalex.org/W3182091437,Validation of a Numerical Approach for Simulation of the Thermal Decomposition Behaviour of Biomass in Grate Combustion Plants,Q6,1
https://openalex.org/W3182281291,Fixing dependency errors for Python build reproducibility,Q1,1
https://openalex.org/W3183091789,FAIRSCAPE: a Framework for FAIR and Reproducible Biomedical Analytics,"Q1, Q8",2
https://openalex.org/W3183291373,Hydrogeological time series analysis using scripts: objective and reproducible criteria for model construction,Q2,1
https://openalex.org/W3183715475,Femtosecond quantum dynamics of excited-state evolution of halide perovskites: Quantum chaos of molecular cations,Q1,1
https://openalex.org/W3184049945,DTEC: Dual Training Error based Correction approach for recommender systems,Q5,1
https://openalex.org/W3184068027,The white rat of numerical reproducibility,Q1,1
https://openalex.org/W3184384643,On the State of Reporting in Crowdsourcing Experiments and a Checklist to Aid Current Practices,Q3,1
https://openalex.org/W3184666519,Evidence on Research Transparency in Economics,"Q1, Q7, Q8, Q9, Q10, Q15",6
https://openalex.org/W3185049597,PEGR: a flexible management platform for reproducible epigenomic and genomic research,Q1,1
https://openalex.org/W3185271092,Dedifferentiated Liposarcoma: A Comprehensive Historical Review With Proposed Evidence-based Guidelines Regarding a Diagnosis in Need of Further Clarification,Q2,1
https://openalex.org/W3185649724,Diagnostic Feature Extraction and Filtering Criterion for Fatigue Crack Growth Using High Frequency Parametrical Analysis,Q6,1
https://openalex.org/W3185750807,Passive Pressure Modulation Mechanism for Improved Locomotion,Q4,1
https://openalex.org/W3186084858,Computational engineering of the oxygen electrode-electrolyte interface in solid oxide fuel cells,Q1,1
https://openalex.org/W3186128197,Statistical and Machine Learning Methods for Pattern Identification in Environmental Mixtures,Q1,1
https://openalex.org/W3186163012,Trypanocidal Activity of Traditional Antiparasitic Medicinal Plants from the Amazon,Q2,1
https://openalex.org/W3186919841,"lnnrtwttkhn/talk-rdm: Version 1.0 of talk on a workflow for open and reproducible MRI studies, prepared for the Max Planck Digital Library",Q1,1
https://openalex.org/W3186942977,Reusable Templates and Guides For Documenting Datasets and Models for Natural Language Processing and Generation: A Case Study of the HuggingFace and GEM Data and Model Cards,Q3,1
https://openalex.org/W3186964932,This is your brain on disk: the impact of numerical instabilities in neuroscience,Q1,1
https://openalex.org/W3187168575,A single mode of population covariation associates brain networks structure and behavior and predicts individual subjects’ age,"Q1, Q7, Q8",3
https://openalex.org/W3188518593,A Review of Containerization for Interactive and Reproducible Analysis,Q1,1
https://openalex.org/W3188547516,"Statistics, statistical thinking, and the IACUC",Q2,1
https://openalex.org/W3189022845,CovidVisualized: Visualized compilation of international updating models’ estimates of COVID-19 pandemic at global and country levels,Q1,1
https://openalex.org/W3189225531,"The Upworthy Research Archive, a time series of 32,487 experiments in U.S. media","Q1, Q7, Q8, Q9",4
https://openalex.org/W3189838461,Research data communication strategy at the time of pandemics: a retrospective analysis of the Italian experience,Q2,1
https://openalex.org/W3189849087,Do Datasets Have Politics? Disciplinary Values in Computer Vision Dataset Development,"Q1, Q8, Q9",3
https://openalex.org/W3190069574,Reproducibility blues,Q4,1
https://openalex.org/W3190754468,A novel search and survey technique for unmanned aerial systems in detecting and estimating the area for wildfires,Q5,1
https://openalex.org/W3191610454,MobileStyleGAN.pytorch: PyTorch-based toolkit to compress StyleGAN2 model,Q5,1
https://openalex.org/W3191847389,"Underreporting of errors in NLG output, and what to do about it",Q3,1
https://openalex.org/W3192355875,"Clearinghouse Standards of Evidence on the Transparency, Openness, and Reproducibility of Intervention Evaluations","Q1, Q7, Q8",3
https://openalex.org/W3192401439,Improving reproducibility in machine learning research : a report from the NeurIPS 2019 reproducibility program,Q3,1
https://openalex.org/W3192611467,Laboratory Forensics for Open Science Readiness: an Investigative Approach to Research Data Management,Q1,1
https://openalex.org/W3192764930,ACO2 clinicobiological dataset with extensive phenotype ontology annotation,Q1,1
https://openalex.org/W3193784917,Pulmonary functional assessment: longitudinal study after treatment of pulmonary tuberculosis,Q2,1
https://openalex.org/W3193869741,Tools and applications for integrative analysis of DNA methylation in social insects,Q1,1
https://openalex.org/W3194243441,Viral and cellular biomarkers used for improving prevention and management of cervical cancer,Q2,1
https://openalex.org/W3194413997,Seasonal and subseasonal wind power characterization and forecasting for the Iberian Peninsula and the Canary Islands: A systematic review,"Q1, Q7",2
https://openalex.org/W3194918597,Predicting bone remodeling using a mechano-biological mathematical model combined with a natural neighbor meshless method,Q1,1
https://openalex.org/W3195038671,scFlow: A Scalable and Reproducible Analysis Pipeline for Single-Cell RNA Sequencing Data,Q1,1
https://openalex.org/W3195063937,Simple Technology is an Improved Solution for a Post-Pandemic Informative System: A Reference Model,Q6,1
https://openalex.org/W3195333859,The Myth of the Great War: Hugo Pratt’s World War I Graphic Novel and Stories,Q5,1
https://openalex.org/W3195448659,Complexity from spinning primaries,Q1,1
https://openalex.org/W3195701751,Data Sharing in the High-throughput University - Mobility and Precarity,Q6,1
https://openalex.org/W3196556049,Introduction to the Special JeSLIB Issue on Data Curation in Practice,Q1,1
https://openalex.org/W3196594355,The Science of Open (Communication) Science: Toward an Evidence-Driven Understanding of Quality Criteria in Communication Research,"Q1, Q7, Q8, Q9, Q11",5
https://openalex.org/W3196630593,Long-Term Desynchronization by Coordinated Reset Stimulation in a Neural Network Model With Synaptic and Structural Plasticity,Q1,1
https://openalex.org/W3196823428,Analysis of Language Change in Collaborative Instruction Following,Q3,1
https://openalex.org/W3197063311,Accelerating antibiotic discovery through artificial intelligence,Q1,1
https://openalex.org/W3197222962,Why It Takes a Village to Manage and Share Data,"Q1, Q7, Q8, Q10, Q15",5
https://openalex.org/W3197318425,Recent Advances in Multimodal Molecular Imaging of Cancer Mediated by Hybrid Magnetic Nanoparticles,Q4,1
https://openalex.org/W3197433610,Reproducibility standards for machine learning in the life sciences,Q1,1
https://openalex.org/W3197528145,Association between house dust mites sensitization and level of asthma control and severity in children attending Mansoura University Children’s Hospital,Q2,1
https://openalex.org/W3197543242,"Tool-based Support for the FAIR Principles for Control Theoretic Results: The ""Automatic Control Knowledge Repository""",Q1,1
https://openalex.org/W3197956321,"Acceleration of Catalyst Discovery with Easy, Fast, and Reproducible Computational Alchemy    ",Q1,1
https://openalex.org/W3198115827,Towards a credibility revolution in bilingualism research: Open data and materials as stepping stones to more reproducible and replicable research,"Q1, Q7, Q8",3
https://openalex.org/W3198218352,Evaluation of Conventional Radiographic Systems in Shahid Sadoughi University of Medical Sciences: A Multi-Centric Quality Control Study,Q2,1
https://openalex.org/W3198397403,Tenzing and the importance of tool development for research efficiency,"Q1, Q8",2
https://openalex.org/W3198839914,Discrete and Soft Prompting for Multilingual Models,Q3,1
https://openalex.org/W3199100294,How May I Help You? Using Neural Text Simplification to Improve Downstream NLP Tasks,Q3,1
https://openalex.org/W3199378289,ConvSNN: A surrogate gradient spiking neural framework for radar gesture recognition,Q5,1
https://openalex.org/W3199419941,Few-shot emotion recognition in conversation with sequential prototypical networks,Q5,1
https://openalex.org/W3199441574,Knowledge-Enhanced Evidence Retrieval for Counterargument Generation,Q3,1
https://openalex.org/W3199519791,Computational Reproducibility: A Practical Framework for Data Curators,"Q1, Q8, Q9",3
https://openalex.org/W3199524386,Space Weather research in the Digital Age and across the full data lifecycle: Introduction to the Topical Issue,Q1,1
https://openalex.org/W3199673184,Numerical characterisation of stably stratified flows past spheres,Q1,1
https://openalex.org/W3199846065,Sister Help: Data Augmentation for Frame-Semantic Role Labeling,Q4,1
https://openalex.org/W3199862969,Application of Pre-Trained Deep Learning Models for Clinical ECGs,Q1,1
https://openalex.org/W3200009824,Early Career Researchers' Views on Publishing in <i><b>The Journal of Wildlife Management</b></i>,"Q1, Q8",2
https://openalex.org/W3200021292,Dawning of a new age? Economics journals’ data policies on the test bench,"Q1, Q7, Q8, Q15",4
https://openalex.org/W3200036871,Transferable Persona-Grounded Dialogues via Grounded Minimal Edits,Q3,1
https://openalex.org/W3200677109,Variant calling across 505 openly consented samples from four Gambian populations on GRCh38,Q1,1
https://openalex.org/W3200690278,Physically Consistent Scar Tissue Dynamics from Scattered Set of Data: A Novel Computational Approach to Avoid the Onset of the Runge Phenomenon,Q1,1
https://openalex.org/W3200797772,Impact of using spirometry on clinical decision making and quality of life in children: protocol for a single centre randomised controlled trial,Q2,1
https://openalex.org/W3201050370,A qualitative analysis of stakeholder experiences with Registered Reports Funding Partnerships,"Q1, Q8, Q9",3
https://openalex.org/W3201063809,Comparative analysis of genome-encoded viral sequences reveals the evolutionary history of flavivirids (family <i>Flaviviridae</i> ),Q1,1
https://openalex.org/W3201197540,"‘Just What do You Think You’re Doing, Dave?’ A Checklist for Responsible Data Use in NLP",Q3,1
https://openalex.org/W3201266869,The ReproGen Shared Task on Reproducibility of Human Evaluations in NLG: Overview and Results,Q3,1
https://openalex.org/W3201288933,A Systematic Strategy to Find Potential Therapeutic Targets for Pseudomonas aeruginosa Using Integrated Computational Models,"Q1, Q15",2
https://openalex.org/W3201308881,Enhancing the Accessibility of Unified Modeling Systems: GFDL SHiELD v2021b in a Container,Q1,1
https://openalex.org/W3201469536,"Underreporting of errors in NLG output, and what to do about it",Q3,1
https://openalex.org/W3201696862,Finding the needle in a haystack: approach to detection of high-risk gastric lesions in familial adenomatous polyposis,Q2,1
https://openalex.org/W3202149071,Piloting a long-term evaluation of library data workshops,Q1,1
https://openalex.org/W3202360406,Validating the Knowledge Bank Approach for Personalized Prediction of Survival in Acute Myeloid Leukemia: a Reproducibility Study,Q1,1
https://openalex.org/W3202615693,6 Network Analysis for Reproducible Research on Large Administrative Cuneiform Corpora,"Q1, Q10",2
https://openalex.org/W3202707833,"Trust, but verify: An investigation of methods of verification and dissemination of computational research artifacts for transparency and reproducibility","Q1, Q7, Q8, Q9",4
https://openalex.org/W3202820027,ReSearchOps: a principled framework and guide to computational reproducibility,Q1,1
https://openalex.org/W3202955757,Promoting Open Science Through Research Data Management,"Q1, Q8",2
https://openalex.org/W3203041483,The reporting quality of natural language processing studies: systematic review of studies of radiology reports,"Q2, Q3",2
https://openalex.org/W3203046158,FAIR_Bioinfo: a turnkey training course and protocol for reproducible computational biology,Q1,1
https://openalex.org/W3203103062,Reproducible Research and GIScience: an evaluation using GIScience conference papers,Q1,1
https://openalex.org/W3203242909,GERNERMED: An open German medical NER model,Q5,1
https://openalex.org/W3203282803,Reproducibility Practice in High Performance Computing: Community Survey Results,"Q1, Q6",2
https://openalex.org/W3203680559,An Integrated Platform Supporting Semantic Similarity Score Calculation and Reproducibility,Q1,1
https://openalex.org/W3203849835,ITC's Strategic Plan for Open Science 2021-2025 - Towards an Open Future,"Q1, Q7",2
https://openalex.org/W3204096139,Documenting Large Webtext Corpora: A Case Study on the Colossal Clean Crawled Corpus,Q3,1
https://openalex.org/W3204459224,A multicenter study of interobserver variability in pathologic diagnosis of papillary breast lesions on core needle biopsy with WHO classification,Q2,1
https://openalex.org/W3204645962,Development of a Common Framework for Analysing Public Transport Smart Card Data,Q2,1
https://openalex.org/W3204691724,Sharing Data from Molecular Simulations,Q1,1
https://openalex.org/W3204824219,Software choice and depth of sequence coverage can impact plastid genome assembly – A case study in the narrow endemic <i>Calligonum bakuense</i>,Q1,1
https://openalex.org/W3205366548,Clipper: p-value-free FDR control on high-throughput data from two conditions,Q2,1
https://openalex.org/W3205486008,Replicability in Empirical Legal Research,"Q1, Q7, Q8, Q9, Q10",5
https://openalex.org/W3205587532,FAIRly big: A framework for computationally reproducible processing of large-scale data,Q1,1
https://openalex.org/W3205979075,"Policies, Procedures, and <scp>Decision‐Making</scp>: Data Managers and the Research Lifecycle",Q1,1
https://openalex.org/W3206025158,Sparse Recovery of Elliptic Solvers from Matrix-Vector Products,Q5,1
https://openalex.org/W3206504951,Reproducibility Companion Paper,Q5,1
https://openalex.org/W3206704674,Applying And Promoting Open Science In Ecology - Surveyed Drivers And Challenges,Q1,1
https://openalex.org/W3206827668,Computational reproducibility: A how-to guide based on The Turing Way,Q1,1
https://openalex.org/W3206916868,CellSpatialGraph: Integrate hierarchical phenotyping and graph modeling to characterize spatial architecture in tumor microenvironment on digital pathology,Q5,1
https://openalex.org/W3206946405,A guide to pre‐processing high‐throughput animal tracking data,Q1,1
https://openalex.org/W3207559276,"The AI gambit: leveraging artificial intelligence to combat climate change—opportunities, challenges, and recommendations","Q3, Q4",2
https://openalex.org/W3207678933,Assessment of the fluid-dynamic and acoustic behaviour of a swirl static mixer for after-treatment systems,Q1,1
https://openalex.org/W3207704516,Learning to Describe Solutions for Bug Reports Based on Developer Discussions,Q3,1
https://openalex.org/W3207721366,"When open data closes the door: A critical examination of the past, present and the potential future for open data guidelines in journals","Q1, Q8, Q10",3
https://openalex.org/W3208066202,STONEHENGE — Suite for nonlinear analysis of energy harvesting systems,Q5,1
https://openalex.org/W3208067102,Photo- and thermally-induced electronic and structural dynamics in perovskites and transition metal oxides,Q1,1
https://openalex.org/W3208158085,Princípios FAIR aplicados à gestão de dados de pesquisa,"Q1, Q6, Q8, Q9",4
https://openalex.org/W3208260031,#SejaJUSTOeCUIDADOSO: princípios FAIR e CARE na gestão de dados de pesquisa,"Q1, Q6, Q8, Q9",4
https://openalex.org/W3208289922,Implementação dos princípios FAIR em repositóriosde dados científicos: uma análise comparativa das infraestruturas de software do DSpace e Dataverse,"Q1, Q6, Q8, Q9",4
https://openalex.org/W3208435087,Open spatial sciences: an introduction,"Q1, Q8",2
https://openalex.org/W3208590889,Reproducible Research in R: A Tutorial on how to Do the Same Thing More Than Once,Q1,1
https://openalex.org/W3208616606,The Art of Publishing Reproducible Research Outputs: Supporting emerging practices through cultural and technological innovation.,"Q1, Q4, Q7, Q8",4
https://openalex.org/W3208750135,Princípios FAIR e Linked Data: publicação de cadernos abertos de pesquisa,"Q1, Q6, Q8, Q9",4
https://openalex.org/W3208890654,Data Management Plan for Computational reproducibility in High-Performance Computing (HPC) (Exemplar),Q1,1
https://openalex.org/W3209001129,Publishing Reproducible Research Outputs - Literature findings,Q5,1
https://openalex.org/W3209179429,Um panorama histórico da iniciativa GO FAIR: da Europa para o Brasil,"Q1, Q6, Q8, Q9",4
https://openalex.org/W3209261377,Nuclear Medicine and Artificial Intelligence: Best Practices for Algorithm Development,Q3,1
https://openalex.org/W3209370722,Using the DATAVERSE project to move towards fair principles,"Q1, Q6, Q8, Q9",4
https://openalex.org/W3209541830,Design considerations for workflow management systems use in production genomics research and the clinic,Q1,1
https://openalex.org/W3209606947,Interoperabilidade de dados e a transdução informacional encapsulada no acesso a dados,"Q1, Q6, Q8, Q9",4
https://openalex.org/W3209851860,Interpretable Diagnosis for Whole-Slide Melanoma Histology Images Using Convolutional Neural Network,Q2,1
https://openalex.org/W3210205822,Morphology and gene expression profiling provide complementary information for mapping cell state,Q1,1
https://openalex.org/W3210357390,EntropyHub: An open-source toolkit for entropic time series analysis,"Q1, Q15",2
https://openalex.org/W3210386674,Untimely TGFβ responses in COVID-19 limit antiviral functions of NK cells,Q4,1
https://openalex.org/W3210504132,Objective Response to First-Line Treatment as a Predictor of Overall Survival in Metastatic Breast Cancer: A Retrospective Analysis from Two Centers over a 25-Year Period,Q2,1
https://openalex.org/W3210531526,Dados abertos da Plataforma Lattes segundo os princípios FAIR: exemplos do Extrator e Observatório de Informação da UFSC,"Q1, Q6, Q8, Q9",4
https://openalex.org/W3210556712,Tecnologias para gestão de dados de pesquisa segundo preceitos FAIR,"Q1, Q6, Q8, Q9",4
https://openalex.org/W3210714890,Investigando os princípios FAIR em repositórios de dados científicos do National Institutes of Health (NIH),"Q1, Q6, Q8, Q9",4
https://openalex.org/W3210740289,Analytical Procedure for determination and statistical validation of novel drug Mafenide acetate in pharmaceutical formulations,Q4,1
https://openalex.org/W3210744803,Workflow for Sand Control Testing of Injection Wells in Steam Assisted Gravity Drainage (SAGD),Q2,1
https://openalex.org/W3210820013,Openness and Computational Reproducibility in Plant Pathology: Where we Stand and a Way Forward,Q1,1
https://openalex.org/W3210873702,Rumo à rede de implantação GO FAIR ‘Agro’ Brasil: a experiência de uma organização de PD&amp;I na implantação dos princípios FAIR,"Q1, Q6, Q8, Q9",4
https://openalex.org/W3211019938,Princípios FAIR e a gestão de bases governamentais: análise do compartilhamento de dados de registros civis por meio da iniciativa GovData,"Q1, Q6, Q8, Q9",4
https://openalex.org/W3211179683,Reproducibility in subsurface geoscience,"Q1, Q7, Q8",3
https://openalex.org/W3211225292,VODAN BR – uma plataforma de apoio para dados COVID-19 seguindo os princípios FAIR,"Q1, Q6, Q8, Q9",4
https://openalex.org/W3211270094,Rede GO FAIR Brasil Saúde Enfermagem: onde estamos e aonde queremos chegar?,"Q1, Q6, Q8, Q9",4
https://openalex.org/W3211291877,Austrian Science Fund (Fwf) Open Research Data (Ord) Pilot Report,Q6,1
https://openalex.org/W3211435516,"The past, present and future of Registered Reports","Q1, Q7, Q8, Q9",4
https://openalex.org/W3211684547,Multivariable Prediction Models for Health Care Spending Using Machine Learning: a Protocol of a Systematic Review,"Q1, Q7",2
https://openalex.org/W3211825304,A low-resource reliable pipeline to democratize multi-modal connectome estimation and analysis,Q1,1
https://openalex.org/W3211832411,deepstruct – linking deep learning and graph theory,Q5,1
https://openalex.org/W3211841362,Machine-in-the-Loop Rewriting for Creative Image Captioning,Q3,1
https://openalex.org/W3211846920,Reproducibility of Research During COVID‐19: Examining the Case of Population Density and the Basic Reproductive Rate from the Perspective of Spatial Analysis,"Q1, Q7, Q8, Q14",4
https://openalex.org/W3211853246,"Replicability in the context of systematic reviews: A call for a framework with considerations regarding duplication, overlap, and intentionality",Q1,1
https://openalex.org/W3212027637,Preliminary Study: Immediate Effect of the Slow Deep Breathing Exercise and Sustained Maximal Inspiration with Volume-Oriented Incentive Spirometry on the Diffusing Lung Capacity in Healthy Young Participants,Q2,1
https://openalex.org/W3212052525,Foothills model data for overset grid method,Q6,1
https://openalex.org/W3212282742,Expression of Programmed Cell Death-1 (PD-1) and Its Ligand (PD-L1) in Breast Cancers and Its Association with Clinicopathological Parameters,Q2,1
https://openalex.org/W3212733538,Comment on “Implications of Perineural Invasion on Disease Recurrence and Survival After Pancreatectomy for Pancreatic Head Ductal Adenocarcinoma by Crippa et al.”,Q2,1
https://openalex.org/W3213344489,CP-GNN: A Software for Community Detection in Heterogeneous Information Networks,Q5,1
https://openalex.org/W3213434287,Building up a clinical microbiota profiling: a quality framework proposal,Q1,1
https://openalex.org/W3214050284,Data protection regulation: a comparative law approach,Q4,1
https://openalex.org/W3214074103,Replicating computational atmospheric science,Q1,1
https://openalex.org/W3214238998,Incidence of invasive fungal infection in acute lymphoblastic and acute myelogenous leukemia in the era of antimold prophylaxis,Q1,1
https://openalex.org/W3214279120,Evaluating the Reliability of Human Brain White Matter Tractometry,Q1,1
https://openalex.org/W3214383379,Ten simple rules on writing clean and reliable open-source scientific software,Q1,1
https://openalex.org/W3214502395,Laniakea@ReCaS: exploring the potential of customisable Galaxy on-demand instances as a cloud-based service,Q1,1
https://openalex.org/W3214743025,Challenges of Curating for Reproducible and FAIR Research Output,Q1,1
https://openalex.org/W3215090344,Epidemiology and Prognostic Significance of Rapid Response System Activation in Patients Undergoing Liver Transplantation,Q2,1
https://openalex.org/W3215181016,The systematic assessment of completeness of public metadata accompanying omics studies in the Gene Expression Omnibus,Q1,1
https://openalex.org/W3215287719,Towards community-driven metadata standards for light microscopy: tiered specifications extending the OME model.,Q2,1
https://openalex.org/W3215529945,Implementing the Transparency and Openness Promotion Guidelines for data and code to support computational reproducibility within the New Zealand Journal of Ecology,Q1,1
https://openalex.org/W3215807313,The fake news graph analyzer: An open-source software for characterizing spreaders in large diffusion graphs,Q5,1
https://openalex.org/W3215822578,Raw Data for IntoValue Dataset,Q1,1
https://openalex.org/W3216117974,China material stocks and flows account for 1978–2018,Q1,1
https://openalex.org/W3216336514,vid-SAMGRAH: A PyTorch framework for multi-latent space reinforcement learning driven video summarization in ultrasound imaging,Q5,1
https://openalex.org/W3216449042,Emotion-Core: An Open Source framework for emotion detection research,Q5,1
https://openalex.org/W3216641316,Non-Standard Errors,"Q1, Q7, Q8, Q15",4
https://openalex.org/W3216678879,njtr1: An R package for researching road safety in New Jersey using open crash data,Q5,1
https://openalex.org/W3217112997,Les revues SIC et les données de recherche,Q5,1
https://openalex.org/W3217469392,"Pulmonary function 45 and 180 days after COVID-19 hospitalization: does time, in fact, heal all wounds?",Q2,1
https://openalex.org/W3217607181,Reproducible Analysis Pipeline for Data Streams: Open-Source Software to Process Data Collected With Mobile Devices,Q1,1
https://openalex.org/W379886638,Auditing and Maintaining Provenance in Software Packages,Q1,1
https://openalex.org/W4200030843,Correlational Approach to Predict the Enthalpy of\nMixing for Chloride Melt Systems,Q1,1
https://openalex.org/W4200040126,Effect of Geospatial Uncertainty Borderization on Users’ Heuristic Reasoning,Q6,1
https://openalex.org/W4200064354,UCEasy: A software package for automating and simplifying the analysis of ultraconserved elements (UCEs),Q1,1
https://openalex.org/W4200087063,Reproducibility and research integrity in applied linguistics,"Q1, Q8",2
https://openalex.org/W4200099322,nf-rnaSeqCount: A Nextflow pipeline for obtaining raw read counts from RNA-seq data,Q1,1
https://openalex.org/W4200103974,VLMOO: A framework for benchmarking Variable-length Multiobjective Optimization problems with WSN focus,Q5,1
https://openalex.org/W4200108152,Using Tools of Intellectual Analysis In Area Safety Management,Q1,1
https://openalex.org/W4200125536,Reply on RC2,Q1,1
https://openalex.org/W4200138279,Open science practices and risks arising from misuse of biological research,"Q1, Q8",2
https://openalex.org/W4200158766,An Integrated Toolkit for Extensible and Reproducible Neuroscience,Q6,1
https://openalex.org/W4200169226,Towards Understanding the Usability Attributes of AI-Enabled eHealth Mobile Applications,Q4,1
https://openalex.org/W4200174505,CRFlowLib — Chemically Reacting Flow Library,Q5,1
https://openalex.org/W4200189449,Credibility via Coupling,"Q1, Q10",2
https://openalex.org/W4200205999,Data_Sheet_1_Solid Fuel Exposure and Chronic Obstructive Pulmonary Disease in Never-Smokers.PDF,Q2,1
https://openalex.org/W4200219368,Force Recruitment of Neuromuscular Magnetic Stimulation Predicted Through High-Resolution Anatomical 3D Models,Q1,1
https://openalex.org/W4200242460,Modeling Synaptic Effects of Anesthesia and its Cortical Cholinergic Reversal,Q1,1
https://openalex.org/W4200251440,Table_1_Classification of MR-Detected Additional Lesions in Patients With Breast Cancer Using a Combination of Radiomics Analysis and Machine Learning.docx,Q1,1
https://openalex.org/W4200310505,An accelerometer-derived ballistocardiogram method for detecting heartrates in free-ranging marine mammals,"Q1, Q7",2
https://openalex.org/W4200316860,Science Capsule: Towards Sharing and Reproducibility of Scientific Workflows,Q1,1
https://openalex.org/W4200324074,Why most psychological research findings are not even wrong,"Q1, Q8",2
https://openalex.org/W4200356374,Reporting all results efficiently: A RARE proposal to open up the file drawer,"Q1, Q7, Q8, Q9, Q10",5
https://openalex.org/W4200372993,Correlational Approach to Predict the Enthalpy of Mixing for Chloride Melt Systems,Q1,1
https://openalex.org/W4200391164,A comprehensive analysis of code and data availability in biomedical research,Q1,1
https://openalex.org/W4200394660,Validity and Reliability of Mathematics Intervention Instrument Based on the Learning Style of Students with Learning Disability (IMGAP) Using Rasch Assessment Model,"Q2, Q13",2
https://openalex.org/W4200403589,eScience Infrastructures in Physical Chemistry,Q1,1
https://openalex.org/W4200411794,Safeguarding Research: A Review of Economics Journals’ Preservation Policies for Published Code and Data Files,"Q1, Q7, Q8, Q9, Q15",5
https://openalex.org/W4200417934,"Special Issue on “Big Data in Biology, Life Sciences and Healthcare”",Q1,1
https://openalex.org/W4200428856,"Open Science, Replicability, and Transparency in Modelling","Q1, Q7, Q8",3
https://openalex.org/W4200440328,Computational Workflow Optimization for Magnetic Fluctuation Measurements of 3D Nano-Tetrapods,"Q1, Q8",2
https://openalex.org/W4200442510,Improving research quality: the view from the UK Reproducibility Network institutional leads for research improvement,Q1,1
https://openalex.org/W4200472480,Query Selector–Efficient transformer with sparse attention,Q5,1
https://openalex.org/W4200497857,Physical modelling techniques for the dynamical characterization and sound synthesis of historical bells,Q1,1
https://openalex.org/W4200513199,PyTorch-based implementation of label-aware graph representation for multi-class trajectory prediction,Q5,1
https://openalex.org/W4200527548,Growing Together: An Analysis of Measurement Transparency Across 15 Years of Player Motivation Questionnaires,Q2,1
https://openalex.org/W4200553015,"Figure 4 from: Sundermann EM, Correia Carreira G, Käsbohrer A (2021) An FSKX compliant source attribution model for salmonellosis and a look at its major hidden pitfalls. Food Modelling Journal 2: e70008. https://doi.org/10.3897/fmj.2.70008","Q1, Q7",2
https://openalex.org/W4200560336,A phase 2a clinical trial of molnupiravir in patients with COVID-19 shows accelerated SARS-CoV-2 RNA clearance and elimination of infectious virus,Q3,1
https://openalex.org/W4200576465,Perdiz arrow points from Caddo burial contexts aid in defining discrete behavioral regions,Q1,1
https://openalex.org/W4200594022,A workflow to integrate ecological monitoring data from different sources,Q1,1
https://openalex.org/W4200611528,CVAD - An unsupervised image anomaly detector,Q5,1
https://openalex.org/W4200611962,Elevated plasma complement components in facioscapulohumeral dystrophy,Q1,1
https://openalex.org/W4205116048,Statistical Significance Filtering Overestimates Effects and Impedes Falsification: A Critique of Endsley (2019),Q1,1
https://openalex.org/W4205164465,ProcessPerformance: A portable and easy-to-use tool to measure resource consumption of running processes,Q5,1
https://openalex.org/W4205178055,A Checklist for Reproducible Computational Analysis in Clinical Metabolomics Research,Q1,1
https://openalex.org/W4205215099,CyVerse for Reproducible Research: RNA-Seq Analysis,Q1,1
https://openalex.org/W4205353204,Supporting computational reproducibility through code review,Q1,1
https://openalex.org/W4205384179,Protecting against researcher bias in secondary data analysis: challenges and potential solutions,"Q1, Q8",2
https://openalex.org/W4205409522,The Bayesian Inferential Paradigm in Archaeology,Q1,1
https://openalex.org/W4205409877,A Review on Applications of CFD Modeling in COVID-19 Pandemic,Q2,1
https://openalex.org/W4205509996,Opening the Black Box of Peer Review,Q1,1
https://openalex.org/W4205604268,statacons: An SCons-Based Build Tool for Stata,"Q1, Q7, Q8",3
https://openalex.org/W4205677315,FSeCBIR: A Faster Secure Content-Based Image Retrieval for Cloud,Q5,1
https://openalex.org/W4205699956,Developing and disseminating data analysis tools for open science,"Q1, Q8",2
https://openalex.org/W4205723518,X-ray computed tomography data structure tensor orientation mapping for finite element models — STXAE,Q5,1
https://openalex.org/W4205738517,Packaging research artefacts with RO-Crate,"Q1, Q8",2
https://openalex.org/W4205797182,Visual Assessment of Mixing Process of Middle-Pressure Jet Grouting Method,Q1,1
https://openalex.org/W4205802185,Onset and Contiguity,Q1,1
https://openalex.org/W4205805845,Guidelines and quality criteria for artificial intelligence-based prediction models in healthcare: a scoping review,Q3,1
https://openalex.org/W4205910042,‘Trust Us’: Open Data and Preregistration in Political Science and International Relations,"Q1, Q7, Q8, Q9",4
https://openalex.org/W4205935848,Preface,Q5,1
https://openalex.org/W4206010839,On Biomedical Computations in Cluster and Cloud Environment,"Q1, Q14",2
https://openalex.org/W4206118763,Oral treprostinil improves pulmonary vascular compliance in pulmonary arterial hypertension,Q4,1
https://openalex.org/W4206221633,CAT PAW: Combinatorial Algorithm to Test all Possible Assortments of Weights,Q5,1
https://openalex.org/W4206301548,Mapping Cell Phenomics with Multiparametric Flow Cytometry Assays,Q4,1
https://openalex.org/W4206332772,Denoising diffusion weighted imaging data using convolutional neural networks,Q1,1
https://openalex.org/W4206340939,Qualitätskriterien für die automatische Inhaltsanalyse. Zur Integration von Verfahren des maschinellen Lernens in die Kommunikationswissenschaft,Q3,1
https://openalex.org/W4206411981,Reproducible Model Sharing for AI Practitioners,Q1,1
https://openalex.org/W4206440575,Is Neuroscience FAIR? A Call for Collaborative Standardisation of Neuroscience Data,"Q1, Q10",2
https://openalex.org/W4206453722,Preprints,"Q1, Q7, Q8",3
https://openalex.org/W4206463692,Complexity from Spinning Primaries,Q1,1
https://openalex.org/W4206481706,Is timber management a realistic conservation alternative for indigenous Amazonian communities?,"Q2, Q12",2
https://openalex.org/W4206506112,AEA Data and Code Availability Policy,"Q1, Q7, Q8",3
https://openalex.org/W4206514205,Exploring the Composition of Lithic Assemblages in Mesolithic South-Eastern Norway,"Q1, Q8",2
https://openalex.org/W4206556147,Brazilian scenario of inoculant production: A look at patents,Q4,1
https://openalex.org/W4206611164,<i>DiaVis</i>: Exploration and Analysis of Diabetes through Visual Interactive System,Q6,1
https://openalex.org/W4206657655,End-to-End provenance representation for the understandability and reproducibility of scientific experiments using a semantic approach,Q1,1
https://openalex.org/W4206713274,A data flow process for confidential data and its application in a health research project,Q2,1
https://openalex.org/W4206733002,Jupyter: Thinking and Storytelling with Code and Data,"Q1, Q7",2
https://openalex.org/W4206789978,Proceed to revised manuscript,"Q1, Q8",2
https://openalex.org/W4206876019,"Analysis of the Interactions Taking Place in the Recognition Site of a Bimetallic Mg(II)-Zn(II) Enzyme, Isopentenyl Diphosphate Isomerase. A Parallel Quantum-Chemical and Polarizable Molecular Mechanics Study",Q1,1
https://openalex.org/W4206977571,MaxQuant and MSstats in Galaxy enable reproducible cloud-based analysis of quantitative proteomics experiments for everyone,Q1,1
https://openalex.org/W4206987138,Prefácio,"Q1, Q6, Q8, Q9",4
https://openalex.org/W4206992641,Standardisation of canine meningioma grading: Inter‐observer agreement and recommendations for reproducible histopathologic criteria,Q2,1
https://openalex.org/W4207001796,Apresentação,"Q1, Q6, Q8, Q9",4
https://openalex.org/W4207004934,"FoodMicrobionet v4: a large, integrated, open and transparent database for food bacterial communities",Q2,1
https://openalex.org/W4207080572,The Next Generation of Fatigue Prediction Models: Evaluating Current Trends in Biomathematical Modelling for Safety Optimization,Q1,1
https://openalex.org/W4210408140,"Cardiovascular, respiratory and functional effects of tele-supervised home-based exercise training in individuals recovering from COVID-19 hospitalization: A randomized clinical trial","Q2, Q13",2
https://openalex.org/W4210409705,EiC Editorial – Advancing Reproducibility in Parallel and Distributed Systems Research,Q5,1
https://openalex.org/W4210503589,The Rumor Categorizer: An open-source software for analyzing rumor posts on Twitter,Q5,1
https://openalex.org/W4210527404,An Implicit Trust-Network construction approach and a Recommendation Methodology for recommender systems,Q5,1
https://openalex.org/W4210585002,LPRM: A user-friendly iteration-free combined Local Polynomial and Rational Method toolbox for measurements of multiple input systems,Q5,1
https://openalex.org/W4210591715,Diabetic Retinopathy: From Animal Models to Cellular Signaling,Q6,1
https://openalex.org/W4210594257,Method Adaptation for Antiscaling Products Efficiency Measurement,Q2,1
https://openalex.org/W4210635449,The Evolution of Data Sharing Practices in the Psychological Literature,"Q1, Q8",2
https://openalex.org/W4210644165,Sustainable data analysis with Snakemake,Q1,1
https://openalex.org/W4210646110,An experimental/numerical investigation of non-reacting turbulent flow in a piloted premixed Bunsen burner,Q1,1
https://openalex.org/W4210674486,Origin of the temperature dependence of <sup>13</sup>C pNMR shifts for copper paddlewheel MOFs,Q1,1
https://openalex.org/W4210697638,The chronology of archaeological assemblages based on an automatic Bayesian procedure: Eastern Iberia as study case,"Q1, Q8",2
https://openalex.org/W4210745661,Probability bounds analysis for Python,Q5,1
https://openalex.org/W4210959525,Natural pollen exposure increases in a dose‐dependent way Fraction of exhaled Nitric Oxide (FeNO) levels in patients sensitized to one or more pollen species,Q2,1
https://openalex.org/W4211046303,A class-driven approach to dimension embedding,Q1,1
https://openalex.org/W4211129389,Additive Manufacturing Technologies and Applications,"Q2, Q12",2
https://openalex.org/W4211223959,"Peer Review #1 of ""Research artifacts and citations in computer systems papers (v0.1)""","Q1, Q7, Q10",3
https://openalex.org/W4212767361,"Synthesis and Characterizations of 5,5′‐Bibenzo[<i>rst</i>]pentaphene with Axial Chirality and Symmetry‐Breaking Charge Transfer",Q1,1
https://openalex.org/W4212773221,Beyond CSI: Calibrating public beliefs about the reliability of forensic science through openness and transparency,"Q1, Q7, Q8",3
https://openalex.org/W4212778855,"Transparent, Open, and Reproducible Prevention Science","Q1, Q7, Q8, Q9, Q10, Q15",6
https://openalex.org/W4212879039,The Clinical Kinase Index (CKI): A user friendly application to prioritize kinases as prospective cancer drug targets,Q5,1
https://openalex.org/W4212935523,From Documents to Data: A Framework for Total Corpus Quality,"Q1, Q7, Q8, Q9, Q10, Q15",6
https://openalex.org/W4212937127,5.1 Auffindbarkeit und Nutzbarkeit von Daten,"Q1, Q8",2
https://openalex.org/W4212968068,"Peer Review #1 of ""A new phylogenetic data standard for computable clade definitions: the Phyloreference Exchange Format (Phyx) (v0.1)""",Q1,1
https://openalex.org/W4213070647,Proton Coupled Electron Transfer at Heavy Metal Sites,Q1,1
https://openalex.org/W4213131350,A community-sourced glossary of open scholarship terms,"Q1, Q7, Q8, Q9",4
https://openalex.org/W4213132902,Surveying 5G Techno-Economic Research to Inform the Evaluation of 6G Wireless Technologies,"Q1, Q7, Q15",3
https://openalex.org/W4213159942,A new phylogenetic data standard for computable clade definitions: the Phyloreference Exchange Format (Phyx),Q1,1
https://openalex.org/W4213198012,Quantitative Macroeconomics: Lessons Learned from Fourteen Replications,"Q1, Q7, Q8, Q15",4
https://openalex.org/W4213259093,"Peer Review #2 of ""A new phylogenetic data standard for computable clade definitions: the Phyloreference Exchange Format (Phyx) (v0.1)""",Q1,1
https://openalex.org/W4213259433,A Method to Encourage Minimum Reporting Guideline Uptake for Data Analysis in Metabolomics,Q1,1
https://openalex.org/W4213268808,ARBO: Arbovirus modeling and uncertainty quantification toolbox,Q5,1
https://openalex.org/W4213380205,Clarifying Assumptions About Artificial Intelligence Before Revolutionising Patent Law,Q4,1
https://openalex.org/W4213414893,Prediction of Force Recruitment of Neuromuscular Magnetic Stimulation From 3D Field Model of the Thigh,Q1,1
https://openalex.org/W4213450832,Recommendations for the formatting of Variant Call Format (VCF) files to make plant genotyping data FAIR,Q1,1
https://openalex.org/W4213453664,Clinicopathological Review of Micropapillary Urothelial Carcinoma,Q2,1
https://openalex.org/W4214490571,Training the Next Generation of Clinical Psychological Scientists: A Data-Driven Call to Action,Q1,1
https://openalex.org/W4214498413,Computed Tomography Findings in Progressive Massive Fibrosis: Analyses of 90 Cases,Q2,1
https://openalex.org/W4214523508,"LC–MS/MS Determination of Prednisone, A Drug in Phase 4 of Multiple Sclerosis Therapy along with Teriflunomide and Pioglitazone in Rat Plasma",Q4,1
https://openalex.org/W4214662435,Consensus-based guidance for conducting and reporting multi-analyst studies,"Q1, Q7, Q8",3
https://openalex.org/W4214668794,Diagnosis of Congenital Uterine Abnormalities: Practical Considerations,Q2,1
https://openalex.org/W4214724900,Group 1 ILCs regulate T cell–mediated liver immunopathology by controlling local IL-2 availability,Q3,1
https://openalex.org/W4214808144,A quality by design (QbD) approach in pharmaceutical development of lipid-based nanosystems: A systematic review,Q4,1
https://openalex.org/W4214843848,"Indicators of research quality, quantity, openness and responsibility in institutional promotion, review and tenure policies across seven countries","Q1, Q8, Q10",3
https://openalex.org/W4214882718,Open Lab: A web application for running and sharing online experiments,"Q1, Q7, Q8",3
https://openalex.org/W4214886639,Iterative Rotations and Assignments (IRA): A shape matching algorithm for atomic structures,Q5,1
https://openalex.org/W4214889153,"A survey of researchers’ code sharing and code reuse practices, and assessment of interactive notebook prototypes","Q1, Q8",2
https://openalex.org/W4214905312,Human MicroRNAs Attenuate the Expression of Immediate Early Proteins and HCMV Replication during Lytic and Latent Infection in Connection with Enhancement of Phosphorylated RelA/p65 (Serine 536) That Binds to MIEP,Q6,1
https://openalex.org/W4214913012,Do Meta-Analyses of Intervention/Prevention Programs in the Field of Criminology Meet the Tests of Transparency and Reproducibility?,Q3,1
https://openalex.org/W4214913267,An Architecture for Experiments in Networked Control Systems,Q1,1
https://openalex.org/W4214914304,"Editorial of the Psych Special Issue “Computational Aspects, Statistical Algorithms and Software in Psychometrics”",Q1,1
https://openalex.org/W4214918013,Arkas: Rapid reproducible RNAseq analysis,Q1,1
https://openalex.org/W4214927541,How to enhance data FAIRness,Q1,1
https://openalex.org/W4214934730,LabInform: A Modular Laboratory Information SystemBuilt From Open Source Components,Q1,1
https://openalex.org/W4214939940,An Architecture for Experiments in Connected and Automated Vehicles,Q1,1
https://openalex.org/W4220652293,Improving the Computational Reproducibility of Clinical Science: Tools for Open Data and Code,Q1,1
https://openalex.org/W4220663558,Ten simple rules for finding and selecting R packages,"Q1, Q8, Q15",3
https://openalex.org/W4220664530,Datasets for Automated Affect and Emotion Recognition from Cardiovascular Signals Using Artificial Intelligence— A Systematic Review,"Q1, Q8",2
https://openalex.org/W4220667634,Open Science in Health Psychology and Behavioral Medicine: A Statement from the Behavioral Medicine Research Council,"Q1, Q7, Q8",3
https://openalex.org/W4220704207,Laboratory verification of new commercial lateral flow assays for Cryptococcal antigen (CrAg) detection against the predicate IMMY LFA in a reference laboratory in South Africa,Q6,1
https://openalex.org/W4220707233,Packaging research artefacts with RO-Crate,Q1,1
https://openalex.org/W4220715136,Sharing is Caring: Ethical Implications of Transparent Research in Psychology,"Q1, Q7, Q8, Q9",4
https://openalex.org/W4220728376,The Molecular Basis and Pathophysiology of Trigeminal Neuralgia,Q2,1
https://openalex.org/W4220736424,Comparison of cross-sectional area and fat infiltration of suboccipital muscles between normal dogs and dogs with atlantoaxial instability,Q6,1
https://openalex.org/W4220740581,"<scp>ENIGMA HALFpipe</scp> : Interactive, reproducible, and efficient analysis for resting‐state and task‐based <scp>fMRI</scp> data",Q1,1
https://openalex.org/W4220743404,How Reproducible are QM/MM Simulations? Lessons from Computational Studies of the Covalent Inhibition of the SARS-CoV-2 Main Protease by Carmofur,Q1,1
https://openalex.org/W4220753255,The critical need to foster computational reproducibility,Q1,1
https://openalex.org/W4220780021,Data solidarity for machine learning for embryo selection: a call for the creation of an open access repository of embryo data,Q1,1
https://openalex.org/W4220790774,Assessing and improving the quality of Fortran code in scientific software: FortranAnalyser,Q1,1
https://openalex.org/W4220820711,Tests of robustness in peer review,Q1,1
https://openalex.org/W4220834538,The Center for Reproducible Science at the University of Zurich,Q4,1
https://openalex.org/W4220848989,The Evidence Synthesis and Meta-Analysis in R Conference (ESMARConf): levelling the playing field of conference accessibility and equitability,Q1,1
https://openalex.org/W4220857903,Reproducible Tract Profiles (RTP2): from diffusion MRI acquisition to clinical practice and research,Q1,1
https://openalex.org/W4220873417,ASpecD: A Modular Framework for the Analysis of Spectroscopic Data Focussing on Reproducibility and Good Scientific Practice,Q1,1
https://openalex.org/W4220901028,Practical Reproducibility in Geography and Geosciences,Q1,1
https://openalex.org/W4220907961,Artificial immune systems applied to clinical diagnosis of breast cancer samples,Q1,1
https://openalex.org/W4220935761,A framework for rigorous evaluation of human performance in human and machine learning comparison studies,Q3,1
https://openalex.org/W4220951347,Making it personal,Q1,1
https://openalex.org/W4220966113,How often do cancer researchers make their data and code available and what factors are associated with sharing?,Q1,1
https://openalex.org/W4220968010,Relating Sound and Sight in Simulated Environments,Q1,1
https://openalex.org/W4220978016,Grading of Canine Meningiomas: Recommendations for Reproducible Criteria in Histopathology,Q2,1
https://openalex.org/W4220983798,ASpecD: A Modular Framework for the Analysis of Spectroscopic Data Focussing on Reproducibility and Good Scientific Practice,Q1,1
https://openalex.org/W4220991954,Reproducible Research Publication Workflow: A Canonical Workflow Framework and FAIR Digital Object Approach to Quality Research Output,"Q1, Q6, Q7, Q8, Q9, Q10",6
https://openalex.org/W4220998728,Guidelines for collaborative development of sustainable data treatment software,Q1,1
https://openalex.org/W4221001444,What’s in a Badge? A Computational Reproducibility Investigation of the Open Data Badge Policy in one Issue of Psychological Science,Q1,1
https://openalex.org/W4221002811,Shortcuts to Thermodynamic Computing: The Cost of Fast and Faithful Information Processing,Q1,1
https://openalex.org/W4221026427,Fumeus: A family of Python tools for text mining with smoke terms,Q5,1
https://openalex.org/W4221028140,eTRANSAFE: Building a sustainable framework to share reproducible drug safety knowledge with the public domain,Q1,1
https://openalex.org/W4221028408,Optimization and Validation of a Custom-Designed Perfusion Bioreactor for Bone Tissue Engineering: Flow Assessment and Optimal Culture Environmental Conditions,Q1,1
https://openalex.org/W4221038320,Using Multiple Pretreatment Periods to Improve Difference-in-Differences and Staggered Adoption Designs,"Q1, Q7, Q8, Q9, Q10",5
https://openalex.org/W4221054929,Open and reproducible science practices in psychoneuroendocrinology: opportunities to foster scientific progress,"Q1, Q3, Q7, Q8",4
https://openalex.org/W4221066880,A collaborative semantic-based provenance management platform for reproducibility,Q1,1
https://openalex.org/W4221099843,"Peer Review #1 of ""A collaborative semantic-based provenance management platform for reproducibility (v0.4)""",Q1,1
https://openalex.org/W4221103748,Sporadic Medullary Thyroid Carcinoma: Towards a Precision Medicine,Q2,1
https://openalex.org/W4221137547,Significant bronchodilator response in FEF25-75 for the diagnosis of asthma in children,Q2,1
https://openalex.org/W4221140895,A quantum dot crossbar with sublinear scaling of interconnects at cryogenic temperature,Q4,1
https://openalex.org/W4221142711,Building Domain-Specific Machine Learning Workflows: A Conceptual Framework for the State of the Practice,Q4,1
https://openalex.org/W4221144269,Constraining the Milky Way Halo Kinematics via Its Linear Response to the Large Magellanic Cloud,Q1,1
https://openalex.org/W4221151632,Improving Word Translation via Two-Stage Contrastive Learning,Q3,1
https://openalex.org/W4221165773,Tools and Recommendations for Reproducible Teaching,Q1,1
https://openalex.org/W4223441700,Official Report on the 2021 Computational and Autonomous Workflows Workshop (CAW 2021),Q4,1
https://openalex.org/W4223462649,"New horizons in Type 2 myocardial infarction: pathogenesis, assessment and management of an emerging geriatric disease",Q2,1
https://openalex.org/W4223486535,Overcoming the Reproducibility Crisis - Results of the first Community Survey of the German National Research Data Infrastructure for Neuroscience,Q1,1
https://openalex.org/W4223566337,The Open Science Challenge: Adopt One Practice that Enacts Widely Shared Values,"Q1, Q7, Q8, Q9, Q10",5
https://openalex.org/W4223608329,Erratum to the Abstract ‘Grading of Canine Meningiomas: Recommendations for Reproducible Criteria in Histopathology’,Q2,1
https://openalex.org/W4223608729,Visual Assistance in Development and Validation of Bayesian Networks for Clinical Decision Support,Q6,1
https://openalex.org/W4223622769,Measuring and Monitoring the Diversity Circulation of European Music with Open Source Technology and Data Sharing Witin the Digital Music Observatory,"Q1, Q7, Q8, Q15",4
https://openalex.org/W4223897499,SAMPL7 protein-ligand challenge: A community-wide evaluation of computational methods against fragment screening and pose-prediction,Q1,1
https://openalex.org/W4223945485,Meeting in the Middle: Towards Successful Multidisciplinary Bioimage Analysis Collaboration,Q1,1
https://openalex.org/W4223958773,Quantified Reproducibility Assessment of NLP Results,Q3,1
https://openalex.org/W4223971218,IGA-Reuse-NET: A deep-learning-based isogeometric analysis-reuse approach with topology-consistent parameterization,Q5,1
https://openalex.org/W4223990803,"Indications, Feasibility, and Safety of TST STARR Plus Stapler for Degree III Hemorrhoids: A Retrospective Study of 125 Hemorrhoids Patients",Q2,1
https://openalex.org/W4224068406,Biosecurity in an age of open science,"Q1, Q8",2
https://openalex.org/W4224102373,1-NN learning on Hanan sets,Q1,1
https://openalex.org/W4224130794,Prophylaxis for preventing venous thromboembolism in knee arthroscopy and soft tissue reconstruction: consensus statements from an international panel of experts,Q2,1
https://openalex.org/W4224136423,"Data availability of open T-cell receptor repertoire data, a systematic assessment",Q1,1
https://openalex.org/W4224212573,Natural Language Processing Methods and Bipolar Disorder: Scoping Review,Q3,1
https://openalex.org/W4224235379,Multiple Primary Melanomas: Retrospective Review in a Tertiary Care Hospital,Q2,1
https://openalex.org/W4224241302,An antibody class with a common CDRH3 motif broadly neutralizes sarbecoviruses,Q3,1
https://openalex.org/W4224311643,An ecologist's guide for studying DNA methylation variation in wild vertebrates,Q1,1
https://openalex.org/W4224433806,"Towards a Digital Twin of the Earth System: Geo-Soft-CoRe, a Geoscientific Software &amp; Code Repository","Q1, Q15",2
https://openalex.org/W4224865309,Can Previous Levels of Physical Activity Affect Risk Factors for Cardiorespiratory Diseases and Functional Capacity after COVID‐19 Hospitalization? A Prospective Cohort Study,Q2,1
https://openalex.org/W4225008563,Learning Dynamics by Reservoir Computing (In Memory of Prof. Pavol Brunovský),"Q1, Q11",2
https://openalex.org/W4225091899,Tackling psychosocial and capital constraints to alleviate poverty,"Q1, Q7, Q15",3
https://openalex.org/W4225102691,Defining the role of open source software in research reproducibility,"Q1, Q8",2
https://openalex.org/W4225135666,Studying Cardiac Neural Network Dynamics: Challenges and Opportunities for Scientific Computing,Q4,1
https://openalex.org/W4225269288,Analysis of a Measurement Method and Test System for Pressure Change Rates in Commercial Vehicle Brake Chambers,"Q2, Q6",2
https://openalex.org/W4225305766,Open-source tutorials benefit the field,Q1,1
https://openalex.org/W4225313509,"Cellxgene VIP unleashes full power of interactive visualization and integrative analysis of scRNA-seq, spatial transcriptomics, and multiome data",Q1,1
https://openalex.org/W4225331139,Field Quality of the 4.5-m-Long MQXFA Pre-Series Magnets for the HL-LHC Upgrade as Observed During Magnet Assembly,Q1,1
https://openalex.org/W4225346764,CLINICAL DIAGNOSIS OF BREAST CANCER SAMPLES USING NEGATIVE SELECTION ALGORITHM,Q1,1
https://openalex.org/W4225456955,Disentanglement by Cyclic Reconstruction,Q3,1
https://openalex.org/W4225463192,Reproducible Research in R: A Tutorial on How to Do the Same Thing More Than Once,"Q1, Q15",2
https://openalex.org/W4225463239,GeneTonic: an R/Bioconductor package for streamlining the interpretation of RNA-seq data,Q1,1
https://openalex.org/W4225483595,Benchmarking of tools for axon length measurement in individually-labeled projection neurons,Q2,1
https://openalex.org/W4225506082,"Reproducibility of Empirical Results: Evidence from 1,000 Tests in Finance","Q1, Q15",2
https://openalex.org/W4225516698,Validating the knowledge bank approach for personalized prediction of survival in acute myeloid leukemia: a reproducibility study,Q1,1
https://openalex.org/W4225576441,Reproducibility in the Social Sciences,"Q1, Q7, Q8, Q9, Q10, Q14",6
https://openalex.org/W4225639696,Tests of Robustness in Peer Review,"Q1, Q7, Q8",3
https://openalex.org/W4225662597,Deciding what to replicate: A decision model for replication study selection under resource and knowledge constraints.,"Q1, Q7, Q8, Q15",4
https://openalex.org/W4225681703,Investigating Cultural Values and Educational Technology Adoption in Central Asia,"Q2, Q12, Q13",3
https://openalex.org/W4225727353,Review of Organizational Ambidexterity Research,"Q2, Q12",2
https://openalex.org/W4225751037,Progress on Software Verification: SV-COMP 2022,Q6,1
https://openalex.org/W4225919256,A HYBRID ARTIFICIAL INTELLIGENCE APPLIED TO STRUCTURAL FAILURES DIAGNOSIS,Q1,1
https://openalex.org/W4225943110,Two-loop anomalous dimension for the resummation of non-global observables,Q1,1
https://openalex.org/W4225987291,FAIRly big: A framework for computationally reproducible processing of large-scale data,Q1,1
https://openalex.org/W4225995052,Towards low-energy-light-driven bistable photoswitches: ortho-fluoroaminoazobenzenes,Q1,1
https://openalex.org/W4226040113,Vortex interaction in triple flickering buoyant diffusion flames,Q1,1
https://openalex.org/W4226058460,Multivariable prediction models for health care spending using machine learning: a protocol of a systematic review,"Q1, Q7, Q15",3
https://openalex.org/W4226071800,Oriented internal electrostatic fields: an emerging design element in coordination chemistry and catalysis,Q1,1
https://openalex.org/W4226096495,Reproducibility in Computing Research: An Empirical Study,"Q1, Q7",2
https://openalex.org/W4226099575,Effectiveness of Laser Diffraction Method for Particle Size Evaluation of Residual Soil,Q2,1
https://openalex.org/W4226109838,STENCIL: A web templating engine for visualizing and sharing life science datasets,Q1,1
https://openalex.org/W4226144286,Why most psychological research findings are not even wrong,"Q1, Q8",2
https://openalex.org/W4226151304,Building Domain-Specific Machine Learning Workflows: A Conceptual Framework for the State-of-the-Practice,Q4,1
https://openalex.org/W4226183864,Respiratory Oscillometry in Newborn Infants: Conventional and Intra-Breath Approaches,Q2,1
https://openalex.org/W4226200391,Teaching for large-scale Reproducibility Verification,Q6,1
https://openalex.org/W4226251227,Towards community-driven metadata standards for light microscopy: tiered specifications extending the OME model,Q2,1
https://openalex.org/W4226253450,Particle Swarm Optimization for Calibration in Spatially Explicit Agent-Based Modeling,Q1,1
https://openalex.org/W4226277030,PEGR: a flexible management platform for reproducible epigenomic and genomic research,Q1,1
https://openalex.org/W4226320247,An open-source Python library for self-organizing-maps,Q5,1
https://openalex.org/W4226369454,Organizations Involved in Humanitarian Action: Introducing a New Dataset,Q2,1
https://openalex.org/W4226428966,The impact of PrsA over-expression on the <i>Bacillus subtilis</i> transcriptome during fed-batch fermentation of alpha-amylase production,Q1,1
https://openalex.org/W4229000037,Progress in recommender systems research: Crisis? What crisis?,Q3,1
https://openalex.org/W4229002069,"FoodMicrobionet v4: A large, integrated, open and transparent database for food bacterial communities",Q2,1
https://openalex.org/W4229002417,A technique for efficient computation of steady yaw manoeuvres using CFD,Q1,1
https://openalex.org/W4229042550,Multiconfiguration Pair-Density Functional Theory for Chromium(IV) Molecular Qubits,Q1,1
https://openalex.org/W4229045911,Lung health after tuberculosis: clinical and functional assessment in post-pulmonary tuberculosis Egyptian patients,Q2,1
https://openalex.org/W4229083946,Handbook of Research on the Global View of Open Access and Scholarly Communications,"Q1, Q7, Q8, Q10, Q15",5
https://openalex.org/W4229379106,Containerization for creating reusable model code,Q1,1
https://openalex.org/W4229451717,"Peer Review #3 of ""A survey of the state of the practice for research software in the United States (v0.1)""","Q1, Q7",2
https://openalex.org/W4229535356,Reproducibility Practice in High Performance Computing: Community Survey Results,Q1,1
https://openalex.org/W4229659454,Reproducibilidad científica: ¿Qué es y por qué debemos interesarnos en geo-ciencias?,Q1,1
https://openalex.org/W4229663156,Preprints: Their Evolving Role in Science Communication,"Q1, Q7, Q8",3
https://openalex.org/W4229669286,Towards computational reproducibility: researcher perspectives on the use and sharing of software,Q1,1
https://openalex.org/W4229820640,ActivePapers: a platform for publishing and archiving computer-aided research,"Q1, Q8",2
https://openalex.org/W4229856125,Stall Inception in Low-Pressure Ratio Fans,Q1,1
https://openalex.org/W4230161179,Head and Neck Tumors in Older Adults: Systemic Treatments and Combination with Local Strategies,Q2,1
https://openalex.org/W4230166665,Material Correlates Analysis (MCA),"Q1, Q8, Q10",3
https://openalex.org/W4230498019,Open Science in Psychophysiology: An Overview of Challenges and Emerging Solutions,Q1,1
https://openalex.org/W4230635125,Applied and computational mathematics division:,Q1,1
https://openalex.org/W4230658585,"Beyond maps: Patterns of formation processes at the Middle Pleistocene open-air site of Marathousa 1, Megalopolis Basin, Greece",Q1,1
https://openalex.org/W4230802096,"Table of Contents, Volume 37, Issue 8",Q1,1
https://openalex.org/W4231347666,Comparative analysis reveals the long-term co-evolutionary history of parvoviruses and vertebrates,Q1,1
https://openalex.org/W4231857591,NA,"Q1, Q9",2
https://openalex.org/W4232413050,A Standard for the Scholarly Citation of Archaeological Data as an Incentive to Data Sharing,"Q1, Q8, Q10",3
https://openalex.org/W4232570412,IOP-details,Q1,1
https://openalex.org/W4232634369,"Peer Review #1 of ""Making simulation results reproducible—Survey, guidelines, and examples based on Gradle and Docker (v0.1)""","Q1, Q7",2
https://openalex.org/W4232904800,CompoundHetVIP: Compound Heterozygous Variant Identification Pipeline,Q1,1
https://openalex.org/W4232912191,Index,"Q1, Q7, Q9, Q10",4
https://openalex.org/W4233180244,Outlining the knapping techniques: assessment of the shape and regularity of prismatic blades using elliptic Fourier analysis,Q1,1
https://openalex.org/W4233321597,Automated Detection of Acute Lymphoblastic Leukaemia from Microscopic Images based on Human Visual Perception,Q2,1
https://openalex.org/W4233364379,Protocol for a reproducible circRNA analysis using Docker4Circ v3,Q1,1
https://openalex.org/W4233463053,PM 7/24 (4) <i>Xylella fastidiosa</i>,"Q2, Q12",2
https://openalex.org/W4233530144,Modeling Metaphysics: the Rise of Simulation and the Reversal of Platonism,"Q1, Q7, Q8",3
https://openalex.org/W4233686191,Suitable reporting for the reproducible research: an added value in the analysis of proteomics data,Q1,1
https://openalex.org/W4234136594,Magnetically Induced Ring-Current Strengths of Planar and Nonplanar Molecules: New Insights from the Pseudo-π Model,Q1,1
https://openalex.org/W4234285715,"CGAT-core: a python framework for building scalable, reproducible computational biology workflows",Q1,1
https://openalex.org/W4234449191,Clinical validation of full genotyping CLART® HPV4S assay on SurePath and ThinPrep collected screening samples according to the International Guidelines for Human Papillomavirus Test Requirements for Cervical Screening,Q4,1
https://openalex.org/W4235156746,"""Artificial Intelligence Verification Platform using Block Chain with Distributed Ledger Technology""",Q3,1
https://openalex.org/W4235263398,Skygrid,Q1,1
https://openalex.org/W4235392020,FTMP-based Simulations and Evaluations of Elementary Dislocation Processes by Discrete Dislocation Dynamics,Q1,1
https://openalex.org/W4235584490,"A Reproducible MEEG Data Analysis Workflow with conda, Snakemake, and R Markdown","Q1, Q9",2
https://openalex.org/W4235698340,"An update of hydrologic conditions and distribution of selected constituents in water, Eastern Snake River Plain aquifer and perched groundwater zones, Idaho National Laboratory, Idaho, emphasis 2016–18",Q2,1
https://openalex.org/W4235791242,"Replicability, Robustness, and Reproducibility in Psychological Science","Q1, Q7, Q8, Q9, Q10",5
https://openalex.org/W4235982757,"Reproducibilidad en AGILE: Experiencias, logros y recomendaciones","Q1, Q7, Q10",3
https://openalex.org/W4236185640,Towards computational reproducibility: researcher perspectives on the use and sharing of software,Q1,1
https://openalex.org/W4236249278,Accurate determination of band edge carrier mobility of graphene antidot lattices,Q1,1
https://openalex.org/W4236431533,Recommendations for the Design and Analysis of <i>In Vivo</i> Electrophysiology Studies,Q2,1
https://openalex.org/W4236606847,Homogeneous intrinsic neuronal excitability induces overfitting to sensory noise: A robot model of neurodevelopmental disorder,Q1,1
https://openalex.org/W4236711775,White paper on Verification and Validation for Cyber Emulation Models,Q1,1
https://openalex.org/W4236743824,Protocol for a reproducible circRNA analysis using Docker4Circ v1,Q1,1
https://openalex.org/W4236997835,Symposium,Q1,1
https://openalex.org/W4237189872,Analysis of Open Data and Computational Reproducibility in Registered Reports in Psychology,Q1,1
https://openalex.org/W4237422420,The relationship between poor pulmonary function and irregular pulse in the elderly: findings from a nationwide cross-sectional survey in Korea,"Q2, Q13",2
https://openalex.org/W4237431634,Computational reproducibility,Q1,1
https://openalex.org/W4237695627,Power analysis for parameter estimation in structural equation modeling: A discussion and tutorial,"Q1, Q9, Q10",3
https://openalex.org/W4237992302,Reviewers' Decision to Sign Reviews is Related to Their Recommendation,Q1,1
https://openalex.org/W4238009584,UK greenhouse gas measurements at two new tall towers for aiding emissions verification,Q4,1
https://openalex.org/W4238631792,From 2D to Next Generation VR/AR Videos: Enabling Efficient Streaming via QoE-aware Mobile Networks,Q5,1
https://openalex.org/W4238672699,The case for free and open source software in research and scholarship,"Q1, Q7, Q8",3
https://openalex.org/W4238994376,Estimating the prevalence of transparency and reproducibility-related research practices in psychology (2014-2017),"Q1, Q8",2
https://openalex.org/W4239325020,Sharing Data and Code: A Comment on the Call for the Adoption of More Transparent Research Practices in Sport and Exercise Science,Q1,1
https://openalex.org/W4239744169,"A Retrospective Study on Incidence, Diagnosis, and Clinical Outcome of Gastric-type Endocervical Adenocarcinoma in a Single Institution",Q2,1
https://openalex.org/W4239774867,"Erratum for the Report “Manta-like planktivorous sharks in Late Cretaceous oceans” by R. Vullo, E. Frey, C. Ifrim, M. A. González González, E. S. Stinnesbeck, W. Stinnesbeck",Q3,1
https://openalex.org/W4239917824,The Evaluation of the Boundary Vorticity by URANS and LES Methods,Q1,1
https://openalex.org/W4240081733,Report on 2003.10466v2,Q1,1
https://openalex.org/W4240607647,Training the next generation of clinical psychological scientists: A data-driven call to action,Q1,1
https://openalex.org/W4240868178,Making data accessible: lessons learned from computational reproducibility of impact evaluations,Q1,1
https://openalex.org/W4240895143,Issue Information,"Q1, Q8",2
https://openalex.org/W4241295298,The case for openness in engineering research,Q1,1
https://openalex.org/W4241540405,Diving into the deep end: A personal reflection on the MyConnectome Study,Q1,1
https://openalex.org/W4241574521,Reproduction of the Yucca Mountain Project TSPA-LA Model Runs using TSPA Computing Systems,Q6,1
https://openalex.org/W4241634941,Computational Reproducibility in Archaeological Research: Basic Principles and a Case Study of Their Implementation,Q1,1
https://openalex.org/W4241663111,A level set-based approach for modeling cellular rearrangements in tissue morphogenesis,Q1,1
https://openalex.org/W4241718767,eLabFTW as an Open Science tool to improve the quality and translation of preclinical research,Q1,1
https://openalex.org/W4241923704,"Caltech Workshop Reproducibility Handout (from CodeOcean, Addgene, protocols.io) v2",Q1,1
https://openalex.org/W4241927573,The physiological basis and clinical significance of lung volume measurements,Q2,1
https://openalex.org/W4242288683,Faculty Opinions recommendation of Systematic benchmarking of omics computational tools.,Q1,1
https://openalex.org/W4242514585,Light‐Driven Enantioselective Organocatalytic β‐Benzylation of Enals,Q1,1
https://openalex.org/W4242845792,Building highly saturated genetic maps with OneMap 3.0: new approaches using workflows,Q1,1
https://openalex.org/W4243321652,Successes and struggles with computational reproducibility: Lessons from the Fragile Families Challenge,Q1,1
https://openalex.org/W4243551951,Decision letter: A human ESC-based screen identifies a role for the translated lncRNA LINC00261 in pancreatic endocrine differentiation,Q2,1
https://openalex.org/W4244009642,A bioinformatics workshop in a box,Q1,1
https://openalex.org/W4244059307,Spatiotemporal development of coexisting wave domains of Rho activity in the cell cortex,Q1,1
https://openalex.org/W4244185376,Successes and Struggles with Computational Reproducibility: Lessons from the Fragile Families Challenge,"Q1, Q3, Q6, Q7, Q8, Q9, Q10, Q15",8
https://openalex.org/W4244944012,How to connect academics around the globe by organizing an asynchronous virtual unconference,Q1,1
https://openalex.org/W4245155434,"Peer Review #2 of ""Sustainable computational science: the ReScience initiative (v0.1)""","Q1, Q9",2
https://openalex.org/W4245357307,NA,Q2,1
https://openalex.org/W4245542280,NA,"Q2, Q13",2
https://openalex.org/W4245601942,"A Reproducible Data Analysis Workflow with R Markdown, Git, Make, and Docker",Q1,1
https://openalex.org/W4245651407,review,Q1,1
https://openalex.org/W4245732169,"An open, scalable, and flexible framework for automated aerial measurement of field experiments",Q1,1
https://openalex.org/W4246209386,eLabFTW as an Open Science tool to improve the quality and translation of preclinical research,Q1,1
https://openalex.org/W4246754253,Report by the AEA Data Editor,"Q1, Q7, Q8, Q9",4
https://openalex.org/W4247266584,Comments on M&amp;amp;#228;kel&amp;amp;#228; et al,Q1,1
https://openalex.org/W4247372518,Integration of Reproducible Methods into Community Cyberinfrastructure,Q1,1
https://openalex.org/W4247380684,A Badging System for Reproducibility and Replicability in Remote Sensing Research,Q2,1
https://openalex.org/W4247471104,The Acidities of Nucleophilic Monofluoromethylation Reagents: An Anomalous α‐Fluorine Effect,Q1,1
https://openalex.org/W4247867130,CODECHECK: an Open Science initiative for the independent execution of computations underlying research articles during peer review to improve reproducibility,"Q1, Q3",2
https://openalex.org/W4248327727,NA,Q4,1
https://openalex.org/W4248875795,"Clinical, functional and inflammatory evaluation in asthmatic patients after a simple short-term educational program: a randomized trial",Q2,1
https://openalex.org/W4249087936,"An update of hydrologic conditions and distribution of selected constituents in water, eastern Snake River Plain aquifer and perched groundwater zones, Idaho National Laboratory, Idaho, emphasis 2012-15",Q2,1
https://openalex.org/W4249330075,Comparative Cost Analysis of Cervical Cancer Screening Programme Based on Molecular Detection of Hpv In Spain,"Q2, Q12",2
https://openalex.org/W4249882302,"Adding Standards and Procedures to the Prevention Services Clearinghouse Handbook on the Transparency, Openness, and Reproducibility of Research on Programs and Services to Enhance Support for Children and Families and Prevent Foster Care Placements",Q1,1
https://openalex.org/W4250046212,A level set-based approach for modeling cellular rearrangements in tissue morphogenesis,Q1,1
https://openalex.org/W4250574473,Interdisciplinary Approaches and Strategies from Research Reproducibility 2020: Educating for Reproducibility,"Q1, Q7",2
https://openalex.org/W4250595815,Feasibility of Using Existing Web-Services for On-Demand Data Access within Distributed Environmental Decision Support Systems,Q1,1
https://openalex.org/W4251115999,Leveraging Containers for Reproducible Psychological Research,Q1,1
https://openalex.org/W4251762869,"Review of Uber et al., ""How do modeling choices impact the representation of structural connectivity and the dynamics of suspended sediment fluxes in distributed soil erosion models?""",Q1,1
https://openalex.org/W4251899173,Effects of Diaphragmatic Control on Multiparametric Analysis of the Nasal Inspiratory Pressure Test and Inspiratory Muscle Activity in Healthy Subjects,Q2,1
https://openalex.org/W4252005587,Morphology of damage occurring during decompression in a hydrogen-exposed EPDM,Q4,1
https://openalex.org/W4252307692,eLife's new computationally reproducible article will allow users to modify figures,Q1,1
https://openalex.org/W4252556670,"An integrative framework for planning and conducting Non-Intervention, Reproducible, and Open Systematic Reviews (NIRO-SR)",Q1,1
https://openalex.org/W4252991472,Saving Data Journalism: Using ReproZip-Web to Capture Dynamic Websites for Future Reuse,Q1,1
https://openalex.org/W4253246131,scFlow: A Scalable and Reproducible Analysis Pipeline for Single-Cell RNA Sequencing Data,Q1,1
https://openalex.org/W4253315251,"Replications, Comparisons, Sampling and the Problem of Representativeness in Animal Cognition Research",Q1,1
https://openalex.org/W4253344058,"Peer Review #3 of ""An elaborate data set on human gait and the effect of mechanical perturbations (v0.1)""",Q1,1
https://openalex.org/W4253638597,"Peer Review #2 of ""Compi: a framework for portable and reproducible pipelines (v0.1)""",Q1,1
https://openalex.org/W4253752184,Clinical validation of full genotyping CLART® HPV4S assay on SurePath and ThinPrep collected screening samples according to the International Guidelines for Human Papillomavirus Test Requirements for Cervical Screening,Q4,1
https://openalex.org/W4254064200,Computational reproducibility in archaeological research: Basic principles and a case study of their implementation,Q1,1
https://openalex.org/W4254438895,Comparative Cost Analysis Of Cervical Cancer Screening Programme Based On Molecular Detection Of HPV In Spain,"Q2, Q12",2
https://openalex.org/W4254583338,"IEEE Signal Processing Magazine Special Issue on Explainability in Data Science: Interpretability, Reproducibility, and Replicability",Q1,1
https://openalex.org/W4254740917,Computational reproducibility,Q1,1
https://openalex.org/W4254788515,Creating interactive scientific publications using bindings,Q1,1
https://openalex.org/W4254892704,Table of contents,Q1,1
https://openalex.org/W4255005163,Comparative Cost Analysis Of Cervical Cancer Screening Programme Based On Molecular Detection Of HPV In Spain,"Q2, Q12",2
https://openalex.org/W4255120691,GRAPES-DD: Exploiting Decision Diagrams for Index-Driven Biomedical Databases Search,Q1,1
https://openalex.org/W4255201715,Table of Contents,"Q1, Q7, Q8",3
https://openalex.org/W4255296373,Protocol for a reproducible circRNA analysis using Docker4Circ v2,Q1,1
https://openalex.org/W4255384178,Active Maintenance: A Proposal for the Long-term Computational Reproducibility of Scientific Results,"Q1, Q9",2
https://openalex.org/W4255512210,Computational Reproducibility via Containers in Social Psychology,Q1,1
https://openalex.org/W4255640974,"Share the code, not just the data: A case study of the reproducibility of articles published in the Journal of Memory and Language under the open data policy","Q1, Q2, Q7, Q8, Q9, Q12, Q13",7
https://openalex.org/W4255800368,[Tool] Designing Replicable Networking Experiments With Triscale,"Q1, Q7, Q11",3
https://openalex.org/W4256043847,Comparison of Body Composition Parameters in the Study of the Association between Obesity and Pulmonary Function,Q2,1
https://openalex.org/W4256181065,"Peer Review #2 of ""A systematic metadata harvesting workflow for analysing scientific networks (v0.1)""",Q1,1
https://openalex.org/W4256346567,The ReproRubric: Evaluation Criteria for the Reproducibility of Computational Analyses,Q1,1
https://openalex.org/W4280516957,Open Science in Developmental Science,"Q1, Q7, Q8, Q10",4
https://openalex.org/W4280519287,Recommendations for the formatting of Variant Call Format (VCF) files to make plant genotyping data FAIR,Q1,1
https://openalex.org/W4280523655,ASB4 modulates central melanocortinergic neurons and calcitonin signaling to control satiety and glucose homeostasis,Q3,1
https://openalex.org/W4280543472,Mitigating Computer Limitations in Replicating Numerical Simulations of a Neural Network Model With Hodgkin-Huxley-Type Neurons,"Q1, Q15",2
https://openalex.org/W4280544635,PyHAPT: A Python-based Human Activity Pose Tracking data processing framework,Q5,1
https://openalex.org/W4280549168,Characterization of the SARS-CoV-2 B.1.621 (Mu) variant,Q3,1
https://openalex.org/W4280571415,Built to last? Reproducibility and Reusability of Deep Learning Algorithms in Computational Pathology,"Q1, Q3",2
https://openalex.org/W4280572565,BERT Probe: A python package for probing attention based robustness evaluation of BERT models,Q5,1
https://openalex.org/W4280577454,Slow improvement to the archiving quality of open datasets shared by researchers in ecology and evolution,Q1,1
https://openalex.org/W4280585222,"Same question, different answers? An empirical comparison of web data and traditional data","Q1, Q7, Q8, Q11",4
https://openalex.org/W4280590453,Pannexin 1 drives efficient epithelial repair after tissue injury,Q3,1
https://openalex.org/W4280602688,Curvetime: A blockchain framework for Artificial Intelligence computation,Q5,1
https://openalex.org/W4280606990,Masked-piper: Masking personal identities in visual recordings while preserving multimodal information,Q1,1
https://openalex.org/W4280628231,Vast heterogeneity in cytoplasmic diffusion rates revealed by nanorheology and Doppelgänger simulations,Q1,1
https://openalex.org/W4280644717,2DLIF-PROMETHEE methods for multiple attribute decision making under 2-dimension linguistic intuitionistic fuzzy environments,Q5,1
https://openalex.org/W4281256461,Interspecific hybridization in tomato influences endogenous viral sRNAs and alters gene expression,Q1,1
https://openalex.org/W4281289304,Correction: A computational reproducibility study of PLOS ONE articles featuring longitudinal data analyses,Q1,1
https://openalex.org/W4281385187,Hamiltonian Truncation with larger dimensions,Q1,1
https://openalex.org/W4281487900,Reproducibility and replication in research,Q1,1
https://openalex.org/W4281493163,Diversity Over Size: On the Effect of Sample and Topic Sizes for Topic-Dependent Argument Mining Datasets,Q2,1
https://openalex.org/W4281570119,"Message from the SAIP, NEMI, ECRF, Artifacts, Posters, Journal First, and Workshops Track Chairs",Q5,1
https://openalex.org/W4281570555,Evaluation of tensile properties of carbon fiber reinforced polymers produced from commercial prepregs,Q6,1
https://openalex.org/W4281609997,The evidence synthesis and meta-analysis in R conference (ESMARConf): levelling the playing field of conference accessibility and equitability,Q1,1
https://openalex.org/W4281634451,Computational Reproducibility Within Prognostics and Health Management,Q1,1
https://openalex.org/W4281644630,On the applicability of the Hadamard as an input modulator for problems of classification,Q5,1
https://openalex.org/W4281648964,eudistance: Distance calculator for the different levels of European NUTS regions,Q5,1
https://openalex.org/W4281658641,LANDSLIDE EVOLUTION PATTERN REVEALED BY MULTI-TEMPORAL DSMS OBTAINED FROM HISTORICAL AERIAL IMAGES,Q2,1
https://openalex.org/W4281672264,Globally Accessible Distributed Data Sharing (GADDS): a decentralized FAIR platform to facilitate data sharing in the life sciences,Q1,1
https://openalex.org/W4281688690,<scp>Pre‐exascale HPC</scp> approaches for molecular dynamics simulations. Covid‐19 research: A use case,Q1,1
https://openalex.org/W4281699437,Benchmarks in antimicrobial peptide prediction are biased due to the selection of negative data,Q1,1
https://openalex.org/W4281700015,Iodine–Iodine Cooperation Enables Metal-Free C–N Bond-Forming Electrocatalysis via Isolable Iodanyl Radicals,Q1,1
https://openalex.org/W4281709576,Evaluating Research Transparency and Openness in Communication Sciences and Disorders Journals,"Q1, Q7, Q8, Q11",4
https://openalex.org/W4281717542,Research data management for bioimaging: the 2021 NFDI4BIOIMAGE community survey,Q4,1
https://openalex.org/W4281755038,Visual descriptor extraction from patent figure captions,Q1,1
https://openalex.org/W4281772235,BioTEA: containerized methods of analysis for microarray-based transcriptomics data,Q1,1
https://openalex.org/W4281798395,"Share the code, not just the data: A case study of the reproducibility of articles published in the Journal of Memory and Language under the open data policy",Q2,1
https://openalex.org/W4281801180,Identifying the optimal timing of renal replacement therapy initiation among critically ill patients on extracorporeal membrane oxygenation therapy,Q2,1
https://openalex.org/W4281853922,Terahertz Spectroscopy and Density Functional Theory Analysis of the Molecular Interactions in Crystalline Orotic Acid Monohydrate,Q1,1
https://openalex.org/W4281864550,Extension of cervical screening intervals with primary human papillomavirus testing: observational study of English screening pilot data,Q2,1
https://openalex.org/W4282916018,New Method of Dental Personal Identification of Disaster Victims Using Oral Scanner,Q6,1
https://openalex.org/W4282921857,Reproducibility of prediction models in health services research,"Q1, Q8",2
https://openalex.org/W4282941439,Planning experiments: Updated guidance on experimental design and analysis and their reporting III,Q2,1
https://openalex.org/W4283076145,<i>RNA-Seq-Pop:</i> Exploiting the sequence in RNA-Seq - a Snakemake workflow reveals patterns of insecticide resistance in the malaria vector <i>Anopheles gambiae</i>,"Q1, Q14",2
https://openalex.org/W4283166089,Disentangling the Components of Ethical Research in Machine Learning,"Q1, Q5, Q8",3
https://openalex.org/W4283205109,Threshold-awareness in adaptive cancer therapy,Q1,1
https://openalex.org/W4283211645,Analysis of Population Control Techniques for Time-Dependent and Eigenvalue Monte Carlo Neutron Transport Calculations,Q4,1
https://openalex.org/W4283310911,Teaching for Large-Scale Reproducibility Verification,Q6,1
https://openalex.org/W4283320231,Reproducible Experiments for Internet Systems,Q5,1
https://openalex.org/W4283361046,Modeling cortical synaptic effects of anesthesia and their cholinergic reversal,Q1,1
https://openalex.org/W4283373349,High-resolution mass measurements of single budding yeast reveal linear growth segments,Q1,1
https://openalex.org/W4283379637,"Does Hazardous-Waste Testing Follow Technical Guidance, Thus Help Protect Environmental Justice and Health?",Q2,1
https://openalex.org/W4283385600,A review of public transport transfer synchronisation at the real-time control phase,Q2,1
https://openalex.org/W4283398072,A Community-Sourced Glossary of Open Scholarship Terms,"Q1, Q7, Q8",3
https://openalex.org/W4283592031,Ten Simple Rules for Using Public Data for Your Research,Q1,1
https://openalex.org/W4283754445,CLIQ! Intelligent Question Classifier for the elaboration of exams,Q5,1
https://openalex.org/W4283797460,How to quantify bilingual experience? Findings from a Delphi consensus survey,Q2,1
https://openalex.org/W4283816760,The 2022 Plasma Roadmap: low temperature plasma science and technology,Q4,1
https://openalex.org/W4284663675,Wearable Sensors for Monitoring Personal Health and Supporting Recognition of Medical Urgencies,Q6,1
https://openalex.org/W4284687165,Computational Methods for Neuron Segmentation in Two-Photon Calcium Imaging Data: A Survey,Q2,1
https://openalex.org/W4284697843,Towards Reproducible Machine Learning Research in Information Retrieval,Q3,1
https://openalex.org/W4284894803,Accessibility and Reproducible Research Practices in Cardiovascular Literature,Q2,1
https://openalex.org/W4284895427,How Reproducibility Will Accelerate Discovery Through Collaboration in Physio-Logging,Q1,1
https://openalex.org/W4284961695,An Invitation to Teaching Reproducible Research: Lessons from a Symposium,"Q1, Q7, Q8, Q9, Q10",5
https://openalex.org/W4284965003,An eXplainable Artificial Intelligence tool for statistical arbitrage,Q5,1
https://openalex.org/W4284976645,CyberGIS for Scalable Remote Sensing Data Fusion,Q1,1
https://openalex.org/W4285086525,Replacing bar graphs of continuous data with more informative graphics: are we making progress?,Q3,1
https://openalex.org/W4285095328,A review of reproducible and transparent research practices in urology publications from 2014 to2018,"Q1, Q8",2
https://openalex.org/W4285117098,Towards Reproducible Machine Learning Research in Natural Language Processing,Q3,1
https://openalex.org/W4285140843,Proceedings of the 2nd Workshop on Human Evaluation of NLP Systems (HumEval),Q3,1
https://openalex.org/W4285160596,Proceedings of the 60th Annual Meeting of the Association for Computational Linguistics: Tutorial Abstracts,Q3,1
https://openalex.org/W4285183451,Development of an Information Research Platform for Data-Driven Agriculture,Q1,1
https://openalex.org/W4285196765,Refusal in Data Ethics: Re-imagining the Code Beneath the Code of Computation in the Carceral State,Q1,1
https://openalex.org/W4285234942,Replicability under Near-Perfect Conditions – A Case-Study from Automatic Summarization,Q3,1
https://openalex.org/W4285236184,Quantified Reproducibility Assessment of NLP Results,Q3,1
https://openalex.org/W4285273792,The Phenomenon of Reproducibility from the Point of View of Epistemology and Philosophy of Science,Q6,1
https://openalex.org/W4285301655,Object Detection in Driving Datasets Using a High-Performance Computing Platform: A Benchmark Study,Q1,1
https://openalex.org/W4285347285,Reprodutibilidade de experimentos com uso de conteinerização,Q1,1
https://openalex.org/W4285388798,The Stark Realities of Reproducible Statistically Orientated Sociological Research: Some Newer Rules of the Sociological Method,"Q1, Q3, Q7, Q8, Q9, Q10",6
https://openalex.org/W4285389780,Open Science for Computer Simulation,"Q1, Q8",2
https://openalex.org/W4285589554,Big Data in Laboratory Medicine – FAIR Quality for AI?,Q1,1
https://openalex.org/W4285597845,Open High-Resolution Satellite Imagery: The WorldStrat Dataset -- With Application to Super-Resolution,Q3,1
https://openalex.org/W4285678266,Electric vehicle range prediction estimator (EVPRE),Q5,1
https://openalex.org/W4285679062,Hardware-agnostic computation for large-scale knowledge graph embeddings,Q5,1
https://openalex.org/W4285679280,A machine learning software tool for multiclass classification,Q5,1
https://openalex.org/W4285791161,Color Crafting: Automating the Construction of Designer Quality Color\n Ramps,Q6,1
https://openalex.org/W4285808733,Deep learning for automatic brain tumour segmentation on MRI: evaluation of recommended reporting criteria via a reproduction and replication study,"Q2, Q3",2
https://openalex.org/W4285999712,Iodine–Iodine Cooperation Enables Metal-Free C–N Bond-Forming Electrocatalysis via Isolable Iodanyl Radicals,Q1,1
https://openalex.org/W4286008941,Application Analysis of Multimedia Technology in College English Curriculum,"Q1, Q7",2
https://openalex.org/W4286219945,Examining the generalizability of research findings from archival data,"Q1, Q7, Q8, Q15",4
https://openalex.org/W4286250847,Accurate Clinical and Biomedical Named Entity Recognition at Scale,Q5,1
https://openalex.org/W4286252689,PE Parser: A Python package for Portable Executable files processing,Q5,1
https://openalex.org/W4286276438,"Unraveling Early Holocene occupation patterns at El Arenal de la Virgen (Alicante, Spain) open-air site: an integrated palimpsest analysis",Q1,1
https://openalex.org/W4286381032,Towards Observability for Production Machine Learning Pipelines,Q1,1
https://openalex.org/W4286499406,Teaching Constructive Replications in the Social Sciences,"Q1, Q7, Q8, Q9, Q10",5
https://openalex.org/W4286632978,"The prevalence and the quality of spirometry and the impact of spirometry training in Hunan,China",Q2,1
https://openalex.org/W4286671852,Diffusion MRI Head Motion Correction Methods are Highly Accurate but Impacted by Denoising and Sampling Scheme,Q1,1
https://openalex.org/W4286880873,A Community Roadmap for Scientific Workflows Research and Development,Q5,1
https://openalex.org/W4286944920,Joint learn: A python package for task-specific weight sharing for sequence classification,Q5,1
https://openalex.org/W4286949783,Making Canonical Workflow Building Blocks interoperable across workflow languages,Q1,1
https://openalex.org/W4286952468,Open by Default: University of Zurich Open Science Policy,"Q1, Q15",2
https://openalex.org/W4286982492,The challenge of reproducible ML: an empirical study on the impact of bugs,Q1,1
https://openalex.org/W4287019677,A Guide to Computational Reproducibility in Signal Processing and Machine Learning,Q1,1
https://openalex.org/W4287064651,On the state of reporting in crowdsourcing experiments and a checklist\n to aid current practices,Q3,1
https://openalex.org/W4287183896,Carving out the low surface brightness universe with NoiseChisel,Q6,1
https://openalex.org/W4287391065,"Amicus Plato, sed magis amica veritas: There is a reproducibility crisis in COVID-19 Computational Fluid Dynamics studies",Q2,1
https://openalex.org/W4287392360,An Approach to Reproducible Scientific Work in Geography: Development of a Research Compendium using Python and Docker,Q1,1
https://openalex.org/W4287590896,Planar 3D Transfer Learning for End to End Unimodal MRI Unbalanced Data\n Segmentation,Q3,1
https://openalex.org/W4287592740,Analysing the Data-Driven Approach of Dynamically Estimating Positioning\n Accuracy,Q6,1
https://openalex.org/W4287629158,Imputation techniques for the reconstruction of missing interconnected data from higher Educational Institutions,Q5,1
https://openalex.org/W4287739146,Digital Twin Science of Metal Powder Bed Fusion Additive Manufacturing: A Selective Review of Simulations for Integrated Computational Materials Engineering and Science,Q1,1
https://openalex.org/W4287776463,NeurIPS 2019 Reproducibility Challenge,Q3,1
https://openalex.org/W4287780691,Advancing computational reproducibility in the Dataverse data repository\n platform,Q1,1
https://openalex.org/W4287837517,Developing and Evaluating Infrastructure for ERC to Communicate with Data Repositories and Computing Services,"Q1, Q7",2
https://openalex.org/W4287854436,LMTurk: Few-Shot Learners as Crowdsourcing Workers in a Language-Model-as-a-Service Framework,Q3,1
https://openalex.org/W4287887233,Masked Summarization to Generate Factually Inconsistent Summaries for Improved Factual Consistency Checking,Q3,1
https://openalex.org/W4288022517,Evidence map of crop diversification strategies at the global scale,"Q2, Q12",2
https://openalex.org/W4288037318,The Dire Disregard of Measurement Invariance Testing in Psychological Science,Q1,1
https://openalex.org/W4288039836,"Reproducing FSL's fMRI data analysis via Nipype: Relevance, challenges, and solutions",Q1,1
https://openalex.org/W4288039903,"Improving psychological science: further thoughts, reflections and ways forward",Q1,1
https://openalex.org/W4288056747,HE-HMTC: A hybrid embedding-based text representation for Hierarchical multi-label text classification,Q5,1
https://openalex.org/W4288068765,"Spatial accessibility to HIV testing, treatment, and prevention services in Illinois and Chicago, USA",Q1,1
https://openalex.org/W4288109975,"FAT Forensics: A Python toolbox for algorithmic fairness, accountability and transparency[Formula presented]",Q5,1
https://openalex.org/W4288281708,Evaluating the Reproducibility of Research in Obstetrics and Gynecology,"Q1, Q8",2
https://openalex.org/W4288287063,Application of BagIt-Serialized Research Object Bundles for Packaging and Re-execution of Computational Analyses,Q1,1
https://openalex.org/W4288287076,Application of BagIt-Serialized Research Object Bundles for Packaging and Re-execution of Computational Analyses,Q1,1
https://openalex.org/W4288287267,Application of BagIt-Serialized Research Object Bundles for Packaging and Re-execution of Computational Analyses,Q1,1
https://openalex.org/W4288362076,Motivations and Expectations for Central Database Creation at an Egyptian Archaeological Site,Q1,1
https://openalex.org/W4288425113,A simulation-based assessment of the relation between Stone Age sites and relative sea-level change along the Norwegian Skagerrak coast,Q1,1
https://openalex.org/W4288430392,"Mixed artificial reasoning, closer to human?",Q2,1
https://openalex.org/W4288436661,Promoting and Enabling Reproducible Data Science Through a Reproducibility Challenge,"Q1, Q8, Q15",3
https://openalex.org/W4288704782,Artifacts Availability &amp; Reproducibility (VLDB 2021 Round Table),Q5,1
https://openalex.org/W4288785683,Outcomes after laparoscopic adrenalectomy for unilateral primary aldosteronism.,Q2,1
https://openalex.org/W4288803992,Polaronic Optical Transitions in Hematite ($α-Fe_{2}O_{3}$) Revealed by First-Principles Electron-Phonon Coupling,Q1,1
https://openalex.org/W4288828489,Outdoor Learning—Why It Should Be High up on the Agenda of Every Educator,Q6,1
https://openalex.org/W4289136858,Cinnamomum burmannii EXTRACT AMELIORATES HIGH GLUCOSE-INDUCED BRAIN APOPTOSIS IN ZEBRAFISH EMBRYOS THROUGH INHIBITION OF PROCASPASE-9 : IN SILICO AND IN VIVO STUDY,Q6,1
https://openalex.org/W4289139512,poliastro: a Python library for interactive astrodynamics,Q1,1
https://openalex.org/W4289278171,Promoting computationally reproducible research in applied linguistics: Recommended practices and considerations,Q1,1
https://openalex.org/W4289341905,LSTM-SDM: An integrated framework of LSTM implementation for sequential data modeling,Q5,1
https://openalex.org/W4289350107,Grand Challenges in Imaging Applications,Q1,1
https://openalex.org/W4289383937,Operationalizing Conflict and Cooperation between Automated Software Agents in Wikipedia,Q1,1
https://openalex.org/W4289519275,When do dominant females have higher breeding success than subordinates? A meta-analysis across social mammals.,Q1,1
https://openalex.org/W4289525252,A proposal to enhance data quality and <scp>FAIRness</scp>,Q1,1
https://openalex.org/W4289637717,Ten simple rules for maximizing the recommendations of the NIH data management and sharing plan,Q1,1
https://openalex.org/W4289667001,Theory of charge-spin conversion at oxide interfaces: The inverse\n spin-galvanic effect,Q1,1
https://openalex.org/W4289782647,Experiment for Improving the Manufacturing Process of Composite Material Made Serpentine Pipe Parts Using Ceramic Lost Foam Mold,Q6,1
https://openalex.org/W4289855776,The association between adiposity and anti-proliferative response to neoadjuvant endocrine therapy with letrozole in post-menopausal patients with estrogen receptor positive breast cancer,Q1,1
https://openalex.org/W4290033879,Analysis of impact of complete dentures on respiratory performance,Q2,1
https://openalex.org/W4290075809,Mitigation Strategies to Improve Reproducibility of Poverty Estimations From Remote Sensing Images Using Deep Learning,"Q1, Q3, Q7, Q8",4
https://openalex.org/W4290098778,MAINSTREAMING METADATA INTO RESEARCH WORKFLOWS TO ADVANCE REPRODUCIBILITY AND OPEN GEOGRAPHIC INFORMATION SCIENCE,"Q1, Q8",2
https://openalex.org/W4290742204,Towards Generalizing the Information Theory for Neural Communication,Q4,1
https://openalex.org/W4291178369,"Peer Review #2 of ""Nine best practices for research software registries and repositories (v0.2)""",Q1,1
https://openalex.org/W4291222670,Reproducible protocol to obtain and measure first-order relay human thalamic white-matter tracts,Q1,1
https://openalex.org/W4291791127,Diffusing Capacity and Mortality in Chronic Obstructive Pulmonary Disease,Q2,1
https://openalex.org/W4292092796,Evaluating Recommender Systems: Survey and Framework,Q5,1
https://openalex.org/W4292116766,A Practical Guide to Counterfactual Estimators for Causal Inference with Time-Series Cross-Sectional Data,"Q1, Q7, Q8, Q9",4
https://openalex.org/W4292678539,Benchmarks in antimicrobial peptide prediction are biased due to the selection of negative data,Q1,1
https://openalex.org/W4292851087,Computational modelling of γ-H2AX foci formation in human cells induced by alpha particle exposure,Q1,1
https://openalex.org/W4292876638,Health Risks from Supposedly Remediated US Hazardous-Waste Sites: An Early-Warning Signal,"Q2, Q12",2
https://openalex.org/W4293076861,The Importance of Rigorous Methods in a Growing Research Field,"Q1, Q8, Q10",3
https://openalex.org/W4293083860,Why don’t we share data and code? Perceived barriers and benefits to public archiving practices,"Q1, Q14",2
https://openalex.org/W4293105253,Long-term availability of data associated with articles in PLOS ONE,Q1,1
https://openalex.org/W4293106675,When Should Data and Code be Made Available?,Q1,1
https://openalex.org/W4293173046,Sharing and Caring: Creating a Culture of Constructive Criticism in Computational Legal Studies,Q1,1
https://openalex.org/W4293206529,Promoting computationally reproducible research in applied linguistics: Recommended practices and considerations,Q1,1
https://openalex.org/W4293231936,Time dependent effects of prolonged hyperglycemia in zebrafish brain and retina,Q6,1
https://openalex.org/W4293261616,A Study of Computational Reproducibility using URLs Linking to Open Access Datasets and Software,"Q1, Q8, Q9, Q10",4
https://openalex.org/W4293420949,Performance of human papillomavirus E6/E7 mRNA assay for primary cervical cancer screening and triage: Population-based screening in China,Q2,1
https://openalex.org/W4293567371,Why big data and compute are not necessarily the path to big materials science,Q3,1
https://openalex.org/W4293567789,Perspectives on in silico bone mechanobio,Q1,1
https://openalex.org/W4293574878,Teaching Annotation Types,Q3,1
https://openalex.org/W4293659625,"Leveraging Comprehensive Cancer Registry Data to Enable a Broad Range of Research, Audit and Patient Support Activities","Q1, Q7",2
https://openalex.org/W4293660090,Deep learning model for doors detection: A contribution for context-awareness recognition of patients with Parkinson’s disease,Q5,1
https://openalex.org/W4293715527,Using an expert survey and user feedback to construct PRECHECK: A checklist to evaluate preprints on COVID-19 and beyond,"Q1, Q14",2
https://openalex.org/W4293761822,Entre conseil et imposition ou comment le locuteur joue le jeu de son attitude: Étude du marqueur <i>je vais te dire une bonne chose</i>,Q2,1
https://openalex.org/W4293766337,CFD modeling of a self-oscillatory airflow regime in the test ventilated room with plane supply opening,Q1,1
https://openalex.org/W4293783045,AutoQML: Automatic Generation and Training of Robust Quantum-Inspired Classifiers by Using Genetic Algorithms on Grayscale Images,Q5,1
https://openalex.org/W4293802544,Reproducibility of real-world evidence studies using clinical practice data to inform regulatory and coverage decisions,"Q1, Q7",2
https://openalex.org/W4293857368,Developing Transdisciplinary Approaches to Sustainability Challenges: The Need to Model Socio-Environmental Systems in the Longue Durée,"Q1, Q7, Q8, Q10",4
https://openalex.org/W4294051826,MODERNIDADE LÍQUIDA: SEUS REFLEXOS NA SOCIEDADE E NA VIDA DOS PROFISSIONAIS DA INDÚSTRIA,Q1,1
https://openalex.org/W4294251820,Context for Reproducibility and Replicability in Geospatial Unmanned Aircraft Systems,"Q1, Q15",2
https://openalex.org/W4294440220,"Machine learning for understanding inland water quantity, quality, and ecology",Q1,1
https://openalex.org/W4294656146,"Peer Review #3 of ""A survey of researchers’ code sharing and code reuse practices, and assessment of interactive notebook prototypes (v0.1)""","Q1, Q8",2
https://openalex.org/W4294676073,Ultrafast parallel genome extractor,Q5,1
https://openalex.org/W4294723802,"Geomorphological landslide inventory map of the Daunia Apennines, southern Italy",Q2,1
https://openalex.org/W4294733477,“The Generalizability of Online Experiments Conducted During The COVID-19 Pandemic” – CORRIGENDUM,"Q1, Q9",2
https://openalex.org/W4294755018,Failed induction of labor,Q2,1
https://openalex.org/W4294761944,Comparative analysis of genome-encoded viral sequences reveals the evolutionary history of flavivirids (family <i>Flaviviridae</i> ),Q1,1
https://openalex.org/W4294785865,When Bioprocess Engineering Meets Machine Learning: A Survey from the Perspective of Automated Bioprocess Development,Q4,1
https://openalex.org/W4294877310,A Reproducible and Reusable Pipeline for Segmentation of Geoscientific Imagery,Q1,1
https://openalex.org/W4295009527,CFD Study of High-Speed Train in Crosswinds for Large Yaw Angles with RANS-Based Turbulence Models including GEKO Tuning Approach,Q4,1
https://openalex.org/W4295027303,INDUCED PROCTOCOLITIS - ORAL FOOD CHALLENGE SHOULD BE DONE TO CONFIRM THE DIAGNOSIS OF COW’S MILK ALLERGY IN NEONATES?,Q2,1
https://openalex.org/W4295048133,A Reproducible and Reusable Pipeline for Segmentation of Geoscientific Imagery,Q1,1
https://openalex.org/W4295079604,"When open data closes the door: A critical examination of the past, present and the potential future for open data guidelines in journals","Q1, Q8, Q10",3
https://openalex.org/W4295096500,Relating Sound and Sight in Simulated Environments,Q1,1
https://openalex.org/W4295737742,A novel flexible feature extraction algorithm for Spanish tweet sentiment analysis based on the context of words,Q5,1
https://openalex.org/W4295754069,Aggressive or Moderate Fluid Resuscitation in Acute Pancreatitis,Q2,1
https://openalex.org/W4295814003,BioTEA: Containerized Methods of Analysis for Microarray-Based Transcriptomics Data,Q1,1
https://openalex.org/W4295847123,Minimum standards for evaluating machine-learned models of high-dimensional data,Q1,1
https://openalex.org/W4295905006,"A simple kit to use computational notebooks for more openness, reproducibility, and productivity in research",Q1,1
https://openalex.org/W4295926367,"Beyond Chronology, Using Bayesian Inference to Evaluate Hypotheses in Archaeology","Q1, Q8, Q14",3
https://openalex.org/W4295929590,No evidence that mandatory open data policies increase error correction,"Q1, Q8",2
https://openalex.org/W4296035434,Denoising diffusion weighted imaging data using convolutional neural networks,Q1,1
https://openalex.org/W4296098995,Scholia for Software,Q1,1
https://openalex.org/W4296307139,Development and Testing of a Mathematical Model for Dynamic Network Simulation of the Oil Displacement Process,Q1,1
https://openalex.org/W4296435347,PHYSICAL ENVIRONMENTAL CHARACTERISTICS OF THE OTOGO TIDAL FLAT IN THE YOSHII RIVER AND PROPOSAL OF NEW TIDAL FLAT CREATION SITES,Q6,1
https://openalex.org/W4296554166,Takeoff simulation of eVTOL airplane with coaxial propellers by fluid–rigid body interaction,Q1,1
https://openalex.org/W4296701849,Mainland-coastal interactions in East Borneo: Inter-site comparison and Bayesian chronological models of two Late Pleistocene–Holocene sequences (Liang Abu and Kimanis rock shelters),Q1,1
https://openalex.org/W4296716148,Ten Simple Rules for Using Public Biological Data for Your Research,Q1,1
https://openalex.org/W4296742155,Synthesis and Characterization of Reproducible Linseed Oil-Loaded Silica Nanoparticles with Potential Use as Oxygen Scavengers in Active Packaging,Q2,1
https://openalex.org/W4296755156,Hyperparameter Tuning in Deep Learning Approach for Classification of Classical Myeloproliferative Neoplasm,Q2,1
https://openalex.org/W4296784313,Research data management for bioimaging: the 2021 NFDI4BIOIMAGE community survey,Q4,1
https://openalex.org/W4296826811,Ten Simple Rules for Using Public Biological Data for Your Research,Q1,1
https://openalex.org/W4296921784,"Vascular Dementia Patients Characteristics With a History of Stroke in a National Brain Center Hospital Jakarta, Indonesia",Q1,1
https://openalex.org/W4296935151,"IPSFS: Intuitionistic, pythagorean, and spherical fuzzy similarity computation package in R",Q5,1
https://openalex.org/W4297088081,MLPro — An integrative middleware framework for standardized machine learning tasks in Python,Q5,1
https://openalex.org/W4297154679,Predicting the reaction efficiency of ginkgo biloba residues pyrolysis by using artificial intelligent algorithms under the background of Carbon Neutrality,Q2,1
https://openalex.org/W4297337654,Refusal in Data Ethics: Re-Imagining the Code Beneath the Code of Computation in the Carceral State,Q1,1
https://openalex.org/W4297445450,No evidence that mandatory open data policies increase error correction,Q1,1
https://openalex.org/W4297473596,Implementing GitHub Actions continuous integration to reduce error rates in ecological data collection,Q1,1
https://openalex.org/W4297516591,The Quartet Data Portal: integration of community-wide resources for multiomics quality control,Q1,1
https://openalex.org/W4297541489,"Geosite Assessment in the Beigua UNESCO Global Geopark (Liguria, Italy): A Case Study in Linking Geoheritage with Education, Tourism, and Community Involvement",Q2,1
https://openalex.org/W4297681474,UNESCO Recommendation on Science and Scientific Researchers and the United States: An Analysis of Key Themes,Q4,1
https://openalex.org/W4297687183,Idiomatic and Reproducible Software Builds using Containers for Reliable\n Computing,Q2,1
https://openalex.org/W4297693316,Parametric Modeling And Visualization In Decoding Of Collective Values: From Absolute To Relative Values,Q2,1
https://openalex.org/W4297731375,Making Canonical Workflow Building Blocks interoperable across workflow languages,"Q1, Q8",2
https://openalex.org/W4297793708,Computational reproducibility of Jupyter notebooks from biomedical publications,Q1,1
https://openalex.org/W4297823049,Durable protection against the SARS-CoV-2 Omicron variant is induced by an adjuvanted subunit vaccine,Q3,1
https://openalex.org/W4297826273,A survey of experimental stimulus presentation code sharing in major areas of psychology,"Q1, Q7",2
https://openalex.org/W4297838881,"A &gt;200 ka U-Th based chronology from lacustrine evaporites, Searles Lake, CA",Q2,1
https://openalex.org/W4297839021,"A &gt; 200 ka U-Th based chronology from lacustrine evaporites, Searles Lake, CA",Q2,1
https://openalex.org/W4297848564,An integrated cyberGIS and machine learning framework for fine-scale prediction of Urban Heat Island using satellite remote sensing and urban sensor network data,Q1,1
https://openalex.org/W4298003744,HPV Tests Comparison in the Detection and Follow-Up after Surgical Treatment of CIN2+ Lesions,Q2,1
https://openalex.org/W4298008014,Prevalence of Chronic Obstructive Pulmonary Disease in an Urban Area. Changes in COPD Ten Years on,"Q2, Q12",2
https://openalex.org/W4298145650,Rethinking replication in empirical legal research,"Q1, Q7, Q8",3
https://openalex.org/W4298149373,vvtools v. 1.0,Q6,1
https://openalex.org/W4298176783,Quality and reproducibility of spirometry in COPD patients in a randomized trial (UPLIFT®),Q2,1
https://openalex.org/W4298192254,DOE Data Days 2023 Report,Q4,1
https://openalex.org/W4299347442,"Beyond maps: Patterns of formation processes at the Middle Pleistocene open-air site of Marathousa 1, Megalopolis basin, Greece",Q1,1
https://openalex.org/W4299544461,Unlocking the secrets of the genome,Q6,1
https://openalex.org/W4299554254,KRAS Mutant Pancreatic Cancer: No Lone Path to an Effective Treatment,Q4,1
https://openalex.org/W4300343835,"Complementing preregistered confirmatory analyses with rigorous, reproducible exploration using machine learning",Q1,1
https://openalex.org/W4300463166,A comprehensive system for evaluation of remote sequence similarity detection,Q2,1
https://openalex.org/W4300690154,"The Benefits, Barriers, and Risks of Big-Team Science",Q1,1
https://openalex.org/W4300780538,DeepDIVA: A Highly-Functional Python Framework for Reproducible\n Experiments,"Q1, Q7",2
https://openalex.org/W4300811110,Prevalence of Atrial Fibrillation and Antithrombotic Therapy in Hemodialysis Patients: Cross-Sectional Results of the Vienna InVestigation of AtriaL Fibrillation and Thromboembolism in Patients on HemoDIalysis (VIVALDI),Q2,1
https://openalex.org/W4300859920,"A randomized, seven-day study to assess the efficacy and safety of a glycopyrrolate/formoterol fumarate fixed-dose combination metered dose inhaler using novel Co-Suspension™ Delivery Technology in patients with moderate-to-very severe chronic obstructive pulmonary disease",Q2,1
https://openalex.org/W4300963056,Multivariate calibration strategy in simultaneous determination of temperature properties of petroleum diesel by near infrared spectrometry,Q4,1
https://openalex.org/W4300991525,Estimating the effects of water-induced shallow landslides on soil\n erosion,Q1,1
https://openalex.org/W4301319730,Morphological Plant Modeling: Unleashing Geometric and Topological Potential within the Plant Sciences,Q1,1
https://openalex.org/W4301397397,Toward practical transparent verifiable and long-term reproducible research using Guix,Q1,1
https://openalex.org/W4301679596,Optimal management of a stochastically varying population when policy adjustment is costly,"Q1, Q7",2
https://openalex.org/W4302307244,Period and cohort effects: consequences on spirometric lung function in Norway during the 20th century,Q2,1
https://openalex.org/W4302307301,Blood volatile organic compounds associated with non-reversible and reversible airflow obstruction in US adults,Q2,1
https://openalex.org/W4302317665,Proceedings of the 15th Python in Science Conference,Q1,1
https://openalex.org/W4302550799,Topological Determinants of Protein Domain Swapping,Q1,1
https://openalex.org/W4303473230,Distinct Heterogeneity in the Naive T cell Compartments of Children and Adults,Q1,1
https://openalex.org/W4303646215,The Environmental Data Initiative: connecting the past to the future through data reuse,Q1,1
https://openalex.org/W4303856738,"Influence of Fe2O3, MgO and Molarity of NaOH Solution on the Mechanical Properties of Fly Ash-Based Geopolymers",Q4,1
https://openalex.org/W4304080682,Polaronic optical transitions in hematite (α-Fe2O3) revealed by first-principles electron–phonon coupling,Q1,1
https://openalex.org/W4304136614,"Rehabilitation in Survivors of COVID-19 (RE2SCUE): a non-randomized, controlled and open study",Q2,1
https://openalex.org/W4304693916,A Blockchain-Based Architecture for Trust in Collaborative Scientific Experimentation,Q1,1
https://openalex.org/W4304731722,Simulations of magnetic Bragg scattering in transmission electron microscopy,Q1,1
https://openalex.org/W4304891025,"Pluronic®/casein micelles for ophthalmic delivery of resveratrol: In vitro, ex vivo, and in vivo tests",Q6,1
https://openalex.org/W4306175727,"Storied Past, Bright Future: A Provenance Jam Session",Q1,1
https://openalex.org/W4306252484,Community Workflows to Advance Reproducibility in Hydrologic Modeling: Separating model-agnostic and model-specific configuration steps in applications of large-domain hydrologic models,Q4,1
https://openalex.org/W4306320040,Reproducibility of exercise-induced premature ventricular beats predicts concealed non-ischemic left ventricular scar on cardiac magnetic resonance in athletes,Q2,1
https://openalex.org/W4306391311,Antibiotics Modulate Variable Immunological Responses in Sepsis- A Narrative Review,Q2,1
https://openalex.org/W4306765260,The interdependence of data producers and data users: How researchers’ behaviors can support or hinder each other,"Q1, Q8, Q9",3
https://openalex.org/W4306795289,The effect of the scale of grant scoring on ranking accuracy,Q1,1
https://openalex.org/W4306803420,Two-Dimensional Measurement of Airborne Ultrasound Field Using Thermal Images,Q6,1
https://openalex.org/W4306803493,Validation of a quantitative liquid chromatography/hybrid quadrupole‐linear ion trap MS/MS method for carfentanil and caffeine in a live human epidermis model,Q2,1
https://openalex.org/W4306901698,Ten simple rules for a successful international consortium in big data omics,Q1,1
https://openalex.org/W4306969037,Framework for experimental evaluation of software solutions in a virtual environment,Q1,1
https://openalex.org/W4307018423,Science in the digital era,Q1,1
https://openalex.org/W4307095004,Removing Barriers to Reproducible Research in Archaeology,"Q1, Q8",2
https://openalex.org/W4307112318,ProgramTransformer: A tool for generating semantically equivalent transformed programs,Q5,1
https://openalex.org/W4307208486,Tools and Recommendations for Reproducible Teaching,Q1,1
https://openalex.org/W4307276872,Reproducible Data Science with Python: An Open Learning Resource,"Q1, Q8, Q10",3
https://openalex.org/W4307319293,Navigating the challenges in creating complex data systems: a development philosophy,Q1,1
https://openalex.org/W4307377339,"Performance of the Human Papillomavirus E6/E7 mRNA Assay in the Primary Screening of Cervical Cancer: Opportunistic Screening in Fujian, China",Q2,1
https://openalex.org/W4307439895,"Highlight Results, Don’t Hide Them: Enhance interpretation, reduce biases and improve reproducibility",Q6,1
https://openalex.org/W4307450145,MAW - The Reproducible Metabolome Annotation Workflow for Untargeted Tandem Mass Spectrometry,Q1,1
https://openalex.org/W4307475647,Observing many researchers using the same data and hypothesis reveals a hidden universe of uncertainty,"Q1, Q7, Q8, Q9, Q10",5
https://openalex.org/W4307490062,Low-Rank Representation of Reinforcement Learning Policies,Q3,1
https://openalex.org/W4307725221,Morphology and gene expression profiling provide complementary information for mapping cell state,Q1,1
https://openalex.org/W4307804879,Milk Quality Parameters of Raw Milk in Ecuador between 2010 and 2020: A Systematic Literature Review and Meta-Analysis,Q2,1
https://openalex.org/W4307856116,"Reduction of Exercise Capacity, Respiratory and Peripheral Muscle Strength in Severe Asthma",Q2,1
https://openalex.org/W4307870142,Python tools for ESA’s Swarm mission: VirES for Swarm and surrounding ecosystem,Q1,1
https://openalex.org/W4307919337,Blockchain technology in quantum chemistry: A tutorial review for running simulations on a blockchain,Q1,1
https://openalex.org/W4307925523,Boostless cosmological collider bootstrap,Q1,1
https://openalex.org/W4307935393,Socioeconomic position over the life course and impaired lung function of older adults in Central and Eastern Europe: the HAPIEE study,Q2,1
https://openalex.org/W4307955161,Multiple approaches to predicting flake mass,"Q1, Q15",2
https://openalex.org/W4307962763,Supporting Software Preservation Services in Research and Memory Organizations: A White Paper from the Software Preservation Network's Research-in-Practice Working Group,Q1,1
https://openalex.org/W4307991366,dockerHDDM: A user-friendly environment for Bayesian Hierarchical Drift-Diffusion Modeling,"Q1, Q7",2
https://openalex.org/W4307998974,Ten Simple Rules for Using Public Biological Data for Your Research,Q1,1
https://openalex.org/W4308068818,Determination of oxidation stability and shelf life of cannabis formulations,Q6,1
https://openalex.org/W4308112882,Unsupervised instance selection via conjectural hyperrectangles,Q1,1
https://openalex.org/W4308118717,"How to Improve the Reproducibility, Replicability, and Extensibility of Remote Sensing Research","Q3, Q5",2
https://openalex.org/W4308179770,"S-217622, a SARS-CoV-2 main protease inhibitor, decreases viral load and ameliorates COVID-19 severity in hamsters",Q3,1
https://openalex.org/W4308189612,Histopathological tumour response scoring in resected pancreatic cancer following neoadjuvant therapy: international interobserver study (ISGPP-1),Q2,1
https://openalex.org/W4308201851,Embedding Data Skills in Research Methods Education: Preparing Students for Reproducible Research,"Q1, Q7, Q8, Q9",4
https://openalex.org/W4308268747,"«Scientific Research and Experimental Development» (November 03-04, 2022). London, England, 2022",Q6,1
https://openalex.org/W4308318767,MMFT Droplet Simulator: Efficient Simulation of Droplet-based Microfluidic Devices,Q5,1
https://openalex.org/W4308516384,"Rehabilitation in Survivors of COVID-19 (RE2SCUE): a non-randomized, controlled and open study",Q2,1
https://openalex.org/W4308588630,Exploring reliability heterogeneity with multiverse analyses: Data processing decisions unpredictably influence measurement reliability,Q1,1
https://openalex.org/W4308594101,"UK Psychology PhD Researchers' Knowledge, Perceptions, and Experiences of Open Science",Q1,1
https://openalex.org/W4308643005,A retrospective study of one decade of artifact evaluations,Q5,1
https://openalex.org/W4308717905,Electrogastrogram-Derived Features for Automated Sickness Detection in Driving Simulator,"Q1, Q8",2
https://openalex.org/W4308726704,The value of high-risk HPV E6/E7 mRNA test positivity with NILM cytology in detecting cervical squamous intraepithelial lesions and cervical cancer,"Q2, Q4",2
https://openalex.org/W4308730535,How often do cancer researchers make their data and code available and what factors are associated with sharing?,Q1,1
https://openalex.org/W4308767476,A Core-Shell Approach for Systematically Coarsening Nanoparticle–Membrane Interactions: Application to Silver Nanoparticles,Q1,1
https://openalex.org/W4308827290,Uncertainties in the Transport Properties of Helium Gas at Cryogenic Temperatures Determined Using Molecular Dynamics Simulation,Q1,1
https://openalex.org/W4308853760,Comment on essd-2022-301,Q2,1
https://openalex.org/W4308885937,Rethinking clinical study data: why we should respect analysis results as data,Q1,1
https://openalex.org/W4309075222,The next generation of fatigue prediction models: evaluating current trends in biomathematical modelling,Q1,1
https://openalex.org/W4309139775,phd test custom doi,"Q1, Q7",2
https://openalex.org/W4309170345,Cervical cancer in Nepal: Current screening strategies and challenges,Q2,1
https://openalex.org/W4309190366,Estimating lighting direction in scenes with multiple objects,Q1,1
https://openalex.org/W4309202178,How reproducible and reliable is geophysical research? A review of the availability and accessibility of data and software for research published in journals,"Q1, Q9",2
https://openalex.org/W4309242812,Widening the offer of human papillomavirus self‐sampling to all women eligible for cervical screening: Make haste slowly,Q2,1
https://openalex.org/W4309287884,Joint Indian Chest Society – National College of Chest Physicians (India) Guidelines for Spirometry,Q2,1
https://openalex.org/W4309293856,AC-ABAC: Attribute-based access control for electronic medical records during acute care,Q6,1
https://openalex.org/W4309308376,Enhancing Reproducibility and Replicability in Remote Sensing Deep Learning Research and Practice,Q1,1
https://openalex.org/W4309393481,Simulating Charged Defects in Silicon Dangling Bond Logic Systems to Evaluate Logic Robustness,Q1,1
https://openalex.org/W4309420831,"Literature Reviews: What are the Challenges, and how can Students and new Business Researchers be Successful?","Q2, Q12, Q13",3
https://openalex.org/W4309421654,"Community recommendations for geochemical data, services and analytical capabilities in the 21st century",Q1,1
https://openalex.org/W4309557976,Computational elucidation of the reaction mechanisms of elemental sulfur and polysulfides with cyanide and phosphines,Q1,1
https://openalex.org/W4309697559,Regulation relevant to (long-form) audio-recordings gathered in China,Q4,1
https://openalex.org/W4309721430,Why don't we share data and code? Perceived barriers and benefits to public archiving practices,Q1,1
https://openalex.org/W4309994196,Reproducibility of published meta-analyses on clinical psychological interventions,"Q1, Q8",2
https://openalex.org/W4310006749,bmiptools: BioMaterials Image Processing Tools,Q1,1
https://openalex.org/W4310050607,metrica: an R package to evaluate predictionperformance of regression and classification point-forecastmodels,"Q1, Q10",2
https://openalex.org/W4310052074,Standard Lymphadenectomy for Esophageal and Lung Cancer: Variability in the Number of Examined Lymph Nodes Among Pathologists and Its Survival Implication,Q2,1
https://openalex.org/W4310059883,LiBEIS : A software tool for broadband electrochemical impedance spectroscopy of lithium-ion batteries,Q5,1
https://openalex.org/W4310171860,Metrological Characterization of a CO2 Laser-Based System for Inscribing Long-Period Gratings in Optical Fibers,Q4,1
https://openalex.org/W4310429341,Status of reproducibility and open science in hep-lat in 2021,Q1,1
https://openalex.org/W4310497510,Generalizability of an acute kidney injury prediction model across health systems,Q1,1
https://openalex.org/W4310497802,Deep transfer operator learning for partial differential equations under conditional shift,Q4,1
https://openalex.org/W4310519870,Research data integrity: A cornerstone of rigorous and reproducible research,Q1,1
https://openalex.org/W4310540378,Machine learning modeling practices to support the principles of AI and ethics in nutrition research,Q3,1
https://openalex.org/W4310554240,On the suitability of the CISPR 16 method for measuring conducted emissions in the 2–150kHz range in low voltage grids,Q4,1
https://openalex.org/W4310578929,Reproducibility of deep learning in digital pathology whole slide image analysis,"Q1, Q3",2
https://openalex.org/W4310600375,Chemical induction of splice-neoantigens attenuates tumor growth in a preclinical model of colorectal cancer,Q3,1
https://openalex.org/W4310662236,Initiating open access licensing in the New Zealand Journal of Ecology to further promote ecological science and better align copyright with the intent of Te Tiriti o Waitangi,Q1,1
https://openalex.org/W4310804815,Theoretical Studies of Silver Clusters,Q1,1
https://openalex.org/W4310831642,Confidential High-Performance Computing in the Public Cloud,Q6,1
https://openalex.org/W4310842318,Vortex Interaction in Triple Flickering Buoyant Diffusion Flames,Q1,1
https://openalex.org/W4310931067,An Electromagnetic Calculation of Ionospheric Conductance that seems to Override the Field Line Integrated Conductivity,Q1,1
https://openalex.org/W4310996215,The Emergence Proposal in Quantum Gravity and the Species Scale,Q1,1
https://openalex.org/W4311086668,Defining Morphologic Features of Invasion in Pulmonary Nonmucinous Adenocarcinoma With Lepidic Growth: A Proposal by the International Association for the Study of Lung Cancer Pathology Committee,Q2,1
https://openalex.org/W4311100774,SUSY Localization for Coulomb Branch Operators in Omega-Deformed 3d $$\mathcal {N}$$ = 4 Gauge Theories,Q1,1
https://openalex.org/W4311128291,Automated electrolyte formulation and coin cell assembly for high-throughput lithium-ion battery research,Q6,1
https://openalex.org/W4311197407,Ten Meta Science Insights to Deal With the Credibility Crisis in the Social Sciences,"Q1, Q7, Q8, Q9, Q10",5
https://openalex.org/W4311223151,Dynamics of rising bubble population undergoing mass transfer and coalescence in highly viscous liquid,Q1,1
https://openalex.org/W4311274490,Small airways obstruction and its risk factors in the Burden of Obstructive Lung Disease (BOLD) study: a multinational cross-sectional study,Q2,1
https://openalex.org/W4311343072,Condensates formed by prion-like low-complexity domains have small-world network structures and interfaces defined by expanded conformations,Q1,1
https://openalex.org/W4311505223,Toward Reusable Science with Readable Code and Reproducibility,Q1,1
https://openalex.org/W4311519124,To what extent tsunami source information can be extracted from tsunami deposits? Implications from the 2011 Tohoku-oki tsunami deposits and sediment transport simulations,Q2,1
https://openalex.org/W4311550176,"Immunomodulators Containing Epicor, Colostrum, Vitamin D, Zinc, Lactobacilli and Bifidobacterium Reduce Respiratory Exacerbations in Children and Adults with Chronic Pulmonary Diseases",Q2,1
https://openalex.org/W4311664905,Using “Galaxy-rCASC”: A Public Galaxy Instance for Single-Cell RNA-Seq Data Analysis,Q1,1
https://openalex.org/W4311807636,"Is flipped approach a panacea?: A systematic review of trends, conceptions, and practices of a decade of research","Q2, Q13",2
https://openalex.org/W4311833208,Open Science Perspectives on Machine Learning for the Identification of Careless Responding: A New Hope or Phantom Menace?,"Q1, Q8, Q9",3
https://openalex.org/W4311938093,Rigor and reproducibility instruction in academic medical libraries,"Q1, Q7, Q8",3
https://openalex.org/W4312091784,Improving reproducibility of geoscience models with Sciunit,Q4,1
https://openalex.org/W4312112365,"Neurodesk: An accessible, flexible, and portable data analysis environment for reproducible neuroimaging","Q1, Q8",2
https://openalex.org/W4312113333,Identifying and evaluating barriers for the implementation of machine learning in the intensive care unit,Q4,1
https://openalex.org/W4312114584,Data storage architectures to accelerate chemical discovery: data accessibility for individual laboratories and the community,Q1,1
https://openalex.org/W4312115114,Impulse oscillometry in children and adolescents with persistent asthma and its correlation with spirometry,"Q2, Q13",2
https://openalex.org/W4312120148,Overcoming Challenges in Preregistration to Improve Statistical Inferences in Clinical Science,Q1,1
https://openalex.org/W4312213324,Honey contamination from plant protection products approved for cocoa cultivation: a systematic review of existing research and methods,"Q2, Q12",2
https://openalex.org/W4312324691,"Double Your Variance, Dirtify Your Bayes, Devour Your Pufferfish, and Draw your Kidstrogram","Q1, Q7, Q8",3
https://openalex.org/W4312704889,Adhesive capsulitis; evaluation of a recently introduced MRI criterion,Q2,1
https://openalex.org/W4312739189,Rethinking Psychological Research Methods From &lt;i&gt;The Seven Deadly Sins of Psychology&lt;/i&gt;,Q1,1
https://openalex.org/W4312803142,The Ghost of Performance Reproducibility Past,Q1,1
https://openalex.org/W4312987730,Can remote monitoring of lung disease lead to more efficient patient care?,Q2,1
https://openalex.org/W4313121357,An original computational framework offers new perspectives for exhaled nitric oxide,Q1,1
https://openalex.org/W4313214549,"PL-kNN: A Python-based implementation of a parameterless <mml:math xmlns:mml=""http://www.w3.org/1998/Math/MathML"" display=""inline"" id=""d1e43"" altimg=""si5.svg""> <mml:mi>k</mml:mi> </mml:math> -Nearest Neighbors classifier",Q5,1
https://openalex.org/W4313260733,Study of the Performance of Deep Learning Methods Used to Predict Tidal Current Movement,Q1,1
https://openalex.org/W4313280127,Must-have Qualities of Clinical Research on Artificial Intelligence and Machine Learning,Q1,1
https://openalex.org/W4313305673,Building Trust in Earth Science Findings through Data Traceability and Results Explainability,Q1,1
https://openalex.org/W4313321576,Analysis reproducibility in mental health research: challenges and solutions,"Q1, Q7, Q8",3
https://openalex.org/W4313332336,"Erratum: Valley Isospin Controlled Fractional Quantum Hall States in Bilayer Graphene [Phys. Rev. X <b>12</b>, 031019 (2022)]",Q2,1
https://openalex.org/W4313335663,Swaragram: A software toolbox for musical feature of Indian music,Q5,1
https://openalex.org/W4313381184,Improving the computational reproducibility of immunological research,Q1,1
https://openalex.org/W4313394573,Journal Production Guidance for Software and Data Citations,Q1,1
https://openalex.org/W4313404444,Machine Learning in CNC Machining: Best Practices,Q1,1
https://openalex.org/W4313427057,Flight simulation from takeoff to yawing of eVTOL airplane with coaxial propellers by fluid-rigid body interaction,Q1,1
https://openalex.org/W4313437764,Reproducibility of Health Claims in Meta-Analysis Studies of COVID Quarantine (Stay-at-Home) Orders,"Q1, Q7",2
https://openalex.org/W4313451340,Comment on essd-2022-301,Q2,1
https://openalex.org/W4313456234,The emergence proposal in quantum gravity and the species scale,Q1,1
https://openalex.org/W4313459884,Effect of constitutive law on the erythrocyte membrane response to large strains,Q1,1
https://openalex.org/W4313469412,Regulation relevant to (long-form) audio recordings gathered in India,Q4,1
https://openalex.org/W4313478025,DFLER: Drone Flight Log Entity Recognizer to support forensic investigation on drone device,Q5,1
https://openalex.org/W4313478522,An R package for percentile-based control charts: pbcc,Q5,1
https://openalex.org/W4313486499,Conceptual Design for EarthCube: Market Manifesto for Science,Q4,1
https://openalex.org/W4313491878,Status of reproducibility and open science in hep-lat in 2021,Q1,1
https://openalex.org/W4313533921,Automated brain image analysis in dementia using artificial intelligence: a roadmap for the development of clinical tools,Q2,1
https://openalex.org/W4313533954,Computational workflows for novel materials: Case study for lanthanide manganese perovskites,Q1,1
https://openalex.org/W4313534949,Robust Image Population Based Stain Color Normalization: How Many Reference Slides Are Enough?,"Q1, Q10, Q15",3
https://openalex.org/W4313544371,Bifunctional cancer cell–based vaccine concomitantly drives direct tumor killing and antitumor immunity,Q3,1
https://openalex.org/W4313545518,Ten simple rules for using public biological data for your research,Q1,1
https://openalex.org/W4313566311,Infant rhesus macaques immunized against SARS-CoV-2 are protected against heterologous virus challenge one year later,Q3,1
https://openalex.org/W4313575980,Identifying unmet needs and challenges in the definition of a plaque in mycosis fungoides: An EORTC‐CLTG/ISCL survey,Q2,1
https://openalex.org/W4313644876,Reproducibility and rigor in rheumatology research,"Q2, Q12",2
https://openalex.org/W4313645935,Enseignement et simulation en psychiatrie militaire. Et si l’innovation n’était pas là où on la pense…,Q2,1
https://openalex.org/W4313680173,Enhancement attacks in biomedical machine learning,Q1,1
https://openalex.org/W4313909276,Ocean model with adjustable arrangements of discrete variables: application to strong tidal flows and low-salinity water dynamics,Q1,1
https://openalex.org/W4315436907,Openness and Computational Reproducibility in Plant Pathology: Where We Stand and a Way Forward,Q1,1
https://openalex.org/W4315490390,Ambulatory oxygen therapy in lung transplantation candidates with idiopathic pulmonary fibrosis referred for pulmonary rehabilitation,Q2,1
https://openalex.org/W4315641109,FISHGLOB_data: an integrated database of fish biodiversity sampled with scientific bottom-trawl surveys.,Q1,1
https://openalex.org/W4315641315,Reproducible research practices and transparency across linguistics,"Q1, Q7, Q8, Q10",4
https://openalex.org/W4315754153,Do biodiversity monitoring citizen science surveys meet the core principles of open science practices?,Q6,1
https://openalex.org/W4315796871,Reproducible research practices and transparency across linguistics,"Q1, Q7, Q8, Q10",4
https://openalex.org/W4315881374,Reproducibility Signals in Science: A preliminary analysis,Q5,1
https://openalex.org/W4315881782,Static Analysis Driven Enhancements for Comprehension in Machine Learning Notebooks,Q1,1
https://openalex.org/W4315927545,Different rules for binocular combination of luminance flicker in cortical and subcortical pathways,Q1,1
https://openalex.org/W4316019888,hiscovid for visualizing and identifying when policymakers made mistakes against COVID-19,Q5,1
https://openalex.org/W4316036934,"STICr: An open-source package and workflow for Stream Temperature, Intermittency, and Conductivity (STIC) data",Q1,1
https://openalex.org/W4316083983,ENSURING THE PROTECTION OF PEOPLE FROM EMERGENCIES RELATED TO FIRES IN BUILDINGS BELONGING TO CULTURAL HERITAGE OBJECTS,Q1,1
https://openalex.org/W4316194160,"Value dissonance in research(er) assessment: Individual and institutional priorities in review, promotion and tenure criteria","Q1, Q7, Q8, Q10",4
https://openalex.org/W4316339668,Sensitive inference of alignment-safe intervals from biodiverse protein sequence clusters using EMERALD,Q1,1
https://openalex.org/W4316829762,Open Case Studies: Statistics and Data Science Education through Real-World Applications,Q6,1
https://openalex.org/W4316881884,A hepatokine derived from the ER protein CREBH promotes triglyceride metabolism by stimulating lipoprotein lipase activity,Q3,1
https://openalex.org/W4317508219,Comment on essd-2022-301,Q2,1
https://openalex.org/W4317513974,Accurate Detection of Paroxysmal Atrial Fibrillation with Certified-GAN and Neural Architecture Search,Q3,1
https://openalex.org/W4317631241,Individual Growth Curve Modeling for Applied Linguistics Research,Q1,1
https://openalex.org/W4317874701,A Study on the Hydrogen Generation Mechanism of Digestive Water Piping,Q6,1
https://openalex.org/W4317877599,Aquaporins enriched in endothelial vacuole membrane regulate the diameters of microvasculature in hyperglycemia,Q6,1
https://openalex.org/W4317899015,Protocol for developing a dashboard for interactive cohort analysis of oral health-related data,"Q1, Q8",2
https://openalex.org/W4317933765,<i>RNA‐Seq‐Pop</i> : Exploiting the sequence in <scp>RNA</scp> sequencing—A Snakemake workflow reveals patterns of insecticide resistance in the malaria vector <i>Anopheles gambiae</i>,"Q1, Q14",2
https://openalex.org/W4317940389,Statistical reproducibility of meta-analysis research claims for medical mask use in community settings to prevent COVID infection,"Q1, Q7",2
https://openalex.org/W4318022803,Some trends in vocabulary research: A discussion of three papers presented at the JALT Vocabulary SIG,Q1,1
https://openalex.org/W4318039500,Delineating epileptogenic networks using brain imaging data and personalized modeling in drug-resistant epilepsy,Q3,1
https://openalex.org/W4318067016,Detecting and Correcting for Separation in Strategic Choice Models,"Q1, Q9",2
https://openalex.org/W4318149623,Human neutralizing antibodies to cold linear epitopes and subdomain 1 of the SARS-CoV-2 spike glycoprotein,Q3,1
https://openalex.org/W4318191681,Text as Big Data: Develop codes of practice for rigorous computational text analysis in energy social science,"Q1, Q7, Q8, Q9",4
https://openalex.org/W4318203350,Reproducibility in Machine Learning for Medical Imaging,"Q3, Q4",2
https://openalex.org/W4318256654,Report of the Working Group on Electronic Lab Notebooks,"Q1, Q8, Q10",3
https://openalex.org/W4318485579,"A Thorough Reproducibility Study on Sentiment Classification: Methodology, Experimental Setting, Results",Q3,1
https://openalex.org/W4318542361,Cd34 Immunostaining Adds Specificity To Microvascular invasion Analysis in Hepatocellular Carcinoma,Q2,1
https://openalex.org/W4318542445,Gradient-based enhancement attacks in biomedical machine learning.,Q1,1
https://openalex.org/W4318588656,"Use of Telemedicine Healthcare Systems in Children and Adolescents with Chronic Disease or in Transition Stages of Life: Consensus Document of the Italian Society of Telemedicine (SIT), of the Italian Society of Preventive and Social Pediatrics (SIPPS), of the Italian Society of Pediatric Primary Care (SICuPP), of the Italian Federation of Pediatric Doctors (FIMP) and of the Syndicate of Family Pediatrician Doctors (SIMPeF)",Q2,1
https://openalex.org/W4318668148,Promoting Reproducibility and Integrity in Observational Research: One Approach of an Epidemiology Research Community,Q3,1
https://openalex.org/W4318694067,"Gas-phase formation and spectroscopic characterization of the disubstituted cyclopropenylidenes <i>c</i>-C<sub>3</sub>(C<sub>2</sub>H)<sub>2</sub>, <i>c</i>-C<sub>3</sub>(CN)<sub>2</sub>, and <i>c</i>-C<sub>3</sub>(C<sub>2</sub>H)(CN)",Q1,1
https://openalex.org/W4318754841,A Dynamic Proton Bond: MH<sup>+</sup>·H<sub>2</sub>O ⇌ M·H<sub>3</sub>O<sup>+</sup> Interconversion in Loosely Coordinated Environments,Q1,1
https://openalex.org/W4318763302,¿Falta de concienciación o desconocimiento? La transparencia y la reproducibilidad en la Arqueología Computacional,"Q1, Q8",2
https://openalex.org/W4318763432,El lugar de la simulación social en arqueología,"Q1, Q7, Q8, Q10",4
https://openalex.org/W4318769465,Modelizaciones computacionales para la comprensión de fenómenos históricos y sociales,Q1,1
https://openalex.org/W4318823943,Análisis de patrones espaciales de puntos para el estudio de tendencias locacionales en distribuciones de yacimientos arqueológicos,Q1,1
https://openalex.org/W4318825193,Doctors ranking through heterogeneous information: The new score functions considering patients’ emotional intensity,Q5,1
https://openalex.org/W4319062942,What’s in a Badge? A Computational Reproducibility Investigation of the Open Data Badge Policy in One Issue of <i>Psychological Science</i>,Q1,1
https://openalex.org/W4319165919,Effective actions in supersymmetric gauge theories: heat kernels for non-minimal operators,Q1,1
https://openalex.org/W4319297454,The effect of the scale of grant scoring on ranking accuracy,Q1,1
https://openalex.org/W4319303402,PeyeMMV: Python implementation of EyeMMV’s fixation detection algorithm,Q5,1
https://openalex.org/W4319310537,Simulations of magnetic Bragg scattering in transmission electron microscopy,Q1,1
https://openalex.org/W4319315563,RANS-Based Modelling of Turbulent Flow in Submarine Pipe Bends: Effect of Computational Mesh and Turbulence Modelling,Q1,1
https://openalex.org/W4319319202,From Novices to Experts: Skill Development and Knowledge Transmission in Prehistory,Q2,1
https://openalex.org/W4319323401,Four principles for improved statistical ecology,"Q1, Q8",2
https://openalex.org/W4319323762,Mitigating Data Scarcity for Large Language Models,Q3,1
https://openalex.org/W4319346504,Computational capability for physical reservoir computing using a spin-torque oscillator with two free layers,"Q1, Q11",2
https://openalex.org/W4319593432,Mapping the policy design research: a systematic literature review,"Q2, Q13",2
https://openalex.org/W4319600992,From species descriptions to diversity patterns: the validation of taxonomic data as a keystone for ant diversity studies reproducibility and accuracy,Q2,1
https://openalex.org/W4319657189,Raising the value of research studies in psychological science by increasing the credibility of research reports: the transparent Psi project,"Q1, Q7, Q8",3
https://openalex.org/W4319661244,From ethical AI frameworks to tools: a review of approaches,Q3,1
https://openalex.org/W4319663049,"Clinical, etiological, microbiological and radiological features of bronchiectasis patients-an institution based analytical cross-sectional study",Q2,1
https://openalex.org/W4319740331,Companion diagnostic requirements for spatial biology using multiplex immunofluorescence and multispectral imaging,Q4,1
https://openalex.org/W4319792232,PyRates -- A Code-Generation Tool for Dynamical Systems Modeling,Q1,1
https://openalex.org/W4319832276,<i>wallace</i> 2: a shiny app for modeling species niches and distributions redesigned to facilitate expansion via module contributions,Q3,1
https://openalex.org/W4319870518,Role of native defects on the opto-electronic properties of p-type ZnO synthesized during the most straightforward method: only water,Q6,1
https://openalex.org/W4319917060,Analysis of robustness of oscillations in models of the mammalian circadian clock,Q1,1
https://openalex.org/W4319928799,Reaction-diffusion model of Rho-GTPase signaling quantitatively reproduces different types of complex actin dynamics,Q1,1
https://openalex.org/W4319928864,Contact map dependence of a T-cell receptor binding repertoire,Q1,1
https://openalex.org/W4319936818,TidyGEO: Preparing analysis-ready datasets from Gene Expression Omnibus,Q1,1
https://openalex.org/W4320037303,EFT strings and emergence,Q1,1
https://openalex.org/W4320039026,DOMINO: Domain-aware loss for deep learning calibration,Q5,1
https://openalex.org/W4320165432,Towards Inferential Reproducibility of Machine Learning Research,Q3,1
https://openalex.org/W4320495472,Precise Spatial Tuning of Visually Driven Alpha Oscillations in Human Visual Cortex,Q1,1
https://openalex.org/W4320521875,Smart Meter Synthetic Data Generator development in python using FBProphet,Q5,1
https://openalex.org/W4320730649,"Geomorphological landslide inventory map of the Daunia Apennines, southern Italy",Q2,1
https://openalex.org/W4320812711,Sharing and Caring: Creating a Culture of Constructive Criticism in Computational Legal Studies,"Q1, Q4, Q7, Q9, Q10",5
https://openalex.org/W4320854881,Why Can't Discourse Parsing Generalize? A Thorough Investigation of the Impact of Data Diversity,Q2,1
https://openalex.org/W4320855252,On Random Number Generation for Kernel Applications,Q4,1
https://openalex.org/W4320856980,A Descriptive Study of a Turkish Pneumoconiosis Case-Series,Q2,1
https://openalex.org/W4320878982,Data Preservation in High Energy Physics (DPHEP Global Report 2022),Q1,1
https://openalex.org/W4320912420,PaSR-SDE: Premixed turbulent combustion with stochastic mixing models simulator,Q5,1
https://openalex.org/W4320912426,Modelling the Field Oriented Control applied to a 3-phase Permanent Magnet Synchronous Motor,Q5,1
https://openalex.org/W4321102166,Operationalizing open and restricted-access data – Formulating verifiable criteria for the openness of datasets mentioned in biomedical research articles,Q1,1
https://openalex.org/W4321251711,"Similarities and differences between multivariate patterns of cognitive and socio-cognitive deficits in schizophrenia, bipolar disorder and related risk",Q1,1
https://openalex.org/W4321352083,Epistemic Functions of Replicability in Experimental Sciences: Defending the Orthodox View,"Q1, Q8, Q9",3
https://openalex.org/W4321369237,Uncertainty guidance in proton therapy planning visualization,Q6,1
https://openalex.org/W4321383839,How Does Scientific Publishing Serve the Design Community?,"Q1, Q8",2
https://openalex.org/W4321383969,Policies and Infrastructures for Innovation and Impact in Open Science,Q1,1
https://openalex.org/W4321392945,Designing and Evaluating Interfaces that Highlight News Coverage Diversity Using Discord Questions,Q4,1
https://openalex.org/W4321442793,Barriers and enabling factors for error analysis in NLG research,"Q1, Q3, Q5, Q8",4
https://openalex.org/W4321444396,A guide to current methodology and usage of reverse vaccinology towards <i>in silico</i> vaccine discovery,Q1,1
https://openalex.org/W4321524675,pykanto: a python library to accelerate research on wild bird song,Q1,1
https://openalex.org/W4321595575,A latent clinical-anatomical dimension relating metabolic syndrome to brain structure and cognition,Q1,1
https://openalex.org/W4321605717,Functional assessment of respiratory muscles and lung capacity of CrossFit athletes,Q2,1
https://openalex.org/W4321607515,Inhibition of the mitochondrial pyruvate carrier simultaneously mitigates hyperinflammation and hyperglycemia in COVID-19,Q3,1
https://openalex.org/W4321611180,Addressing barriers in FAIR data practices for biomedical data,Q1,1
https://openalex.org/W4321748313,Effect of weight-bearing Liuzijue Qigong on cardiopulmonary function,Q2,1
https://openalex.org/W4321788765,K-span: Open and reproducible spatial analytics using scientific workflows,Q1,1
https://openalex.org/W4321788801,"Reduce, Reuse, Recycle: Introducing MetaPipeX, a Framework for Analyses of Multi-Lab Data","Q1, Q8",2
https://openalex.org/W4321788908,Old collection and new insights: technological analysis of obsidian finds from the Late Neolithic layers of Vinča-Belo Brdo,Q1,1
https://openalex.org/W4321790292,Educational Scoring System in Laparoscopic Cholecystectomy: Is It the Right Time to Standardize?,Q2,1
https://openalex.org/W4322003085,The benefits of Open Science approaches when teaching hydrology,Q1,1
https://openalex.org/W4322098485,Old Collection and New Insights: Technological Analysis of Obsidian Finds from the Late Neolithic Layers of Vinča-Belo Brdo,Q1,1
https://openalex.org/W4322490849,A Guide to Computational Reproducibility in Signal Processing and Machine Learning [Tips &amp; Tricks],Q1,1
https://openalex.org/W4322505255,Refining Archaeological Data Collection and Management,"Q1, Q8, Q10",3
https://openalex.org/W4322619436,"Reproducibility of Machine Learning: Terminology, Recommendations and Open Issues","Q1, Q3, Q8",3
https://openalex.org/W4322619659,A Study in Reproducibility: The Congruent Matching Cells Algorithm and cmcR Package,Q1,1
https://openalex.org/W4322619766,knitrdata: A Tool for Creating Standalone Rmarkdown Source Documents,Q1,1
https://openalex.org/W4322619775,Making Provenance Work for You,Q1,1
https://openalex.org/W4322631571,(Why) Are Open Research Practices the Future for the Study of Language Learning?,"Q1, Q8, Q10",3
https://openalex.org/W4322718280,Quantifying and managing uncertainty in piecewise-deterministic Markov processes,"Q1, Q7",2
https://openalex.org/W4322723469,CBIR-ANR: A content-based image retrieval with accuracy noise reduction,Q5,1
https://openalex.org/W4322730880,An Architecture for Experiments in Connected and Automated Vehicles,Q1,1
https://openalex.org/W4322737862,"Adaptive harvesting, “fishing down the food web”, and regime shifts",Q6,1
https://openalex.org/W4322768122,Competency categorization and roles of online teachers from the perspective of university students,Q6,1
https://openalex.org/W4322772884,"Social determinants of health derived from people with opioid use disorder: Improving data collection, integration and use with cross-domain collaboration and reproducible, data-centric, notebook-style workflows",Q1,1
https://openalex.org/W4323030453,Explainable machine learning pipeline for Twitter bot detection during the 2020 US Presidential Election,Q5,1
https://openalex.org/W4323032758,Integrating <scp>GRASS GIS</scp> and Jupyter Notebooks to facilitate advanced geospatial modeling education,Q1,1
https://openalex.org/W4323038521,Predicting peritoneal recurrence in gastric cancer with serosal invasion using a pathomics nomogram,Q1,1
https://openalex.org/W4323050593,MAW: the reproducible Metabolome Annotation Workflow for untargeted tandem mass spectrometry,Q1,1
https://openalex.org/W4323060408,Conceptual Model of a System for Scientometric Monitoring of Research Performance,Q6,1
https://openalex.org/W4323075963,Batch Action PoTential Analyser (BAPTA): an open source tool for automated high throughput analysis of cardiac action potentials,Q2,1
https://openalex.org/W4323076382,A Survey of Automatic Generation of Attack Trees and Attack Graphs,Q5,1
https://openalex.org/W4323310148,User Engagement Testing with a Pilot Decision Support Tool Aimed to Support Species Managers,Q6,1
https://openalex.org/W4323315704,Unsupervised<scp>EHR</scp>‐based phenotyping via matrix and tensor decompositions,Q1,1
https://openalex.org/W4323323877,Slow improvement to the archiving quality of open datasets shared by researchers in ecology and evolution,Q1,1
https://openalex.org/W4323350728,Developing and reusing bioinformatics data analysis pipelines using scientific workflow systems,Q1,1
https://openalex.org/W4323653122,Pitfalls and potentials in simulation studies: Questionable research practices in comparative simulation studies allow for spurious claims of superiority of any method,Q1,1
https://openalex.org/W4323657302,Computational Reproducibility in Metabolite Quantification Applied to Short Echo Time In Vivo MR Spectroscopy,Q1,1
https://openalex.org/W4323718572,RANG: Reconstructing reproducible R computational environments,"Q1, Q8",2
https://openalex.org/W4323922648,The impact of minor trauma during pregnancy on maternal and neonatal outcomes: A tertiary centre experience,Q6,1
https://openalex.org/W4323924564,Computational Reproducibility in Metabolite Quantification Applied to Short Echo Time in Vivo MR Spectroscopy,Q1,1
https://openalex.org/W4323928422,Annotation Visualizer: A software visualization tool for code annotations,Q5,1
https://openalex.org/W4323972004,Users are the North Star for AI Transparency,Q1,1
https://openalex.org/W4324058012,An Overview towards Zebrafish Larvae as a Model for Ocular Diseases,Q6,1
https://openalex.org/W4324094199,"Neurodesk: An accessible, flexible, and portable data analysis environment for reproducible neuroimaging","Q1, Q8",2
https://openalex.org/W4324107138,Open World Classification with Adaptive Negative Samples,Q3,1
https://openalex.org/W4324138716,Reliability and reproducibility checklist for molecular dynamics simulations,Q3,1
https://openalex.org/W4324145508,"Design and Implementation of a Wearable System Based on a Flexible Capacitive Sensor, Monitoring Knee Laxity",Q4,1
https://openalex.org/W4324145715,"Design and Implementation of a Wearable System Based on a Flexible Capacitive Sensor, Monitoring Knee Laxity",Q4,1
https://openalex.org/W4324325395,Prior SARS-CoV-2 infection enhances and reshapes spike protein–specific memory induced by vaccination,Q3,1
https://openalex.org/W4327486555,Challenges and Practices of Deep Learning Model Reengineering: A Case Study on Computer Vision,Q3,1
https://openalex.org/W4327555758,News from the San Antonio Breast Cancer Symposium 2022,Q2,1
https://openalex.org/W4327568788,Ten simple rules for designing and conducting undergraduate replication projects,"Q1, Q8",2
https://openalex.org/W4327568792,An implementation framework to improve the transparency and reproducibility of computational models of infectious diseases,Q3,1
https://openalex.org/W4327569502,The long-lasting shadow of litter size in rodents: litter size is an underreported variable that strongly determines adult physiology,Q3,1
https://openalex.org/W4327573869,Neural learning rules for generating flexible predictions and computing the successor representation,Q1,1
https://openalex.org/W4327660534,Author response: Neural learning rules for generating flexible predictions and computing the successor representation,Q1,1
https://openalex.org/W4327660708,Editor's evaluation: Neural learning rules for generating flexible predictions and computing the successor representation,Q1,1
https://openalex.org/W4327660757,Decision letter: Neural learning rules for generating flexible predictions and computing the successor representation,Q1,1
https://openalex.org/W4327664049,CrossTransUnet: A New Computationally Inexpensive Tumor Segmentation Model for Brain MRI,Q2,1
https://openalex.org/W4327718133,Softcomputing in identification of the origin of Voynich manuscript by comparison with ancient dialects,Q5,1
https://openalex.org/W4327810228,On the spectrum and structure constants of short operators in N=4 SYM at strong coupling,Q1,1
https://openalex.org/W4327810954,The NCI Imaging Data Commons as a platform for reproducible research in computational pathology,Q6,1
https://openalex.org/W4327905716,Functional convergence underground? The scale-dependency of community assembly processes in European cave spiders,Q3,1
https://openalex.org/W4327919413,"A &gt;200 ka U‐Th Based Chronology From Lacustrine Evaporites, Searles Lake, CA",Q2,1
https://openalex.org/W4328107283,Photogenerated Ni(I)–Bipyridine Halide Complexes: Structure-Function Relationships for Competitive C(sp2)–Cl Oxidative Addition and Dimerization Reactivity Pathways,Q1,1
https://openalex.org/W4328120778,Mapping Literature with Networks: An Application to Redistricting,"Q1, Q7, Q8, Q9",4
https://openalex.org/W4328127884,The Superfund Research Program Analytics Portal: linking environmental chemical exposure to biological phenotypes,Q2,1
https://openalex.org/W4353029138,Inter-rater reliability of the Infectious Disease Modeling Reproducibility Checklist (IDMRC) as applied to COVID-19 computational modeling research,Q3,1
https://openalex.org/W4353084603,DataPipe: Born-open data collection for online experiments,Q1,1
https://openalex.org/W4353084629,<i>BRCA1</i> secondary splice-site mutations drive exon-skipping and PARP inhibitor resistance,Q1,1
https://openalex.org/W4353085171,Reproducibility as a service,"Q1, Q8",2
https://openalex.org/W4360598797,What Does It Take to Reproduce Experiments? Evidences from the Neuro-Symbolic Domain,Q3,1
https://openalex.org/W4360620613,The role of global reanalyses in climate services for health: Insights from the <i>Lancet</i> Countdown,"Q2, Q12, Q13",3
https://openalex.org/W4360820221,Bronchodilator Response in FEF <sub>25–75</sub> for the Diagnosis of Asthma in Children,Q2,1
https://openalex.org/W4360830184,Rates and predictors of data and code sharing in the medical and health sciences: A systematic review with meta-analysis of individual participant data,"Q1, Q8",2
https://openalex.org/W4360835583,W2CWM2C reloaded: Ten years later,Q5,1
https://openalex.org/W4360847948,Computational Methods Summarizing Mutational Patterns in Cancer: Promise and Limitations for Clinical Applications,Q1,1
https://openalex.org/W4360868548,Towards a Greater Understanding of Coordinated Vulnerability Disclosure Policy Documents,Q3,1
https://openalex.org/W4360927956,Forensic determination of movement and usage profiles using smartphone apps,Q6,1
https://openalex.org/W4360938707,Garuda: A lightweight tweet collector tool,Q5,1
https://openalex.org/W4360939367,Open Science in Applied Linguistics: An Introduction to Metascience,"Q1, Q6, Q8, Q10",4
https://openalex.org/W4360980864,Students' goal orientations and their perceived peer relationships,Q1,1
https://openalex.org/W4360980953,"Weyl invariance, non-compact duality and conformal higher-derivative sigma models",Q1,1
https://openalex.org/W4360988997,Reproducibility of simulations and High Performance Computing,"Q1, Q15",2
https://openalex.org/W4360990613,Comprehensive Approach to Simulating Large Scale Conformational Changes in Biological Systems Utilizing a Path Collective Variable and New Barrier Restraint,Q1,1
https://openalex.org/W4360998601,F-ASTMut mutation optimisations techniques using the Clang front-end,Q5,1
https://openalex.org/W4360998628,Direct numerical simulation of Vortex Breakdown in Evaporating Dilute Sprays,Q1,1
https://openalex.org/W4361019559,Bringing Inputs to Shared Domains for 3D Interacting Hands Recovery in the Wild,Q6,1
https://openalex.org/W4361188062,ReproVIP Report #1.1.1 Selected Metrics and Reproducibility Results,Q1,1
https://openalex.org/W4361215018,CRRESS - Session 4 - Reproducibility and Confidential Data,"Q1, Q6",2
https://openalex.org/W4361216438,CRRESS - Session 4 - Reproducibility and confidential or proprietary data: can it be done?,"Q1, Q6",2
https://openalex.org/W4361217127,CRRESS - Session 4 - Empirical Research with Large Datasets,"Q1, Q6",2
https://openalex.org/W4361226245,Creating a Software Methodology to Analyze and Preserve Archaeological Legacy Data,"Q1, Q8",2
https://openalex.org/W4361237169,Is it pertinent to categorize universities to accredit the quality of higher education?,Q2,1
https://openalex.org/W4361266903,Encouraging responsible reporting practices in the Instructions to Authors of neuroscience and physiology journals: There is room to improve,Q3,1
https://openalex.org/W4361285262,Therapeutic neutralizing monoclonal antibody administration protects against lethal yellow fever virus infection,Q3,1
https://openalex.org/W4361296271,Traveling with TARDIS. Parameterization and transferability in molecular modeling and simulation,Q1,1
https://openalex.org/W4361806031,When Good and Reproducible Results are a Giant with Feet of Clay: The Importance of Software Quality in NLP,Q3,1
https://openalex.org/W4361806078,Workflows Community Summit 2022: A Roadmap Revolution,Q1,1
https://openalex.org/W4362475854,ViroProfiler: a containerized bioinformatics pipeline for viral metagenomic data analysis,Q1,1
https://openalex.org/W4362506632,Mechanisms of the Reaction of Elemental Sulfur and Polysulfides with Cyanide and Phosphines**,Q1,1
https://openalex.org/W4362512590,Search for an interaction mediated by axion-like particles with ultracold neutrons at the PSI,Q4,1
https://openalex.org/W4362549540,Ventilatory Threshold and Risk of Pulmonary Exacerbations in Cystic Fibrosis,Q2,1
https://openalex.org/W4362579893,Accelerating Social Science Knowledge Production with the Coordinated Open-Source Model,"Q1, Q7, Q8, Q9, Q10, Q14, Q15",7
https://openalex.org/W4362588622,Acoustic recording of false killer whale (<i>Pseudorca crassidens</i>) from Mexico (L),Q2,1
https://openalex.org/W4362618150,Cell Phone Radiation Exposure Limits and Engineering Solutions,Q4,1
https://openalex.org/W4362657491,Open Science Drone Toolkit: Open source hardware and software for aerial data capture,Q1,1
https://openalex.org/W4362735663,Neglected tropical diseases risk correlates with poverty and early ecosystem destruction,Q3,1
https://openalex.org/W4364368413,Of Calimero and other stories,Q2,1
https://openalex.org/W4364376634,Rapid literature mapping on the recent use of machine learning for wildlife imagery,Q1,1
https://openalex.org/W4364376790,Pilot Study for the Assessment of the Best Radiomic Features for Bosniak Cyst Classification Using Phantom and Radiologist Inter-Observer Selection,Q2,1
https://openalex.org/W4365136266,Development and validation of a performance assessment checklist for insertion of an intra-uterine device (IUD),Q3,1
https://openalex.org/W4365138995,"Ethical and Responsible Use of AI/ML in the Earth, Space, and Environmental Sciences ","Q1, Q8, Q15",3
https://openalex.org/W4365139893,Efficacy of a brain-penetrant antiviral in lethal Venezuelan and eastern equine encephalitis mouse models,Q3,1
https://openalex.org/W4365143634,"Reproducible Tract Profiles 2 (RTP2) suite, from diffusion MRI acquisition to clinical practice and research",Q1,1
https://openalex.org/W4365455354,A Transparency Checklist for Qualitative Research,"Q1, Q7, Q8, Q9, Q10",5
https://openalex.org/W4365515921,"Meta-analysis suggests that the effects of demand characteristics can be consequential, unreliable, and difficult to explain","Q1, Q7, Q8, Q9",4
https://openalex.org/W4365999172,Organizing Oceanographic Infrastructure: The Work of Making a Software Pipeline Repurposable,"Q1, Q10",2
https://openalex.org/W4366160670,Shedding light on functional near-infrared spectroscopy and open science practices,Q1,1
https://openalex.org/W4366212949,Criteria for selection and classification of studies in medical events,Q2,1
https://openalex.org/W4366302413,Enantiopure cycloplatinated pentahelicenic N-heterocyclic carbenic complexes that display long-lived circularly polarized phosphorescence,Q1,1
https://openalex.org/W4366320581,Discussion on the Application of Measurement Reproducibility in Gas Flow Standard Devices by Master Meter Method,"Q4, Q6",2
https://openalex.org/W4366341553,Modeling Transient Changes in Circadian Rhythms,Q2,1
https://openalex.org/W4366386792,Comprehensive circulating microRNA profile as a supersensitive biomarker for early-stage lung cancer screening,Q6,1
https://openalex.org/W4366401109,Endometrial whole metabolome profile at the receptive phase: influence of Mediterranean Diet and infertility,"Q2, Q13",2
https://openalex.org/W4366407820,A Survey of Data Quality Requirements That Matter in ML Development Pipelines,Q3,1
https://openalex.org/W4366416666,Functional neuroimaging in the era of Big Data and Open Science: A modern overview,Q1,1
https://openalex.org/W4366428506,ผลของการสมผสมลพษอากาศตอระบบทางเดนหายใจและสมรรถภาพปอดในพนกงานขบรถโดยสารรบจางสาธารณะในจงหวดเชยงใหม,Q2,1
https://openalex.org/W4366447640,An influenza hemagglutinin stem nanoparticle vaccine induces cross-group 1 neutralizing antibodies in healthy adults,Q3,1
https://openalex.org/W4366590371,Home-based exercise alters pulmonary function and cellular stress markers in overweight middle-aged men during covid-19 Home quarantine,Q2,1
https://openalex.org/W4366599349,Patterns of risk—Using machine learning and structural neuroimaging to identify pedophilic offenders,Q1,1
https://openalex.org/W4366607067,Protection of titanium alloys against high temperature oxidation during closed-die forging: Structural analysis of the boro-silicate glass coating/Ti-6Al-4V alloy interfacial region by correlative imaging,Q1,1
https://openalex.org/W4366735635,A Study on Reproducibility and Replicability of Table Structure Recognition Methods,"Q1, Q7, Q8",3
https://openalex.org/W4366742617,"High‐grade squamous intraepithelial lesion cervicovaginal paps with negative high‐risk <scp>HPV</scp> testing, a prospective study with histological follow‐up",Q2,1
https://openalex.org/W4366779686,PD-ADSV: An automated diagnosing system using voice signals and hard voting ensemble method for Parkinson’s disease,Q5,1
https://openalex.org/W4366815816,Common Scholarly Communication Infrastructure Landscape Review,"Q1, Q7, Q8",3
https://openalex.org/W4366827415,A Hypothesis on the Progression of Insulin-Induced Lipohypertrophy: An Integrated Result of High-Frequency Ultrasound Imaging and Blood Glucose Control of Patients,Q2,1
https://openalex.org/W4366828328,microRNA Detection via Nanostructured Biochips for Early Cancer Diagnostics,Q4,1
https://openalex.org/W4366830025,Protocol for developing a dashboard for interactive cohort analysis of oral health-related data,"Q1, Q8",2
https://openalex.org/W4366990214,On the detection of lateral movement through supervised machine learning and an open-source tool to create turnkey datasets from Sysmon logs,Q2,1
https://openalex.org/W4367060484,Quantized Strings and Instantons in Holography,Q1,1
https://openalex.org/W4367061128,Methods and datasets for segmentation of minimally invasive surgical instruments in endoscopic images and videos: A review of the state of the art,Q6,1
https://openalex.org/W4367175108,Nonadiabatic dynamics in a forest of coupled states: Electronic state branching in the VUV photodissociation of N2,Q1,1
https://openalex.org/W4367309839,Precision-medicine-toolbox: An open-source python package for the quantitative medical image analysis,Q5,1
https://openalex.org/W4367366184,Deep Learning Utilizing Suboptimal Spirometry Data to Improve Lung Function and Mortality Prediction in the UK Biobank,Q2,1
https://openalex.org/W4367399992,EXPERIMENTAL ANIMAL MODELS USED IN HYPOTHYROIDISM - OVERVIEW,Q4,1
https://openalex.org/W4367558978,PathOS - D1.2 Scoping Review of Open Science Impact,Q1,1
https://openalex.org/W4367669746,"Wave interactions with multi-float structures: SPH model, experimental validation, and parametric study",Q1,1
https://openalex.org/W4367723564,Computational Creativity or Automated Information Production?,Q1,1
https://openalex.org/W4367835104,Reproducibility and FAIR principles: the case of a segment polarity network model,Q1,1
https://openalex.org/W4368283498,ESTIMATING AND MAPPING ROMAN AMPHITHEATER SEATING CAPACITY,Q1,1
https://openalex.org/W4368304241,"Missing Information, Unresponsive Authors, Experimental Flaws: The Impossibility of Assessing the Reproducibility of Previous Human Evaluations in NLP",Q3,1
https://openalex.org/W4368361373,Benchmarking methods and data for the whole‐outline geometric morphometric analysis of lithic tools,Q1,1
https://openalex.org/W4372184656,Feasibility of dynamic chest radiography to calculate lung volumes in adult people with cystic fibrosis: a pilot study,Q2,1
https://openalex.org/W4372333312,Targeting homologous recombination deficiency in uterine leiomyosarcoma,Q1,1
https://openalex.org/W4372403078,Investigating relationships between trait visual imagery and phenomenological control: the role of context effects,Q1,1
https://openalex.org/W4375949200,Different rules for binocular combination of luminance flicker in cortical and subcortical pathways,Q1,1
https://openalex.org/W4375950200,Different rules for binocular combination of luminance flicker in cortical and subcortical pathways,Q1,1
https://openalex.org/W4375951529,Data is not available upon request,Q1,1
https://openalex.org/W4376130978,Robustness of radiomics features of virtual unenhanced and virtual monoenergetic images in dual-energy CT among different imaging platforms and potential role of CT number variability,Q2,1
https://openalex.org/W4376130995,Deep learning to refine the identification of high-quality clinical research articles from the biomedical literature: Performance evaluation,"Q2, Q12",2
https://openalex.org/W4376273737,"Authors' response to Unjournal evaluations of ""Long term cost-effectiveness of resilient foods for global catastrophes compared to artificial general intelligence""","Q1, Q7",2
https://openalex.org/W4376274370,Reducing radiation dose for NN-based COVID-19 detection in helical chest CT using real-time monitored reconstruction,Q5,1
https://openalex.org/W4376312143,Challenges and opportunities to computationally deconvolve heterogeneous tissue with varying cell sizes using single cell RNA-sequencing datasets,Q1,1
https://openalex.org/W4376599840,A combined experimental and multiscale modeling approach for the investigation of lab-scale fluidized bed reactors,Q1,1
https://openalex.org/W4376602130,New trends in bibliometric APIs: A comparative analysis,"Q1, Q7, Q8, Q15",4
https://openalex.org/W4376603576,"Bhatt, Ferguson, Flaxman, Gandy, Mishra, and Scott's reply to the Discussion of ‘The Second Discussion Meeting on Statistical aspects of the Covid-19 Pandemic’",Q1,1
https://openalex.org/W4376618089,Hybrid computational modeling highlights reverse Warburg effect in breast cancer-associated fibroblasts,Q1,1
https://openalex.org/W4376625554,"LETTER FROM HEADQUARTERS, MEMBER SPOTLIGHT, LIGHTNING ROUND, CLEAR SKIES AHEAD, DO POINTS, CAT IN THE CLOUDS, CERTIFICATIONS, OBITUARIES, LIVING ON THE REAL WORLD with William H. Hooke, AMS STATEMENTS",Q1,1
https://openalex.org/W4376634211,Estimating hidden fishing activity hotspots from vessel transmitted data,Q1,1
https://openalex.org/W4376636957,Implementing Code Review in the Scientific Workflow: Insights from Ecology and Evolutionary Biology,"Q1, Q15",2
https://openalex.org/W4376637409,Systematic review search strategies are poorly described and not reproducible: a cross-sectional meta-research study,Q1,1
https://openalex.org/W4376640612,Efficacy of mRNA-1273 and Novavax ancestral or BA.1 spike booster vaccines against SARS-CoV-2 BA.5 infection in nonhuman primates,Q3,1
https://openalex.org/W4376865588,Towards automated homomorphic encryption parameter selection with fuzzy logic and linear programming,Q5,1
https://openalex.org/W4376871378,Computational workflows for perovskites: case study for lanthanide manganites,Q1,1
https://openalex.org/W4377007301,Clinical and Radiological Particularities of COPD during Aging: Cross-Sectional Study Conducted in 3 Hospitals in Kinshasa,"Q2, Q13",2
https://openalex.org/W4377019086,ExMove: An open-source toolkit for processing and exploring animal tracking data in R,Q4,1
https://openalex.org/W4377093475,Association between Early Childhood Vitamin D Status and Age 6-Year Lung Function among Children with a History of Severe Bronchiolitis in Infancy,Q2,1
https://openalex.org/W4377094308,Reproducibility in 2023 – An End-to-End Template for Analysis and Manuscript Writing,Q1,1
https://openalex.org/W4377103831,VisualDom: An R package for estimating dominant variables in dynamical systems,Q5,1
https://openalex.org/W4377121475,BAD: BiAs Detection for Large Language Models in the context of candidate screening,Q3,1
https://openalex.org/W4377140238,(FULL GUIDE) A Guide for Social Science Journal Editors on Easing into Open Science,"Q1, Q7, Q8",3
https://openalex.org/W4377371745,Pitfalls in Experiments with DNN4SE: An Analysis of the State of the Practice,Q3,1
https://openalex.org/W4377564316,Challenges and opportunities to computationally deconvolve heterogeneous tissue with varying cell sizes using single-cell RNA-sequencing datasets,Q1,1
https://openalex.org/W4377825728,The role of spoken vocabulary knowledge in language minority students’ incidental vocabulary learning from captioned television,Q1,1
https://openalex.org/W4377832476,Report of the AEA Data Editor,"Q1, Q6, Q7, Q8, Q9",5
https://openalex.org/W4377864264,Evaluating Open-QA Evaluation,Q3,1
https://openalex.org/W4377938942,"The association of spirometric small airways obstruction with respiratory symptoms, cardiometabolic diseases, and quality of life: results from the Burden of Obstructive Lung Disease (BOLD) study",Q2,1
https://openalex.org/W4377966861,"A multi-specific, multi-affinity antibody platform neutralizes sarbecoviruses and confers protection against SARS-CoV-2 in vivo",Q3,1
https://openalex.org/W4378082618,The “Real” Gibbs Paradox and a Composition-Based Resolution,Q4,1
https://openalex.org/W4378083357,Open Research in Artificial Intelligence and the Search for Common Ground in Reproducibility: A Commentary on “(Why) Are Open Research Practices the Future for the Study of Language Learning?”,"Q3, Q5",2
https://openalex.org/W4378189277,Learning problem generator for introductory programming courses,Q5,1
https://openalex.org/W4378219909,Estimating the Ontogenetic Age and Sex Composition of Faunal Assemblages with Bayesian Multilevel Mixture Models,Q1,1
https://openalex.org/W4378220682,A Framework for Evaluating Reproducibility and Replicability in Economics,"Q1, Q7, Q8, Q9, Q10, Q15",6
https://openalex.org/W4378373828,Germany-wide time series of interpolated phenological observations of main crop types between 1993 and 2021,Q1,1
https://openalex.org/W4378469188,Reproducibility and Transparency versus Privacy and Confidentiality: Reflections from a Data Editor,"Q1, Q6, Q7, Q8",4
https://openalex.org/W4378505341,On Degrees of Freedom in Defining and Testing Natural Language Understanding,Q3,1
https://openalex.org/W4378549681,Bisphenol and phthalate exposure during pregnancy and the development of childhood lung function and asthma. The Generation R Study,"Q2, Q13",2
https://openalex.org/W4378574680,<scp>MultiscaleDTM</scp>: An open‐source R package for multiscale geomorphometric analysis,Q1,1
https://openalex.org/W4378611187,Eleven Strategies for Making Reproducible Research and Open Science Training the Norm at Research Institutions,"Q1, Q8",2
https://openalex.org/W4378649427,Joint variational autoencoders for multimodal imputation and embedding,Q1,1
https://openalex.org/W4378652942,"Estimating reliability for response-time difference measures: Toward a standardized, model-based approach","Q1, Q8",2
https://openalex.org/W4378676325,A Framework for Moving Beyond Computational Reproducibility: Lessons from Three Reproductions of Geographical Analyses of COVID-19,"Q1, Q8",2
https://openalex.org/W4378713398,Variation Spaces for Multi-Output Neural Networks: Insights on Multi-Task Learning and Network Compression,Q1,1
https://openalex.org/W4378715486,Reliability of Meta-Analysis Research Claims for Gas Stove Cooking−Childhood Respiratory Health Associations,"Q1, Q8",2
https://openalex.org/W4378802587,Gene-edited and -engineered stem cell platform drives immunotherapy for brain metastatic melanomas,Q3,1
https://openalex.org/W4378805130,A HYBRID ARTIFICIAL INTELLIGENCE METHOD APPLIED TO STRUCTURAL FAILURES DIAGNOSIS,Q1,1
https://openalex.org/W4378805199,ARTIFICIAL IMMUNE SYSTEMS WITH NEGATIVE SELECTION APPLIED TO CLINICAL DIAGNOSIS OF BREAST CANCER SAMPLES,Q1,1
https://openalex.org/W4378837400,Spatial transformation of multi-omics data unlocks novel insights into cancer biology,Q1,1
https://openalex.org/W4378903950,eLife Assessment: GENIUS: GEnome traNsformatIon and spatial representation of mUltiomicS data,Q1,1
https://openalex.org/W4378938763,Correlators of double scaled SYK at one-loop,Q1,1
https://openalex.org/W4379053557,Using an expert survey and user feedback to construct PRECHECK: A checklist to evaluate preprints on COVID-19 and beyond,Q1,1
https://openalex.org/W4379113990,CELL-E: zero-shot sequence-to-image synthesis for protein localization prediction,Q1,1
https://openalex.org/W4379207081,Using Detrending to Assess SARS-CoV-2 Wastewater Loads as a Leading Indicator of Fluctuations in COVID-19 Cases at Fine Temporal Scales: Correlations Across Twenty Sewersheds in North Carolina,Q2,1
https://openalex.org/W4379207823,The Open Empirical Cycle for Hypothesis Evaluation in Psychology,"Q1, Q8",2
https://openalex.org/W4379208365,Reproducible Research Practices and Barriers to Reproducible Research in Geography: Insights from a Survey,"Q1, Q7, Q8, Q15",4
https://openalex.org/W4379208527,An Inception Cohort Study Quantifying How Many Registered Studies are Published,"Q1, Q7, Q8, Q10",4
https://openalex.org/W4379208672,Demonstration that sublinear dendrites enable linearly non-separable computations,"Q1, Q7",2
https://openalex.org/W4379229068,"Design and Implementation of a Wearable System Based on a Flexible Capacitive Sensor, Monitoring Knee Laxity",Q4,1
https://openalex.org/W4379230729,Modeling system dynamics of interacting cruising trains to reduce the impact of power peaks,Q5,1
https://openalex.org/W4379256061,Survey of Trustworthy AI: A Meta Decision of AI,"Q1, Q7, Q8, Q15",4
https://openalex.org/W4379375488,Extracellular vesicle-based biovectors in chronic wound healing: Biogenesis and delivery approaches,Q2,1
https://openalex.org/W4379415532,RCR Report of “Zero Lookahead? Zero Problem. The Window Racer Algorithm”,Q5,1
https://openalex.org/W4379415545,Reproducibility Report for the Paper: “Hybrid PDES Simulation of HPC Networks Using Zombie Packets”,Q5,1
https://openalex.org/W4379469560,How to establish and maintain a multimodal animal research dataset using DataLad,Q1,1
https://openalex.org/W4379520465,Computer model and code sharing practices in healthcare discrete-event simulation: a systematic scoping review,"Q1, Q8",2
https://openalex.org/W4379534655,"Stress Regulation via Being in Nature and Social Support in Adults, a Meta-analysis","Q1, Q8",2
https://openalex.org/W4379538657,NLPositionality: Characterizing Design Biases of Datasets and Models,Q3,1
https://openalex.org/W4379539798,A Deep Learning Neural Network Algorithm for Classification of Eclipsing Binary Light Curves,Q3,1
https://openalex.org/W4379598864,Photogenerated Ni(I)–Bipyridine Halide Complexes: Structure–Function Relationships for Competitive C(sp <sup>2</sup> )–Cl Oxidative Addition and Dimerization Reactivity Pathways,Q1,1
https://openalex.org/W4379646932,Thinking Geographically about AI Sustainability,Q5,1
https://openalex.org/W4379928490,rang: Reconstructing reproducible R computational environments,"Q1, Q8",2
https://openalex.org/W4379932570,A comparative study of gastric adenocarcinoma HER2 IHC phenotype and mass spectrometry-based quantification,Q6,1
https://openalex.org/W4379983043,Rapid recruitment and IFN-I–mediated activation of monocytes dictate focal radiotherapy efficacy,Q3,1
https://openalex.org/W4380047113,"A Three-Body Problem: The effects of foreign language anxiety, enjoyment, and boredom on academic achievement",Q1,1
https://openalex.org/W4380083329,A Multi-omics Data Analysis Workflow Packaged as a FAIR Digital Object,Q1,1
https://openalex.org/W4380087361,pykanto: A python library to accelerate research on wild bird song,Q1,1
https://openalex.org/W4380088119,Ontology and Software Tools for the Formalization of the Visualisation of Cultural Heritage Knowledge Graphs,Q6,1
https://openalex.org/W4380200124,Addressing misclassification in deep learning: A Merged Net approach,Q5,1
https://openalex.org/W4380201611,Three-dimensional finite element modeling of anisotropic materials using X-ray computed micro-tomography data,Q5,1
https://openalex.org/W4380201809,RTSIMU: Real-Time Simulation tool for IMU sensors,Q5,1
https://openalex.org/W4380423082,Spirometric Lung Functions in Type 2 Diabetes Mellitus: A Hospital-Based Study,Q2,1
https://openalex.org/W4380486983,A Guide for Social Science Journal Editors on Easing into Open Science,"Q1, Q7, Q8, Q9, Q10",5
https://openalex.org/W4380551860,TALENT: Targeted Mining of Non-overlapping Sequential Patterns,Q4,1
https://openalex.org/W4380628511,Biocontrol of clubroot disease: how successful are endophytic fungi and bacteria?,"Q1, Q14",2
https://openalex.org/W4380685536,A multi-centre randomized controlled trial investigating Consolidation Chemotherapy with and without oxaliplatin in distal rectal cancer and Watch &amp; Wait,Q2,1
https://openalex.org/W4380792913,Is Nonoperative Management of Rectal Cancer Feasible?,Q2,1
https://openalex.org/W4380991409,Evaluation of patient flow and other queueing systems with relocation,Q5,1
https://openalex.org/W4380992102,MD-TPMS: Multi-dimensional gradient minimal surface generator,Q5,1
https://openalex.org/W4381163525,The five pillars of computational reproducibility: Bioinformatics and beyond,"Q1, Q8",2
https://openalex.org/W4381188674,Ensemble Federated Learning: An approach for collaborative pneumonia diagnosis,Q5,1
https://openalex.org/W4381247863,Reproducibility in NLP: What Have We Learned from the Checklist?,Q3,1
https://openalex.org/W4381273571,CluEval: A Python tool for evaluating clustering performance in named entity disambiguation,Q5,1
https://openalex.org/W4381279578,How reproducible and reliable is geophysical research?,"Q1, Q9",2
https://openalex.org/W4381333110,DataPipe: Born-open data collection for online experiments,Q1,1
https://openalex.org/W4381431951,SOMO-VCB: A Matlab® software for single-objective and multi-objective optimization for variance counterbalancing in stochastic learning,Q5,1
https://openalex.org/W4381549776,Effective actions in supersymmetric gauge theories: heat kernels for non-minimal operators,Q1,1
https://openalex.org/W4381567814,CompanyKG: A Large-Scale Heterogeneous Graph for Company Similarity Quantification,Q3,1
https://openalex.org/W4381587703,Semi-supervised Relation Extraction via Data Augmentation and Consistency-training,Q3,1
https://openalex.org/W4381611099,Information Models Properties in Learning Health Systems: A Literature Review,Q4,1
https://openalex.org/W4381682815,Effects of repetition as training and incentives on the performance in pulmonary function tests in healthy volunteers,Q2,1
https://openalex.org/W4381685962,Development and Analysis of High-Modulus Asphalt Concrete Predictive Model,Q2,1
https://openalex.org/W4381704873,The Invisible Workload of Open Research,"Q1, Q8, Q10",3
https://openalex.org/W4381714052,Benchmarking the Influence of Pre-training on Explanation Performance in MR Image Classification,Q3,1
https://openalex.org/W4381715088,"Reproducibility in modeling and simulation of the knee: Academic, industry, and regulatory perspectives",Q4,1
https://openalex.org/W4381839268,Comparison of guideline concordant antibiotic prophylaxis in Veterans Affairs and non-Veterans Affairs dental settings among those with cardiac conditions or prosthetic joints,Q2,1
https://openalex.org/W4381995866,Longitudinal Associations Between White Matter Microstructure and Psychiatric Symptoms in Youth,Q1,1
https://openalex.org/W4382010541,Sleep‐disordered breathing and pregnancy outcomes: The impact of maternal oxygen saturation,Q2,1
https://openalex.org/W4382064796,Restoration and replication: a case study on the value of computational reproducibility assessment,Q1,1
https://openalex.org/W4382241668,Establishing a new workflow in the study of core reduction intensity and distribution,Q1,1
https://openalex.org/W4382248155,Advancing Network Monitoring and Operation with In-band Network Telemetry and Data Plane Programmability,Q5,1
https://openalex.org/W4382362073,Integrated Reproducibility with Self-describing Machine Learning Models,Q1,1
https://openalex.org/W4382362087,"KheOps: Cost-effective Repeatability, Reproducibility, and Replicability of Edge-to-Cloud Experiments",Q1,1
https://openalex.org/W4382362193,Notch signaling drives intestinal graft-versus-host disease in mice and nonhuman primates,Q3,1
https://openalex.org/W4382362953,On Reporting Robust and Trustworthy Conclusions from Model Comparison Studies Involving Neural Networks and Randomness,Q3,1
https://openalex.org/W4382363242,Towards Reproducible Execution of Closed-Source Applications from Internet Archives,"Q1, Q7, Q9",3
https://openalex.org/W4382490677,Hot hole transport and noise phenomena in silicon at cryogenic temperatures from first principles,Q1,1
https://openalex.org/W4382584351,"Tudományos folyóiratok, kiadók open data kutatásiadat-elvárásai • Open Data Requirements of Scientific Journals and Publishers",Q1,1
https://openalex.org/W4382630791,A Review of Requirements for Information Models in Learning Health Systems,Q4,1
https://openalex.org/W4382631007,Reprohackathons: promoting reproducibility in bioinformatics through training,"Q1, Q7",2
https://openalex.org/W4382723109,Association of Lung Function With Cognitive Decline and Incident Dementia in the Atherosclerosis Risk in Communities Study,Q2,1
https://openalex.org/W4382765592,Group-based Robustness: A General Framework for Customized Robustness in the Real World,Q5,1
https://openalex.org/W4382766020,Surveying (Dis)Parities and Concerns of Compute Hungry NLP Research,Q5,1
https://openalex.org/W4382893673,International Companies and Governments Need to be Alerted to a Fatal Flaw in DOI Management Policy to Prevent Security Breaches,Q6,1
https://openalex.org/W4382940604,"Unraveling Early Holocene occupation patterns at El Arenal de la Virgen (Alicante, Spain) open-air site: an integrated palimpsest analysis",Q1,1
https://openalex.org/W4383002568,Scalable computational reproducibility,Q1,1
https://openalex.org/W4383070562,Computationally reproducing results from meta-analyses in Ecology and Evolutionary Biology using shared code and data,"Q1, Q8",2
https://openalex.org/W4383198556,"Proteomics of brain, CSF, and plasma identifies molecular signatures for distinguishing sporadic and genetic Alzheimer’s disease",Q3,1
https://openalex.org/W4383198801,Reproducibility of Deep Learning Algorithms Developed for Medical Imaging Analysis: A Systematic Review,Q2,1
https://openalex.org/W4383227083,Replication of The Morning After: Report from the Nottingham Replication Games,Q1,1
https://openalex.org/W4383267962,"Occupational Pesticide Exposure and Respiratory Effects among Mosquito Control Workers in Kota Bharu and Bachok, Kelantan","Q2, Q13",2
https://openalex.org/W4383301684,Modeling essential hypertension with a closed‐loop mathematical model for the entire human circulation,Q1,1
https://openalex.org/W4383313115,"Informatics for your Gut: at the Interface of Nutrition, the Microbiome, and Technology",Q1,1
https://openalex.org/W4383315824,Online maintenance of evolving knowledge graphs with RDFS-based saturation and why-provenance support,Q1,1
https://openalex.org/W4383468758,HPC-driven computational reproducibility in numerical relativity codes: A use case study with IllinoisGRMHD,Q1,1
https://openalex.org/W4383468781,A numerical variability approach to results stability tests and its application to neuroimaging,Q1,1
https://openalex.org/W4383532691,Reusability Report: Few-shot learning creates predictive models of drug response that translate from high-throughput screens to individual patients,Q1,1
https://openalex.org/W4383535171,Quality assurance in surgical trials of arteriovenous grafts for haemodialysis: protocol for a systematic review,Q2,1
https://openalex.org/W4383550186,Establishing trust in automated reasoning,"Q1, Q15",2
https://openalex.org/W4383604285,Computational Reproducibility in Computational Social Science,"Q1, Q8, Q9",3
https://openalex.org/W4383604825,ValiText -- a unified validation framework for computational text-based measures of social constructs,"Q1, Q8, Q9",3
https://openalex.org/W4383617468,Conceptual development from the perspective of a brain-inspired robotic architecture,Q1,1
https://openalex.org/W4383755750,A Roadmap for Technological Innovation in Multimodal Communication Research,"Q1, Q10, Q11",3
https://openalex.org/W4383878837,Prevalence and predictors of data and code sharing in the medical and health sciences: systematic review with meta-analysis of individual participant data,Q1,1
https://openalex.org/W4384038398,Ophthalmic Intervention of Naringenin Decreases Vascular Endothelial Growth Factor by Counteracting Oxidative Stress and Cellular Damage in In Vivo Zebrafish,Q6,1
https://openalex.org/W4384129491,reanalyzerGSE: tackling the everlasting lack of reproducibility and reanalyses in transcriptomics,Q1,1
https://openalex.org/W4384130937,Containers for computational reproducibility,Q1,1
https://openalex.org/W4384131549,Containers for computational reproducibility,Q1,1
https://openalex.org/W4384153908,Teaching Reproducible Methods in Economics at Liberal Arts Colleges: A Survey,Q6,1
https://openalex.org/W4384201114,Reconstructing the value puzzle in health technology assessment: a pragmatic review to determine which modelling methods can account for additional value elements,"Q2, Q12",2
https://openalex.org/W4384283075,Accurate detection of paroxysmal atrial fibrillation with certified-GAN and neural architecture search,Q3,1
https://openalex.org/W4384558888,Sensitive inference of alignment-safe intervals from biodiverse protein sequence clusters using EMERALD,Q1,1
https://openalex.org/W4384559668,Exploring reproducible non-aqueous scanning droplet cell electrochemistry in model battery chemistries,Q2,1
https://openalex.org/W4384693945,Statistical Reproducibility of Meta-Analysis for Medical Mask Use in Community Settings to Prevent Airborne Respiratory Virus Infection,"Q1, Q7",2
https://openalex.org/W4384696294,Four steps to strengthen connectivity modeling,Q1,1
https://openalex.org/W4384816974,Analyzing Dataset Annotation Quality Management in the Wild,Q3,1
https://openalex.org/W4384818628,Computational Reproducibility of Molecular Phylogenies,Q1,1
https://openalex.org/W4384823681,On the detection of lateral movement through supervised machine learning and an open-source tool to create turnkey datasets from Sysmon logs,Q2,1
https://openalex.org/W4384830769,Replacing academic journals,Q5,1
https://openalex.org/W4384831757,Perspectives on scientific error,"Q1, Q8, Q15",3
https://openalex.org/W4384935381,Computational advantage of quantum random sampling,Q2,1
https://openalex.org/W4384937756,Battery SOC estimation from EIS data based on machine learning and equivalent circuit model,Q1,1
https://openalex.org/W4385007384,Confidence Intervals for Performance Estimates in Brain MRI Segmentation,Q3,1
https://openalex.org/W4385018165,Reproducibility in Machine Learning-Driven Research,"Q1, Q3, Q4",3
https://openalex.org/W4385018986,Towards Sustainable Research Data Management in Human-Computer Interaction,Q5,1
https://openalex.org/W4385200815,The Loss of a Close Person – Intersections Between Law and Psychology. Case of Polish Law,Q2,1
https://openalex.org/W4385218510,The Role of Lymphadenectomy in Early-Stage NSCLC,Q2,1
https://openalex.org/W4385246939,Data sharing: putting Nature’s policy to the test,Q6,1
https://openalex.org/W4385259358,Chamelogk: A Chromatographic Chameleonicity Quantifier to Design Orally Bioavailable Beyond-Rule-of-5 Drugs,Q1,1
https://openalex.org/W4385277142,"GroMoPo: A Groundwater Model Portal for Findable, Accessible, Interoperable, and Reusable (FAIR) modeling","Q1, Q8",2
https://openalex.org/W4385281155,Beamline: A comprehensive toolkit for research and development of streaming process mining,Q5,1
https://openalex.org/W4385297578,“Yes We Can!”: A Practical Approach to Teaching Reproducibility to Undergraduates,"Q1, Q7, Q8",3
https://openalex.org/W4385297687,Reinforcing Reproducibility and Replicability: An Introduction,"Q1, Q6, Q7, Q8, Q9, Q10, Q15",7
https://openalex.org/W4385303101,Data scheme and data format for transferable force fields for molecular simulation,Q1,1
https://openalex.org/W4385309010,Biochemical Methane Potential Assays for Organic Wastes as an Anaerobic Digestion Feedstock,Q2,1
https://openalex.org/W4385324420,Costs and Benefits of Reproducibility in Finance and Economics,Q4,1
https://openalex.org/W4385343529,Relationship between early life asthma and chronic airway disease in adult life – in search for disease trajectories over the life span - The RELATE study based on the Kongsberg cohort,Q4,1
https://openalex.org/W4385373757,It's Not Just GitHub: Identifying Data and Software Sources Included in Publications,Q1,1
https://openalex.org/W4385377345,An overlooked mimic? Autoimmune myelofibrosis—A scoping review of the literature,Q2,1
https://openalex.org/W4385386850,A Toolbox to Evaluate the Trustworthiness of Published Findings,"Q1, Q7, Q8, Q10, Q15",5
https://openalex.org/W4385393955,Dietary fat and fatty acid consumptions and the odds of asthenozoospermia: a case–control study in China,Q6,1
https://openalex.org/W4385399799,Total Neoadjuvant Treatment for Locally Advanced Rectal Cancer Patients: Where Do We Stand?,Q2,1
https://openalex.org/W4385436784,From tree- to loop-simplicity in affine Toda theories II: higher-order poles and cut decompositions,Q1,1
https://openalex.org/W4385459923,Eleven years of student replication projects provide evidence on the correlates of replicability in psychology,"Q1, Q8",2
https://openalex.org/W4385480945,Proregenerative extracellular matrix hydrogel mitigates pathological alterations of pelvic skeletal muscles after birth injury,Q3,1
https://openalex.org/W4385551403,Investigating Issues with Reproducibility in Journal Articles Published in Psychological Science,"Q1, Q7, Q8",3
https://openalex.org/W4385551542,A modeler’s guide to extreme value software,Q4,1
https://openalex.org/W4385567251,Reproducibility in Computational Linguistics: Is Source Code Enough?,Q3,1
https://openalex.org/W4385570133,Translation-Enhanced Multilingual Text-to-Image Generation,Q3,1
https://openalex.org/W4385570549,NLPositionality: Characterizing Design Biases of Datasets and Models,Q3,1
https://openalex.org/W4385571650,Rogue Scores,"Q2, Q12, Q13",3
https://openalex.org/W4385571947,NLP Reproducibility For All: Understanding Experiences of Beginners,Q3,1
https://openalex.org/W4385572029,Reproducibility in NLP: What Have We Learned from the Checklist?,Q3,1
https://openalex.org/W4385572439,Structure-Discourse Hierarchical Graph for Conditional Question Answering on Long Documents,Q3,1
https://openalex.org/W4385572456,On Degrees of Freedom in Defining and Testing Natural Language Understanding,Q3,1
https://openalex.org/W4385572802,Revisiting Pre-trained Language Models and their Evaluation for Arabic Natural Language Processing,Q3,1
https://openalex.org/W4385572944,Open World Classification with Adaptive Negative Samples,Q3,1
https://openalex.org/W4385573057,Improving Passage Retrieval with Zero-Shot Question Generation,Q3,1
https://openalex.org/W4385573143,A Second Wave of UD Hebrew Treebanking and Cross-Domain Parsing,Q3,1
https://openalex.org/W4385573637,ClinicalT5: A Generative Language Model for Clinical Text,Q3,1
https://openalex.org/W4385573867,Benchmarking Language Models for Code Syntax Understanding,Q2,1
https://openalex.org/W4385573894,Experimental Standards for Deep Learning in Natural Language Processing Research,"Q2, Q5",2
https://openalex.org/W4385573900,monoQA: Multi-Task Learning of Reranking and Answer Extraction for Open-Retrieval Conversational Question Answering,Q2,1
https://openalex.org/W4385574002,Improving Bilingual Lexicon Induction with Cross-Encoder Reranking,Q3,1
https://openalex.org/W4385582516,Multisensory Integration and Proprioceptive Drift During Resizing Illusions,Q1,1
https://openalex.org/W4385623503,"svm_friction: A Python based software for calculating, data analysis and modeling the coefficient of friction of aluminum metal matrix composites using support vector regression",Q1,1
https://openalex.org/W4385634552,A Framework for Moving Beyond Computational Reproducibility: Lessons from Three Reproductions of Geographical Analyses of COVID‐19,"Q1, Q7, Q8",3
https://openalex.org/W4385636828,Towards Research Software-ready Libraries,"Q1, Q10",2
https://openalex.org/W4385652578,Advancing algorithmic drug product development: Recommendations for machine learning approaches in drug formulation,Q1,1
https://openalex.org/W4385680790,Care to share? Experimental evidence on code sharing behavior in the social sciences,"Q1, Q7, Q8, Q9, Q10",5
https://openalex.org/W4385681748,"My Model is Unfair, Do People Even Care? Visual Design Affects Trust and Perceived Bias in Machine Learning",Q6,1
https://openalex.org/W4385703491,Ten recommendations for reducing the carbon footprint of research computing in human neuroimaging,Q1,1
https://openalex.org/W4385706375,Bayesian graphical modeling with the circular drift diffusion model,Q1,1
https://openalex.org/W4385714469,XFlow: Benchmarking Flow Behaviors over Graphs,Q3,1
https://openalex.org/W4385717830,"Code sharing increases citations, but remains uncommon","Q1, Q7",2
https://openalex.org/W4385719248,Estimating lighting direction in scenes with multiple objects,Q1,1
https://openalex.org/W4385722957,"The efficacy of physical exercise interventions on mental health, cognitive function, and ADHD symptoms in children and adolescents with ADHD: an umbrella review",Q2,1
https://openalex.org/W4385728086,Trust your neighbours: Handling noise in multi-objective optimisation using kNN-averaging,Q5,1
https://openalex.org/W4385734054,Development of a Concept Inventory on Open and Transparent Research Practices,"Q1, Q8",2
https://openalex.org/W4385738347,Regulatory Experience with Continuous Manufacturing and Real Time Release Testing for Dissolution in New Drug Applications,Q6,1
https://openalex.org/W4385761211,Author Response: GENIUS: GEnome traNsformatIon and spatial representation of mUltiomicS data,Q1,1
https://openalex.org/W4385762475,Experiences and Lessons Learned from the SIGMOD Entity Resolution Programming Contests,Q1,1
https://openalex.org/W4385782881,Towards reproducible radiomics research: introduction of a database for radiomics studies,Q3,1
https://openalex.org/W4385783242,Assessing the suitability of YY males and ZZ females as an invasive species population control method across life histories,"Q1, Q10",2
https://openalex.org/W4385813940,SOM-QE ANALYSIS: A biologically inspired technique to detect and track meaningful changes within image regions,Q5,1
https://openalex.org/W4385818467,Executable Map Paper (EMaP) for Archaeological LiDAR,"Q1, Q8, Q15",3
https://openalex.org/W4385822840,Investigating Reproducibility at Interspeech Conferences: A Longitudinal and Comparative Perspective,Q3,1
https://openalex.org/W4385825301,HotOS XIX Panel Report: Panel on Future of Reproduction and Replication of Systems Research,Q6,1
https://openalex.org/W4385875076,60th birthday of ‘A Behavioral Theory of the Firm’: a review of the relational concepts and recommendations for future research,"Q2, Q12",2
https://openalex.org/W4385878592,Solvatochromic and Acid–Base Molecular Probes in Surfactant Micelles: Comparison of Molecular Dynamics Simulation with the Experiment,Q1,1
https://openalex.org/W4385879997,With or without him? Experimental evidence on cash grants and gender-sensitive trainings in Tunisia,"Q1, Q7, Q14, Q15",4
https://openalex.org/W4385889766,Computational reproducibility of Jupyter notebooks from biomedical publications,Q1,1
https://openalex.org/W4385890281,REFORMS: Reporting Standards for Machine Learning Based Science,"Q1, Q2, Q3, Q7, Q8, Q9, Q10, Q12, Q13",9
https://openalex.org/W4385895973,When Super-Resolution Meets Camouflaged Object Detection: A Comparison Study,Q3,1
https://openalex.org/W4385965326,A Survey on Point-of-Interest Recommendations Leveraging Heterogeneous Data,Q6,1
https://openalex.org/W4385970077,A Backend Platform for Supporting the Reproducibility of Computational Experiments,Q1,1
https://openalex.org/W4385971097,A reproducible and generalizable software workflow for analysis of large-scale neuroimaging data collections using BIDS Apps,Q1,1
https://openalex.org/W4386005156,Modularity in Deep Learning: A Survey,Q1,1
https://openalex.org/W4386013523,Hybrid computational modeling highlights reverse warburg effect in breast cancer-associated fibroblasts,Q1,1
https://openalex.org/W4386022783,Multi-language retrieval of United States hydrologic data,Q1,1
https://openalex.org/W4386044028,Genomic reproducibility in the bioinformatics era,Q1,1
https://openalex.org/W4386053657,Abstract for CRADA between NETL and Electric Power Research Institute (EPRI) (AGMT-1113),Q6,1
https://openalex.org/W4386080954,"What is the Impact of Releasing Code with Publications? Statistics from the Machine Learning, Robotics, and Control Communities","Q3, Q6",2
https://openalex.org/W4386092859,"Adding Standards and Procedures to the What Works Clearinghouse Handbook on the Transparency, Openness, and Reproducibility of Effectiveness Research on Education Practices, Products, Programs, and Policies",Q1,1
https://openalex.org/W4386102979,Q-Learning based system for Path Planning with Unmanned Aerial Vehicles swarms in obstacle environments,Q5,1
https://openalex.org/W4386125512,Improving Science That Uses Code,"Q1, Q7, Q15",3
https://openalex.org/W4386143177,"mStatGraph: Exploration and statistical treatment software to process, compute and validate oceanographic data",Q5,1
https://openalex.org/W4386154165,Generalised decision curve analysis for explicit comparison of treatment effects,Q4,1
https://openalex.org/W4386161736,"UK Psychology PhD researchers’ knowledge, perceptions, and experiences of open science",Q1,1
https://openalex.org/W4386170866,DESC: Descriptors Extractor for Shape Contours,Q5,1
https://openalex.org/W4386174569,A rigorous uncertainty-aware quantification framework is essential for reproducible and replicable machine learning workflows,"Q1, Q4",2
https://openalex.org/W4386184888,"Integer Factorisation, Fermat &amp; Machine Learning on a Classical Computer",Q6,1
https://openalex.org/W4386185110,American Stories: A Large-Scale Structured Text Dataset of Historical U.S. Newspapers,Q3,1
https://openalex.org/W4386185224,"Laying foundations to quantify the ""Effort of Reproducibility""","Q1, Q3, Q8",3
https://openalex.org/W4386201579,Pulmonary outcomes of congenital diaphragmatic hernia patients based on defect size (CDH Study Group Stage),Q2,1
https://openalex.org/W4386209831,Standardization of canine meningioma grading: Validation of new guidelines for reproducible histopathologic criteria,Q2,1
https://openalex.org/W4386230578,Research Data Sharing and Reuse in Canada: Practice and Policy,"Q1, Q7, Q8, Q15",4
https://openalex.org/W4386247300,"Simple, automatized and reproducible pRF analysis",Q1,1
https://openalex.org/W4386284625,Rail Corrugation Index Development by Sound-Field Excitation on the Carriage Floor of In-Service Train,Q6,1
https://openalex.org/W4386305978,Consolidated Reporting Guidelines for Prognostic and Diagnostic Machine Learning Modeling Studies: Development and Validation,Q4,1
https://openalex.org/W4386307286,On the spectrum and structure constants of short operators in N=4 SYM at strong coupling,Q1,1
https://openalex.org/W4386330494,ReproduceMe: lessons from a pilot project on computational reproducibility,Q1,1
https://openalex.org/W4386360722,Data infrastructure needs for ground-based geospace science,Q1,1
https://openalex.org/W4386360879,Infrastructure needs on latitudinal and longitudinal chains of co-located ground-based observations,Q1,1
https://openalex.org/W4386371272,Quantized strings and instantons in holography,Q1,1
https://openalex.org/W4386395792,In-class Data Analysis Replications: Teaching Students while Testing Science,"Q1, Q8, Q9, Q10",4
https://openalex.org/W4386401921,Prime Sine Function and The Riemann Hypothesis,Q1,1
https://openalex.org/W4386407617,Achieving imaging and computational reproducibility on multiparametric MRI radiomics features in brain tumor diagnosis: phantom and clinical validation,Q1,1
https://openalex.org/W4386408543,Different rules for binocular combination of luminance flicker in cortical and subcortical pathways,Q1,1
https://openalex.org/W4386411027,RESPIRATORY FUNCTION IN CHILDREN WITH CEREBRAL PALSY,Q2,1
https://openalex.org/W4386417742,A Matched Molecular and Clinical Analysis of the Epithelioid Haemangioendothelioma Cohort in the Stafford Fox Rare Cancer Program and Contextual Literature Review,Q1,1
https://openalex.org/W4386423136,Reviewer #2 (Public Review): Different rules for binocular combination of luminance flicker in cortical and subcortical pathways,Q1,1
https://openalex.org/W4386423411,Reviewer #1 (Public Review): Different rules for binocular combination of luminance flicker in cortical and subcortical pathways,Q1,1
https://openalex.org/W4386441733,Accelerating progress in the social sciences: the potential of benchmarks,"Q1, Q8, Q10",3
https://openalex.org/W4386445979,3D human retinal organoid model for the study of early diabetic retinopathy,Q6,1
https://openalex.org/W4386475846,Large-Scale Asymmetry in the Distribution of Galaxy Spin Directions—Analysis and Reproduction,Q1,1
https://openalex.org/W4386493453,Engaging with Researchers and Raising Awareness of FAIR and Open Science through the FAIR+ Implementation Survey Tool (FAIRIST),Q3,1
https://openalex.org/W4386521329,A DECADE OF RESEARCH ON CREATING SHARED VALUE CONCEPTION: A STRUCTURED SYSTEMATIC REVIEW AND FUTURE RESEARCH AVENUES,"Q2, Q12",2
https://openalex.org/W4386526161,Lattice dynamics and thermal transport of PbTe under high pressure,Q1,1
https://openalex.org/W4386541697,Molecular Factors in PAD2 (PADI2) and PAD4 (PADI4) Are Associated with Interstitial Lung Disease Susceptibility in Rheumatoid Arthritis Patients,Q2,1
https://openalex.org/W4386544219,German Human Genome-Phenome Archive in an International Context: Toward a Federated Infrastructure for Managing and Analyzing Genomics and Health Data,Q1,1
https://openalex.org/W4386554841,"Comment on ""Two-component density functional theory study of quantized muons in solids""",Q1,1
https://openalex.org/W4386560019,Open Science Best Practices in Data Science and Artificial Intelligence,Q3,1
https://openalex.org/W4386566483,The Fourth Workshop on Insights from Negative Results in NLP,Q3,1
https://openalex.org/W4386566537,"Missing Information, Unresponsive Authors, Experimental Flaws: The Impossibility of Assessing the Reproducibility of Previous Human Evaluations in NLP",Q3,1
https://openalex.org/W4386566575,Proceedings of the Sixth Fact Extraction and VERification Workshop (FEVER),Q2,1
https://openalex.org/W4386566771,Why Can’t Discourse Parsing Generalize? A Thorough Investigation of the Impact of Data Diversity,Q2,1
https://openalex.org/W4386566776,Semi-supervised Relation Extraction via Data Augmentation and Consistency-training,Q3,1
https://openalex.org/W4386569958,DSCompare: Unleashing the potential of ocean and atmospheric data with a comparative analysis software,Q5,1
https://openalex.org/W4386574452,"acc: An R package to process, visualize, and analyze accelerometer data",Q5,1
https://openalex.org/W4386576840,Rethinking the Event Coding Pipeline with Prompt Entailment,Q2,1
https://openalex.org/W4386577320,ClimateFiller: A Python framework for climate time series gap-filling and diagnosis based on artificial intelligence and multi-source reanalysis data,Q5,1
https://openalex.org/W4386626149,Implementation of FAIR Practices in Computational Metabolomics Workflows - A Case Study,Q1,1
https://openalex.org/W4386634533,Estimation of Distribution Algorithms in Machine Learning: A Survey,"Q1, Q8, Q10, Q14",4
https://openalex.org/W4386638526,Binding modes of the KRAS(G12C) inhibitors GDC-6036 and LY3537982 revealed by all atom molecular dynamics simulations,Q3,1
https://openalex.org/W4386699763,A reproducible and replicable approach for harmonizing Landsat-8 and Sentinel-2 images,Q1,1
https://openalex.org/W4386704037,Astrocyte Responses Influence Local Effects of Whole‐Brain Magnetic Stimulation in Parkinsonian Rats,Q1,1
https://openalex.org/W4386705459,Intra‐ and interlaboratory reproducibility of the RIATOL qPCR HPV genotyping assay,"Q2, Q4",2
https://openalex.org/W4386721395,Greybody Factors Imprinted on Black Hole Ringdowns: an alternative to superposed quasi-normal modes,Q1,1
https://openalex.org/W4386746004,Pipeline validation for the identification of antimicrobial-resistant genes in carbapenem-resistant Klebsiella pneumoniae,Q1,1
https://openalex.org/W4386771317,Bioinformatics tools for the sequence complexity estimates,"Q1, Q7",2
https://openalex.org/W4386804556,UNC-CH Masters Theses and Doctoral Dissertations,"Q1, Q8, Q9",3
https://openalex.org/W4386804689,"Complete Issue - Vol 81, No 1 (2023)","Q1, Q8, Q9",3
https://openalex.org/W4386811372,Comment on gmd-2023-118,Q1,1
https://openalex.org/W4386824277,Effects of magnetic fields on the center-to-limb variation in solar-type stars,Q1,1
https://openalex.org/W4386857674,Preclinical exploration of the DNA Damage Response pathway using the interactive neuroblastoma cell line explorer CLEAN,Q1,1
https://openalex.org/W4386874932,Reproducible Domain-Specific Knowledge Graphs in the Life Sciences: a Systematic Literature Review,Q2,1
https://openalex.org/W4386875558,Analytical structure of the binary collision integral and the ultrarelativistic limit of transport coefficients of an ideal gas,Q1,1
https://openalex.org/W4386897003,"MDverse, shedding light on the dark matter of molecular dynamics simulations",Q3,1
https://openalex.org/W4386897127,eLife assessment: MDverse: Shedding Light on the Dark Matter of Molecular Dynamics Simulations,Q3,1
https://openalex.org/W4386930657,A Unified Analysis Framework for Iterative Parallel-in-Time Algorithms,Q5,1
https://openalex.org/W4386953567,Recommendations on data sharing in HIV drug resistance research,Q1,1
https://openalex.org/W4386998880,Annotated Compendium of 102 Breast Cancer Gene-Expression Datasets,Q1,1
https://openalex.org/W4387003000,Fluorescent biosensor imaging meets deterministic mathematical modelling: quantitative investigation of signalling compartmentalization,Q1,1
https://openalex.org/W4387005714,Mapping the Repository Landscape: Harnessing Similarity with RepoSim and RepoSnipy,Q1,1
https://openalex.org/W4387005774,Reproducible eScience: The Data Containerization Challenge,Q1,1
https://openalex.org/W4387014451,Scalable and versatile container-based pipelines for de novo genome assembly and bacterial annotation.,Q1,1
https://openalex.org/W4387022043,Deep learning for prediction of radiation-induced oral mucositis: Need for longitudinal studies,Q3,1
https://openalex.org/W4387030584,Establishing trust in automated reasoning,"Q1, Q7, Q8, Q15",4
https://openalex.org/W4387031363,Unlocking Model Insights: A Dataset for Automated Model Card Generation,Q3,1
https://openalex.org/W4387031421,Analytical Quantum Field methods in Particle Physics,Q1,1
https://openalex.org/W4387031631,Implementing Automated Data Validation for Canadian Political Datasets,Q6,1
https://openalex.org/W4387039626,DC electric vehicle charging infrastructure - methods for periodic verification,Q6,1
https://openalex.org/W4387057663,Comparing summed probability distributions of shoreline and radiocarbon dates from the Mesolithic Skagerrak coast of Norway,Q1,1
https://openalex.org/W4387116974,A Plea to Psychology Professional Societies that Publish Journals: Assess Computational Reproducibility,"Q1, Q7, Q8",3
https://openalex.org/W4387117078,Meta-Reflections on Meta-Psychology,Q1,1
https://openalex.org/W4387133923,Relationship between early life asthma and chronic airway disease in adult life – in search for disease trajectories over the life span- the RELATE study based on the Kongsberg cohort,Q4,1
https://openalex.org/W4387138177,ENCORE. A practical implementation to improve reproducibility and transparency of computational research.,"Q1, Q15",2
https://openalex.org/W4387140309,Open Access to Data about Silk Heritage: A Case Study in Digital Information Sustainability,Q6,1
https://openalex.org/W4387158009,Do women with high-risk HPV E6/E7 mRNA test positivity and NILM cytology need colposcopy?,"Q2, Q4",2
https://openalex.org/W4387197034,Exploring Trust Modeling and Management Techniques in the Context of Distributed Wireless Networks: A Literature Review,Q6,1
https://openalex.org/W4387213241,"Culturing cells for life: innovative approaches in macroscopic and microfluidic cultures, with an emphasis on stem cells",Q4,1
https://openalex.org/W4387241336,Editorial Perspective: Misaligned incentives in mental health research – the case for Registered Reports,Q1,1
https://openalex.org/W4387247611,"Physical Adversarial Attacks for Camera-Based Smart Systems: Current Trends, Categorization, Applications, Research Challenges, and Future Outlook",Q2,1
https://openalex.org/W4387251607,Tuning of Ray-Based Channel Model for 5G Indoor Industrial Scenarios,Q1,1
https://openalex.org/W4387252549,The NCI Imaging Data Commons as a platform for reproducible research in computational pathology,Q6,1
https://openalex.org/W4387252734,"Thermophysical, rheological and dielectric behaviour of stable carbon black dispersions in PEG200",Q4,1
https://openalex.org/W4387253659,"Evaluation of small airway dysfunction in patients with pneumoconiosis, a cross-sectional study",Q2,1
https://openalex.org/W4387263120,Do reputational threats influence the rigidity of <scp>US</scp> agencies? A dynamic panel data approach,"Q1, Q7, Q8, Q9",4
https://openalex.org/W4387294655,Integrated End-to-end Performance Prediction and Diagnosis for Extreme Scientific Workflows,"Q1, Q8",2
https://openalex.org/W4387299663,Laying Foundations to Quantify the “Effort of Reproducibility”,Q3,1
https://openalex.org/W4387323974,Data Science at the Singularity,Q1,1
https://openalex.org/W4387345638,Reproducing Bioinformatics Experiments: A Case Study Using the Environment Code-First Framework,Q1,1
https://openalex.org/W4387348458,"Current progress in diagnostics, therapeutics, and vaccines for African swine fever virus",Q4,1
https://openalex.org/W4387348737,Light Gradient-Boosting Machine Edge Detection With Cropping Layer for Semantic Segmentation of Pancreas,Q2,1
https://openalex.org/W4387349599,An Annotated Compilation of Chronometric Dates for the Middle-Upper Palaeolithic Transition (45-30 ka BP) in Northern Iberia (Spain),Q1,1
https://openalex.org/W4387358766,Unknown Building Exploration Simulator (UBES),Q5,1
https://openalex.org/W4387360323,A cautionary tale about properly vetting datasets used in supervised learning predicting metabolic pathway involvement,Q1,1
https://openalex.org/W4387364462,A comparison of language control while switching within versus between languages in younger and older adults,Q1,1
https://openalex.org/W4387381065,Benchmark dataset for training machine learning models to predict the pathway involvement of metabolites,Q1,1
https://openalex.org/W4387427491,Large Language Model Cascades with Mixture of Thoughts Representations for Cost-efficient Reasoning,Q1,1
https://openalex.org/W4387427602,The Rise of Open Science: Tracking the Evolution and Perceived Value of Data and Methods Link-Sharing Practices,Q1,1
https://openalex.org/W4387439719,Implementing code review in the scientific workflow: Insights from ecology and evolutionary biology,Q1,1
https://openalex.org/W4387461693,"Artificial Intelligence (AI) Trust Framework and Maturity Model: Applying an Entropy Lens to Improve Security, Privacy, and Ethical AI",Q3,1
https://openalex.org/W4387473427,Formalizing theories of child development: Introduction to the special section,"Q1, Q7, Q8, Q10",4
https://openalex.org/W4387475894,Built to Last? Reproducibility and Reusability of Deep Learning Algorithms in Computational Pathology,"Q1, Q3",2
https://openalex.org/W4387484528,Reproducibility and Explainability of Deep Learning in Mammography: A Systematic Review of Literature,Q3,1
https://openalex.org/W4387521774,Synthesis of sexual selection: a systematic map of meta-analyses with bibliometric analysis,"Q1, Q7",2
https://openalex.org/W4387534408,Deploying Healthcare Simulation Models Using Containerization and Continuous Integration,Q1,1
https://openalex.org/W4387539496,An Efficient hp-Adaptive Strategy for a Level-Set Ghost-Fluid Method,Q1,1
https://openalex.org/W4387578869,Professionalisation and competitive balance in English men’s elite rugby union 1995-2021,"Q2, Q12, Q13",3
https://openalex.org/W4387580093,Reproducibility of COVID-era infectious disease models,Q1,1
https://openalex.org/W4387595926,Reproducibility in Computational Materials Science: Lessons from 'A General-Purpose Machine Learning Framework for Predicting Properties of Inorganic Materials',Q1,1
https://openalex.org/W4387607765,Direct numerical simulation of multi-phase flow in complex media,Q1,1
https://openalex.org/W4387608606,MLP-COMET-based decision model re-identification for continuous decision-making in the complex network environment,Q2,1
https://openalex.org/W4387615472,Tuning the Shades of Red Emission in InP/ZnSe/ZnS Nanocrystals with Narrow Full Width for Fabrication of Light-Emitting Diodes,Q4,1
https://openalex.org/W4387618283,"“It is unbearable to breathe here”: air quality, open incineration, and misinformation in Blantyre, Malawi","Q1, Q8",2
https://openalex.org/W4387633553,EasyScienceGateway: A new framework for providing reproducible user environments on science gateways,Q1,1
https://openalex.org/W4387666899,Trimodal single-cell profiling reveals a novel pediatric CD8αα+ T cell subset and broad age-related molecular reprogramming across the T cell compartment,"Q1, Q8",2
https://openalex.org/W4387674163,"Retinal small vessel narrowing in women with gestational diabetes, pregnancy-associated hypertension, or small-for-gestational age babies",Q2,1
https://openalex.org/W4387708931,AutoOC: A Python module for automated multi-objective One-Class Classification,Q5,1
https://openalex.org/W4387723840,An End-to-End System for Reproducibility Assessment of Source Code Repositories via Their Readmes,Q3,1
https://openalex.org/W4387730772,Can deep learning help in understanding the geodynamo?,Q1,1
https://openalex.org/W4387737577,Studying fine-grained elements of psychopathology to advance mental health science,Q6,1
https://openalex.org/W4387745151,Using detrending to assess SARS-CoV-2 wastewater loads as a leading indicator of fluctuations in COVID-19 cases at fine temporal scales: Correlations across twenty sewersheds in North Carolina,Q2,1
https://openalex.org/W4387760981,Neural prosthesis control restores near-normative neuromechanics in standing postural control,Q3,1
https://openalex.org/W4387770762,Hitchhiking actions: Erroneous saccade co-execution is independent of stimulus-response translation ease,Q1,1
https://openalex.org/W4387770932,Open Science 2.0: Towards a truly collaborative research ecosystem,"Q1, Q8, Q15",3
https://openalex.org/W4387780515,Combination of ferroptosis and pyroptosis dual induction by triptolide nano-MOFs for immunotherapy of Melanoma,Q2,1
https://openalex.org/W4387819004,Bayesian inference of material culture phylogenies using continuous traits: A birth–death model for Late Neolithic/Early Bronze Age arrowheads from Northwestern Europe,"Q1, Q8",2
https://openalex.org/W4387820271,"The swash zone selects functionally specialized assemblages of beach interstitial meiofauna (Platyhelminthes, Proseriata)",Q3,1
https://openalex.org/W4387850360,Bilimsel Yazılım Geliştirme Süreçleri için bir Yazılım Mühendisliği Yetkinlik Envanteri,Q1,1
https://openalex.org/W4387865014,The five pillars of computational reproducibility: bioinformatics and beyond,"Q1, Q8",2
https://openalex.org/W4387880440,"The Effects of Multistage Fuel-Oxidation Chemistry, Soot Radiation, and Real Gas Properties on the Operation Process of Compression Ignition Engines",Q1,1
https://openalex.org/W4387880642,Federated causal inference based on real-world observational data sources: application to a SARS-CoV-2 vaccine effectiveness assessment,Q1,1
https://openalex.org/W4387928764,On Bilingual Lexicon Induction with Large Language Models,Q3,1
https://openalex.org/W4387936154,Easy and accurate computation of energy barriers for carbocation solvation: an expeditious tool to face carbocation chemistry,Q1,1
https://openalex.org/W4387936891,Glioblastoma cells use an integrin- and CD44-mediated motor-clutch mode of migration in brain tissue,Q1,1
https://openalex.org/W4387941762,The Blizzard Challenge 2023,Q4,1
https://openalex.org/W4387947536,BianQue: Balancing the Questioning and Suggestion Ability of Health LLMs with Multi-turn Health Conversations Polished by ChatGPT,Q3,1
https://openalex.org/W4387950792,Prenatal Zika virus infection has sex-specific effects on infant physical development and mother-infant social interactions,Q3,1
https://openalex.org/W4387966354,The Quartet Data Portal: integration of community-wide resources for multiomics quality control,Q1,1
https://openalex.org/W4387966880,Generative artificial intelligence empowers digital twins in drug discovery and clinical trials,Q1,1
https://openalex.org/W4387972449,Inter-rater reliability of the infectious disease modeling reproducibility checklist (IDMRC) as applied to COVID-19 computational modeling research,Q3,1
https://openalex.org/W4387981270,A randomised controlled trial of self vs clinician-taught home spirometry,Q2,1
https://openalex.org/W4388020369,Foundations of modeling resilience of tidal saline wetlands to sea-level rise along the U.S. Pacific Coast,Q1,1
https://openalex.org/W4388076466,From tree- to loop-simplicity in affine Toda theories II: higher-order poles and cut decompositions,Q1,1
https://openalex.org/W4388093046,Methodology of Algorithm Engineering,"Q2, Q12",2
https://openalex.org/W4388096367,Is the shock index correlated with blood loss? An experimental study on a controlled hemorrhagic shock model in piglets,Q2,1
https://openalex.org/W4388110379,Sentiment Analysis in Digital Spaces: An Overview of Reviews,"Q1, Q7, Q8, Q10, Q15",5
https://openalex.org/W4388126069,Understanding the value of curation: A survey of researcher perspectives of data curation services from six US institutions,Q6,1
https://openalex.org/W4388133916,"Simulation Studies for Methodological Research in Psychology: A Standardized Template for Planning, Preregistration, and Reporting","Q1, Q5, Q8, Q10",4
https://openalex.org/W4388135933,Towards Sharing Tools and Artefacts for Reusable Simulations in Healthcare,"Q1, Q5, Q7, Q15",4
https://openalex.org/W4388140995,Benchmark Dataset for Training Machine Learning Models to Predict the Pathway Involvement of Metabolites,Q1,1
https://openalex.org/W4388145189,Reframing the Library Residency Narrative,Q1,1
https://openalex.org/W4388196533,Image segmentation method for physically touching soybean seeds,Q5,1
https://openalex.org/W4388211091,NOCAL-FEA: A NonlOCAL results processor for Finite Element Analysis,Q5,1
https://openalex.org/W4388230703,Reproducibility in Management Science,"Q1, Q7, Q8, Q9, Q10, Q14, Q15",7
https://openalex.org/W4388232851,3DMECMET: A package to fill with metamaterials CAD designs and export them to structural calculation softwares and 3D printable formats,Q5,1
https://openalex.org/W4388274843,Aspects of Non-Relativistic Quantum Field Theories,"Q1, Q15",2
https://openalex.org/W4388275351,"SoulChat: Improving LLMs' Empathy, Listening, and Comfort Abilities through Fine-tuning with Multi-turn Empathy Conversations",Q3,1
https://openalex.org/W4388302774,Start Generating: Harnessing Generative Artificial Intelligence for Sociological Research,"Q1, Q7, Q8, Q10",4
https://openalex.org/W4388340866,"Transforming Financial Decision-Making: The Interplay of AI, Cloud Computing and Advanced Data Management Technologies",Q5,1
https://openalex.org/W4388345085,PEERS for our peers: a progress report and future directions,Q3,1
https://openalex.org/W4388364108,Reproducibility of Physico-Chemical Properties in Brakes Emissions Generated at Different Dynamometric Benches,Q4,1
https://openalex.org/W4388383329,Computational Perspectives on Behaviour in Anorexia Nervosa: A Systematic Review,Q2,1
https://openalex.org/W4388409405,Overview of interpretive modelling of fusion performance in JET DTE2 discharges with TRANSP,Q1,1
https://openalex.org/W4388438868,Towards an Open Digital Ecosystem for Archaeology in South America: The BADACor (Córdoba Archaeological Sites Database) as a case of an open digital archaeological source for heritage management in central Argentina,"Q1, Q15",2
https://openalex.org/W4388441496,A comment on Dincecco et al. (2022): Pre‐colonial warfare and long‐run development in India,"Q1, Q7",2
https://openalex.org/W4388458116,Design and implementation of a workflow for quality improvement of the metadata of scientific publications,Q1,1
https://openalex.org/W4388458825,Applications of machine and deep learning to thyroid cytology and histopathology: a review,Q1,1
https://openalex.org/W4388460648,Tracking Truth Through Measurement and the Spyglass of Statistics,Q1,1
https://openalex.org/W4388481593,Large Language Models to the Rescue: Reducing the Complexity in Scientific Workflow Development Using ChatGPT,Q1,1
https://openalex.org/W4388501683,Association between serum high-density lipoprotein cholesterol and lung function in adults: three cross-sectional studies from US and Korea National Health and Nutrition Examination Survey,Q2,1
https://openalex.org/W4388511883,Reproducibility of Rock-Eval® thermal analysis for soil organic matter characterization,Q2,1
https://openalex.org/W4388514375,"A seven-step guide to spatial, agent-based modelling of tumour evolution",Q1,1
https://openalex.org/W4388530108,A novel self-gripping long-term resorbable mesh providing temporary support for open primary ventral and incisional hernia,Q4,1
https://openalex.org/W4388545304,Strands: New efficient technique for solving time-independent two-dimensional Schrödinger equations accurately,Q5,1
https://openalex.org/W4388561296,Asynchronous Multi-Level Checkpointing: An Enabler of Reproducibility using Checkpoint History Analytics,Q1,1
https://openalex.org/W4388569538,Exploring Reliable and Efficient Plasmonic Nanopatterning for Surface- and Tip-Enhanced Raman Spectroscopies,Q2,1
https://openalex.org/W4388583843,Reproducible research practices and transparency across linguistics,"Q1, Q7, Q8, Q10",4
https://openalex.org/W4388584571,SciDataFlow: A Tool for Improving the Flow of Data through Science,Q1,1
https://openalex.org/W4388598752,"What do we mean when we talk about socioeconomic status (SES)? Implications for measurement, mechanisms, and interventions from a critical review of the literature on child and adolescent mental health.","Q1, Q7, Q8, Q10",4
https://openalex.org/W4388666514,2023 Index IEEE Signal Processing Magazine Vol. 40,Q1,1
https://openalex.org/W4388680141,A Cloud Container-Based Distributed Solving Approach to Superscale Colored Traveling Salesman Problems,Q1,1
https://openalex.org/W4388688647,A smartphone app effectively facilitates mothers' mind-mindedness: A randomized controlled trial,Q1,1
https://openalex.org/W4388713767,IBGR: Influence-Based Group Recommendation system,Q5,1
https://openalex.org/W4388766679,Issue Information,Q1,1
https://openalex.org/W4388775637,"Value dissonance in research(er) assessment: individual and perceived institutional priorities in review, promotion, and tenure","Q1, Q7, Q8, Q9, Q10",5
https://openalex.org/W4388814182,"DL4MicEverywhere: Deep learning for microscopy made flexible, shareable, and reproducible",Q1,1
https://openalex.org/W4388856981,"""Get in Researchers; We're Measuring Reproducibility"": A Reproducibility Study of Machine Learning Papers in Tier 1 Security Conferences",Q1,1
https://openalex.org/W4388860945,Ten recommendations for reducing the carbon footprint of research computing in human neuroimaging,Q1,1
https://openalex.org/W4388871651,Isolated small airways obstruction predicts future chronic airflow obstruction: a multinational longitudinal study,Q2,1
https://openalex.org/W4388927747,Jup2Kub: algorithms and a system to translate a Jupyter Notebook pipeline to a fault tolerant distributed Kubernetes deployment,Q1,1
https://openalex.org/W4388940435,Eleven strategies for making reproducible research and open science training the norm at research institutions,"Q1, Q8",2
https://openalex.org/W4388942984,Multinomial machine learning identifies independent biomarkers by integrated metabolic analysis of acute coronary syndrome,Q2,1
https://openalex.org/W4388943875,Sulfate distribution and sulfate reduction in global marine sediments,Q2,1
https://openalex.org/W4388944495,Opacity and reproducibility in data processing,Q1,1
https://openalex.org/W4388945972,A Dynamic Latent-Space Model for Asset Clustering,"Q1, Q15",2
https://openalex.org/W4388998382,"SURFATM: A model for the exchanges of energy, ammonia, ozone, and pesticides between soil, vegetation, and atmosphere at the field scale",Q5,1
https://openalex.org/W4389009547,Template-based Approach to Zero-shot Intent Recognition,Q3,1
https://openalex.org/W4389050860,A Review of Trade-Offs in Low ILUC-Risk Certification for Biofuels—Towards an Integrated Assessment Framework,"Q2, Q12",2
https://openalex.org/W4389060159,Automated bibliometric data generation in Python from a bibliographic database,Q5,1
https://openalex.org/W4389084185,Characterization of children's verbal input in a forager‐farmer population using long‐form audio recordings and diverse input definitions,Q6,1
https://openalex.org/W4389105193,Correlated proton dynamics in hydrogen bonding networks: the benchmark case of 3-hydroxyglutaric acid,Q1,1
https://openalex.org/W4389109770,Lethal Borna disease virus 1 (BoDV-1) infections of humans and animals – in-depth molecular epidemiology and phylogeography,Q2,1
https://openalex.org/W4389131363,Reproducibility in Management Science,"Q1, Q14",2
https://openalex.org/W4389144702,"Publication bias, statistical power and reporting practices in the Journal of Sports Sciences: potential barriers to replicability","Q1, Q8",2
https://openalex.org/W4389156878,Onedata4Sci: Life science data management solution based on Onedata,Q4,1
https://openalex.org/W4389201791,Cognitive deficits and enhancements in youth from adverse conditions: An integrative assessment using Drift Diffusion Modeling in the ABCD study,Q1,1
https://openalex.org/W4389201828,Introduction to Methods for Analyzing Large Neuroimaging Datasets,Q1,1
https://openalex.org/W4389285887,Systematic review search strategies are poorly reported and not reproducible: a cross-sectional metaresearch study,Q1,1
https://openalex.org/W4389297451,Planification de la gestion des données pour les processus de travail en science ouverte,Q3,1
https://openalex.org/W4389298268,FAL-CUR: Fair Active Learning using Uncertainty and Representativeness on Fair Clustering,Q5,1
https://openalex.org/W4389311387,An FMM Accelerated Poisson Solver for Complicated Geometries in the Plane Using Function Extension,Q5,1
https://openalex.org/W4389312374,TidyGEO: preparing analysis-ready datasets from Gene Expression Omnibus,Q1,1
https://openalex.org/W4389325022,Du laboratoire à Jupyter : La trajectoire d'un instrument logiciel libre de la science ouverte,"Q1, Q7, Q8, Q10, Q15",5
https://openalex.org/W4389328507,MC-AR — A software suite for comparative mocap analysis in an augmented reality environment,Q5,1
https://openalex.org/W4389336678,Archeohandi: protocol for a national disabilities database in archaeology in France,"Q1, Q8",2
https://openalex.org/W4389338955,Is AI leading to a reproducibility crisis in science?,Q3,1
https://openalex.org/W4389355713,CAPRI: Context-aware point-of-interest recommendation framework,Q5,1
https://openalex.org/W4389364382,Computational Identification and Stuart-Landau Modeling of Collective Dynamical Behaviors of Octuple Laminar Diffusion Flame Oscillators,"Q1, Q10",2
https://openalex.org/W4389434999,A latent clinical-anatomical dimension relating metabolic syndrome to brain structure and cognition,Q1,1
https://openalex.org/W4389435016,Reviewer #1 (Public Review): A latent clinical-anatomical dimension relating metabolic syndrome to brain structure and cognition,Q1,1
https://openalex.org/W4389435291,Toward a Model to Evaluate Machine-Processing Quality in Scientific Documentation and Its Impact on Information Retrieval,Q6,1
https://openalex.org/W4389455237,From policy to practice: Lessons learned from an open science funding initiative,Q1,1
https://openalex.org/W4389455505,Make-or-buy decisions in research and research software,Q4,1
https://openalex.org/W4389471388,"Metallic mean Wang tiles I: self-similarity, aperiodicity and minimality",Q6,1
https://openalex.org/W4389490903,HPC-driven computational reproducibility in numerical relativity codes: a use case study with IllinoisGRMHD,Q1,1
https://openalex.org/W4389500052,On the Role of Charge Transfer Excitations in Non-Fullerene Acceptors for Organic Photovoltaics,Q1,1
https://openalex.org/W4389500877,Collaboration or Corporate Capture? Quantifying NLP's Reliance on Industry Artifacts and Contributions,Q2,1
https://openalex.org/W4389513405,"Investigating the Nature of Open Science Practices Across Complementary, Alternative, and Integrative Medicine Journals: An Audit","Q1, Q7, Q9, Q10, Q11, Q15",6
https://openalex.org/W4389515021,Foundations of Scholarly Writing,Q6,1
https://openalex.org/W4389519275,"SoulChat: Improving LLMs’ Empathy, Listening, and Comfort Abilities through Fine-tuning with Multi-turn Empathy Conversations",Q3,1
https://openalex.org/W4389519845,GPT Deciphering Fedspeak: Quantifying Dissent Among Hawks and Doves,"Q1, Q7, Q8, Q9, Q10, Q15",6
https://openalex.org/W4389520005,Unlocking the Heterogeneous Landscape of Big Data NLP with DUUI,"Q1, Q7",2
https://openalex.org/W4389520461,A Spectral Viewpoint on Continual Relation Extraction,Q3,1
https://openalex.org/W4389523708,Multi-Task Learning of Query Generation and Classification for Generative Conversational Question Rewriting,Q2,1
https://openalex.org/W4389524328,On Bilingual Lexicon Induction with Large Language Models,Q3,1
https://openalex.org/W4389550410,"Reproducibility Starts at the Source: R, Python, and Julia Packages for Retrieving USGS Hydrologic Data",Q1,1
https://openalex.org/W4389583632,Editorial to the Special Issue: (Re)Establishing quality criteria for content analysis: A critical perspective on the field’s core method,"Q1, Q7, Q8, Q9, Q10, Q11",6
https://openalex.org/W4389584405,Tensorlab<sup>+</sup>: A Case Study on Reproducibility in Tensor Research,Q1,1
https://openalex.org/W4389609472,PyKernelLogit: Penalised maximum likelihood estimation of Kernel Logistic Regression in Python,Q5,1
https://openalex.org/W4389610088,Dynamical Systems–Based Neural Networks,Q5,1
https://openalex.org/W4389625750,Nuevos agentes de desinformación masiva. Análisis de las publicaciones de los influencers políticos españoles en Instagram,"Q2, Q12",2
https://openalex.org/W4389641519,challenges of writing an effective literature review for students and new researchers of business.,"Q2, Q12",2
https://openalex.org/W4389746174,ForCEPSS - a Framework for Cardiac Electrophysiology Simulations Standardization,Q6,1
https://openalex.org/W4389771368,"Reproduce, Replicate, Reevaluate. The Long but Safe Way to Extend Machine Learning Methods",Q3,1
https://openalex.org/W4389778690,<i>nmrrr</i>: A Reproducible Workflow for Binning and Visualizing NMR Spectra From Environmental Samples,Q1,1
https://openalex.org/W4389787699,A Family of Immersed Finite Element Spaces and Applications to Three-Dimensional \(\bf{H}(\operatorname{curl})\) Interface Problems,Q5,1
https://openalex.org/W4389816571,Gain efficiency with streamlined and automated data processing: Examples from high-throughput monoclonal antibody production,Q1,1
https://openalex.org/W4389817263,A recipe for extremely reproducible enrichment analysis (and why we need it),"Q1, Q8",2
https://openalex.org/W4389829593,Commentary on “Consumed by Creed”,Q1,1
https://openalex.org/W4389902177,Are military fitness tests safe for members with a total hip arthroplasty?,Q2,1
https://openalex.org/W4389903740,Spatiotemporal features of traffic help reduce automatic accident detection time,Q5,1
https://openalex.org/W4389913001,The Histology-Driven Differential Diagnosis in Bowel Inflammatory Conditions Is Not All That Obvious: Evidence from a Survey Based on Digital Slides,Q2,1
https://openalex.org/W4389913058,Functionalities of electrochemical fluoroquinolone sensors and biosensors,Q4,1
https://openalex.org/W4389949559,"Robustness of Quantitative Diffusion Metrics from Four Models: A Prospective Study on the Influence of Scan‐Rescans, Voxel Size, Coils, and Observers",Q1,1
https://openalex.org/W4389984194,"Repeatability, Reproducibility, Replicability, Reusability (4R) in Journals' Policies and Software/Data Management in Scientific Publications: A Survey, Discussion, and Perspectives","Q1, Q2, Q3, Q5, Q7, Q8, Q12, Q13, Q15",9
https://openalex.org/W4389989719,Inelastic Seismic Response of R/C Structural Systems in terms of Hysteresis Modelling in Overall Sense: State of the Art,Q1,1
https://openalex.org/W4390006437,Primer on Reproducible Research in R: Enhancing Transparency and Scientific Rigor,"Q1, Q8",2
https://openalex.org/W4390009570,Teaching Constructive Replications in the Behavioral and Social Sciences Using Quantitative Data,"Q1, Q7, Q8, Q9, Q10, Q15",6
https://openalex.org/W4390038036,Exploring the Molecularity of the Odor and Taste Perceptions of “Brown”: A Computational Approach,Q2,1
https://openalex.org/W4390048730,Epistemic Metadata for Computational Engineering Information Systems,Q1,1
https://openalex.org/W4390049712,A classification system for identifying patients dead on ambulance arrival: a prehospital medical record review,Q2,1
https://openalex.org/W4390056095,Implementation of FAIR Practices in Computational Metabolomics Workflows - A Case Study,Q1,1
https://openalex.org/W4390092586,Sum rules &amp; Tauberian theorems at finite temperature,Q1,1
https://openalex.org/W4390100492,Reproducible Extraction of Building Footprints from Airborne LiDAR Data: A Demo Paper,Q1,1
https://openalex.org/W4390104160,Reproducibility in <i>Management Science</i>,"Q1, Q7, Q14",3
https://openalex.org/W4390140521,SECURITY ISSUES OF CONTAINERIZATION OF MICROSERVICES,Q1,1
https://openalex.org/W4390146153,Highly stable glucose oxidase polynanogel@MXene/chitosan electrochemical biosensor based on a multi-stable interface structure for glucose detection,Q6,1
https://openalex.org/W4390205210,A Tiered Approach to Scientific Software Quality Practices.,Q4,1
https://openalex.org/W4390206418,"What’s new in genitourinary pathology 2023: WHO 5th edition updates for urinary tract, prostate, testis, and penis",Q2,1
https://openalex.org/W4390215374,"Balancing Privacy, Robustness, and Efficiency in Machine Learning",Q3,1
https://openalex.org/W4390228181,The dire disregard of measurement invariance testing in psychological science.,Q1,1
https://openalex.org/W4390239780,Informatics for One Health,Q1,1
https://openalex.org/W4390242313,"Predicting functional adequacy from complexity, accuracy, and fluency of second-language picture-prompted speaking",Q1,1
https://openalex.org/W4390344627,Promoting Open Science Principles and Primenjena psihologija (Applied Psychology),"Q1, Q7",2
https://openalex.org/W4390450794,"Uncertainty propagation in matrix population models: Gaps, importance and guidelines",Q1,1
https://openalex.org/W4390507979,Multisensory processing and proprioceptive plasticity during resizing illusions,Q1,1
https://openalex.org/W4390511691,Computational methods for biofabrication in tissue engineering and regenerative medicine - a literature review,Q1,1
https://openalex.org/W4390519715,The Challenges of Reproducibility for Research Based on Geodata Web Services,"Q1, Q4",2
https://openalex.org/W4390521435,Quality of spirometry tests in the field of occupational health,Q2,1
https://openalex.org/W4390533871,Digital humanities in the era of digital reproducibility: towards a fairest and post-computational framework,"Q1, Q4, Q7",3
https://openalex.org/W4390561577,The Crucial Role of Interdisciplinary Conferences in Advancing Explainable AI in Healthcare,Q1,1
https://openalex.org/W4390578396,Computationally assisted vibrational spectroscopy of nucleic acid bases. 2. Thymine,Q1,1
https://openalex.org/W4390581869,"Cytologic Monitoring, Management of Cervical Cancer, and Control of Human Papillomavirus",Q2,1
https://openalex.org/W4390583429,FISHGLOB_data: an integrated dataset of fish biodiversity sampled with scientific bottom-trawl surveys,Q1,1
https://openalex.org/W4390585201,Heterogeneity in effect size estimates: Empirical evidence and practical implications,"Q1, Q7, Q8, Q15",4
https://openalex.org/W4390601544,Direct Numerical Simulation of Vortex Breakdown in Evaporating Dilute Sprays,Q1,1
https://openalex.org/W4390604387,Dietary Patterns and Health: Insights From NESR Systematic Reviews to Inform the Dietary Guidelines for Americans,Q1,1
https://openalex.org/W4390607192,SciDataFlow: a tool for improving the flow of data through science,Q1,1
https://openalex.org/W4390608077,Emerging roles and responsibilities of libraries in support of reproducible research,"Q1, Q4, Q8",3
https://openalex.org/W4390640455,Are Users of Digital Archives Ready for the AI Era? Obstacles to the Application of Computational Research Methods and New Opportunities,"Q1, Q8, Q10",3
https://openalex.org/W4390656822,STING Licensing of Type I Dendritic Cells Potentiates Antitumor Immunity,Q3,1
https://openalex.org/W4390660514,Reproducibility Report for the Article: <i>Parallel Simulation of Quantum Networks with Distributed Quantum State Management</i>,Q5,1
https://openalex.org/W4390661909,Spin-Resolved Magneto-Tunneling and Giant Anisotropic <i>g</i>-Factor in Broken Gap InAs-GaSb Core–Shell Nanowires,Q1,1
https://openalex.org/W4390692490,A reproducible and generalizable software workflow for analysis of large-scale neuroimaging data collections using BIDS Apps,Q1,1
https://openalex.org/W4390698365,Historical perspective and future directions: computational science in immuno-oncology,Q1,1
https://openalex.org/W4390702466,"Real-World Cost-Consequence Analysis of an Integrated Chronic Disease Management Program in Saskatchewan, Canada",Q2,1
https://openalex.org/W4390718674,Data Reuse in Agricultural Genomics Research: Present Challenges and Future Solutions,"Q1, Q7",2
https://openalex.org/W4390721837,A how-to guide for code-sharing in biology,"Q1, Q7",2
https://openalex.org/W4390722989,Is Limited Information Enough? An Approximate Multi-agent Coverage Control in Non-Convex Discrete Environments,Q3,1
https://openalex.org/W4390739569,Computational reproducibility of Jupyter notebooks from biomedical publications,Q1,1
https://openalex.org/W4390752652,Cutting the Frame: An In-Depth Look at the Hitchcock Computer Vision Dataset,"Q1, Q8",2
https://openalex.org/W4390753241,Preclinical exploration of the DNA damage response pathway using the interactive neuroblastoma cell line explorer CLEAN,Q1,1
https://openalex.org/W4390776595,Extension of the MolMod Database to Transferable Force Fields,Q1,1
https://openalex.org/W4390810473,Analysis of Compositional Data with Positive Correlations among Components using a Nested Dirichlet Distribution with Application to a Morris Water Maze Experiment,"Q1, Q7, Q8",3
https://openalex.org/W4390834039,Self-Organizing Artificial Intelligence Captures Landscape Changes Correlated with Human Impact Data,"Q1, Q5",2
https://openalex.org/W4390851933,Publication et Données Reproductibles de la Recherche : Que Faire ?: Soutenir et Encourager de Nouvelles Pratiques,"Q1, Q7, Q15",3
https://openalex.org/W4390853367,A Static Checker for Reference Tracking Systems via Laplace Transform and Transfer Functions,Q4,1
https://openalex.org/W4390866092,METhodological RadiomICs Score (METRICS): A quality scoring tool for radiomics research,Q3,1
https://openalex.org/W4390867304,Forking paths in financial economics,"Q1, Q7, Q8, Q9, Q10, Q14, Q15",7
https://openalex.org/W4390897885,Device-independent certification of desirable properties with a confidence interval,Q1,1
https://openalex.org/W4390917087,Four principles for improved statistical ecology,"Q1, Q7, Q8",3
https://openalex.org/W4390928581,METhodological RadiomICs Score (METRICS): a quality scoring tool for radiomics research endorsed by EuSoMII,Q3,1
https://openalex.org/W4390929439,Replicability of simulation studies for the investigation of statistical methods: the RepliSims project,"Q1, Q8",2
https://openalex.org/W4390942914,The Role of Nicotinic Receptors on Ca2+ Signaling in Bovine Chromaffin Cells,Q1,1
https://openalex.org/W4390948539,Reproducibility in materials informatics: lessons from ‘A general-purpose machine learning framework for predicting properties of inorganic materials’,Q1,1
https://openalex.org/W4390951272,Immunohistochemistry in Tumor Diagnostics,Q2,1
https://openalex.org/W4390970065,Kuura—An automated workflow for analyzing WES and WGS data,Q1,1
https://openalex.org/W4390980186,Framing effects in expert assessments of optimal GDP development,"Q1, Q7, Q8, Q15",4
https://openalex.org/W4391026758,Open science: Considerations and issues for <scp>TESOL</scp> research,"Q1, Q7, Q8, Q11",4
https://openalex.org/W4391033182,Erroneous Generalization - Exploring Random Error Variance in Reliability Generalizations of Psychological Measurements,Q1,1
https://openalex.org/W4391033280,Open continuum robotics–one actuation module to create them all,Q6,1
https://openalex.org/W4391051929,Community‐scale models of microbiomes: Articulating metabolic modelling and metagenome sequencing,Q1,1
https://openalex.org/W4391052831,Foundations of Scholarly Writing,Q6,1
https://openalex.org/W4391053384,Measuring and reducing the carbon footprint of fMRI preprocessing in fMRIPrep,Q1,1
https://openalex.org/W4391093525,A Graph Data Model-based Micro-Provenance Approach for Multi-level Provenance Exploration in End-to-End Climate Workflows,Q1,1
https://openalex.org/W4391107149,Riemannian Natural Gradient Methods,Q5,1
https://openalex.org/W4391111350,Data and Code Availability in Political Science Publications from 1995 to 2022,"Q1, Q8, Q9, Q10",4
https://openalex.org/W4391119338,Shaping Dance Canons,Q2,1
https://openalex.org/W4391127229,Reproducibility of COVID-era infectious disease models,Q1,1
https://openalex.org/W4391173633,Deep Importance Sampling Using Tensor Trains with Application to a Priori and a Posteriori Rare Events,Q5,1
https://openalex.org/W4391188432,VCD spectra of chiral naphthalene-1-carboxamides in the solid-state,Q1,1
https://openalex.org/W4391218979,A Comparative Kinetic and Computational Investigation of the Carbon‐Sulfur Cross Coupling of Potassium Thioacetate and 2‐Bromo Thiophene Using Palladium/Bisphosphine Complexes,Q1,1
https://openalex.org/W4391225489,Sketching with Spherical Designs for Noisy Data Fitting on Spheres,Q5,1
https://openalex.org/W4391229378,Toward Real-World Reproducibility: Verifying Value Sets for Clinical Research,Q6,1
https://openalex.org/W4391232154,Reproduction and replication at scale,"Q1, Q7, Q8, Q9, Q15",5
https://openalex.org/W4391244810,Wrinkling of fluid deformable surfaces,Q1,1
https://openalex.org/W4391260904,Partisan Language in a Polarized World: In-Group Language Provides Reputational Benefits to Speakers while Polarizing Audiences,"Q1, Q5, Q7, Q8, Q9",5
https://openalex.org/W4391272065,Generative AI-Driven Human Digital Twin in IoT-Healthcare: A Comprehensive Survey,Q1,1
https://openalex.org/W4391272160,Navigating Dataset Documentations in AI: A Large-Scale Analysis of Dataset Cards on Hugging Face,"Q1, Q8",2
https://openalex.org/W4391277425,Beyond drug discovery: Exploring the physiological and methodological dimensions of zebrafish in diabetes research,Q6,1
https://openalex.org/W4391287407,Mathematical modelling and problem solving connected through technology: A case study with an in-service teacher,Q6,1
https://openalex.org/W4391338974,Outcomes of complete hydatidiform mole coexistent with live fetus following assisted reproductive technologies: A retrospective study,Q2,1
https://openalex.org/W4391362083,Diffusion <scp>MRI</scp> head motion correction methods are highly accurate but impacted by denoising and sampling scheme,Q1,1
https://openalex.org/W4391375647,Systematics of Crystalline Oxide and Framework Compression,Q1,1
https://openalex.org/W4391375785,Advances in Neuro-Oncological Imaging: An Update on Diagnostic Approach to Brain Tumors,Q1,1
https://openalex.org/W4391376509,The Indoor-Training Effect: unexpected gains from distribution shifts in the transition function,Q3,1
https://openalex.org/W4391378485,Why and How We Share Reproducible Research at Yale University’s Institution for Social and Policy Studies,"Q1, Q6, Q7, Q8, Q9, Q10",6
https://openalex.org/W4391383258,Toward Trustworthiness of Deep Learning Models for 12-Lead ECGs,Q1,1
https://openalex.org/W4391401172,Exploring Chemical Space Using<i>Ab Initio</i>Hyperreactor Dynamics,Q1,1
https://openalex.org/W4391443982,Gender Differences in Metacognition: Global and Local Contrasts in Bias and Efficiency,"Q1, Q5",2
https://openalex.org/W4391450907,Publicly available datasets of breast histopathology H&amp;E whole-slide images: A scoping review,Q1,1
https://openalex.org/W4391464266,Towards liquid EPR dosimetry using nitroxides in aqueous solution,Q4,1
https://openalex.org/W4391506217,MobilityDL: A Review of Deep Learning From Trajectory Data,Q6,1
https://openalex.org/W4391506239,Combining the Strengths of Dutch Survey and Register Data in a Data Challenge to Predict Fertility (PreFer),"Q1, Q7, Q8, Q10, Q15",5
https://openalex.org/W4391520978,OpenSAFELY: a platform for analysing electronic health records designed for reproducible research,"Q1, Q8",2
https://openalex.org/W4391534878,"Prevalence and Associated Factors of Chronic Obstructive Pulmonary Disease Among Adults in Neno District, Malawi: A Cross-Sectional Analytical Study",Q2,1
https://openalex.org/W4391548038,Reproducibility of Published Meta-Analyses on Clinical-Psychological Interventions,"Q1, Q8",2
https://openalex.org/W4391563413,MSE FINDR: A Shiny R Application to Estimate Mean Square Error Using Treatment Means and Post Hoc Test Results,Q1,1
https://openalex.org/W4391592346,Cognitive deficits and enhancements in youth from adverse conditions: An integrative assessment using Drift Diffusion Modeling in the ABCD study,Q1,1
https://openalex.org/W4391612454,Three-Dimensional Multi-Modality Registration for Orthopaedics and Cardiovascular Settings: State-of-the-Art and Clinical Applications,Q6,1
https://openalex.org/W4391616465,The Gammaproteobacteria Epidemiologic Annotation Pipeline,Q1,1
https://openalex.org/W4391631624,Stanceosaurus 2.0: Classifying Stance Towards Russian and Spanish Misinformation,Q2,1
https://openalex.org/W4391647286,Making a Difference: The Consequences of Electoral Experiments,"Q1, Q7, Q8, Q9",4
https://openalex.org/W4391648772,Caramel: A web-based QSAR tool for melanoma drug discovery,Q5,1
https://openalex.org/W4391673126,Ten simple rules for training scientists to make better software,"Q1, Q7, Q15",3
https://openalex.org/W4391680301,Data-Driven and Low-Rank Implementations of Balanced Singular Perturbation Approximation,Q5,1
https://openalex.org/W4391694683,Ten Simple Rules to build a Model Life Cycle,Q1,1
https://openalex.org/W4391709872,Investigating Reproducibility in Deep Learning-Based Software Fault Prediction,"Q2, Q3",2
https://openalex.org/W4391716658,"Fluorinated Pharmaceutical and Pesticide Photolysis: Investigating Reactivity and Identifying Fluorinated Products by Combining Computational Chemistry,<sup>19</sup>F NMR, and Mass Spectrometry",Q1,1
https://openalex.org/W4391721641,Team formation through an assessor: choosing MARL agents in pursuit–evasion games,Q3,1
https://openalex.org/W4391721712,Principle and antimicrobial efficacy of laser‐activated irrigation: A narrative review,Q6,1
https://openalex.org/W4391725277,Group-based Robustness: A General Framework for Customized Robustness in the Real World,Q5,1
https://openalex.org/W4391733114,Reproducible research practices: A tool for effective and efficient leadership in collaborative statistics,Q3,1
https://openalex.org/W4391740237,"Reproducibility, Replicability and Repeatability: A survey of reproducible research with a focus on high performance computing","Q1, Q7, Q15",3
https://openalex.org/W4391752817,Implementation of FAIR Practices in Computational Metabolomics Workflows—A Case Study,Q1,1
https://openalex.org/W4391754649,Power to Detect What? Considerations for Planning and Evaluating Sample Size,Q1,1
https://openalex.org/W4391801374,Understanding the Aqueous-Phase Adsorption and Hydrogenation of Model Bio-Oil Molecules on Metals and Alloys,Q1,1
https://openalex.org/W4391818271,A Survey of Researcher Perceptions of Replication in Geography,"Q1, Q8",2
https://openalex.org/W4391835387,"Reproducibility, Replicability, and Transparency in Research: What 430 Professors Think in Universities across the USA and India","Q1, Q7, Q8, Q9, Q10",5
https://openalex.org/W4391841620,The Future of Replication in Applied Linguistics: Toward a Standard for Replication Studies,"Q1, Q8",2
https://openalex.org/W4391877139,Ensuring Trust in Genomics Research,Q4,1
https://openalex.org/W4391880029,The role of theory in mitigating the ‘reproducibility crisis’,"Q1, Q10",2
https://openalex.org/W4391880064,A guide for social science journal editors on easing into open science,"Q1, Q7, Q8, Q9, Q10",5
https://openalex.org/W4391893351,Distance modulates urgency to act and action awareness,"Q1, Q5",2
https://openalex.org/W4391897653,Impact of ACO intelligent vehicle real-time software in finding shortest path,Q5,1
https://openalex.org/W4391900323,Self-Augmented In-Context Learning for Unsupervised Word Translation,Q3,1
https://openalex.org/W4391901275,Navigating the Maize: Cyclic and conditional computational graphs for molecular simulation,Q1,1
https://openalex.org/W4391918237,Open science perspectives on machine learning for the identification of careless responding: A new hope or phantom menace?,"Q1, Q7, Q8",3
https://openalex.org/W4391943942,The Future of Peer Review and Reproducible Science,Q1,1
https://openalex.org/W4391957776,Does Sperm SNRPN Methylation Change with Fertility Status and Age? A Systematic Review and Meta-Regression Analysis,Q3,1
https://openalex.org/W4391971084,Prompt engineering in consistency and reliability with the evidence-based guideline for LLMs,Q3,1
https://openalex.org/W4391987977,Thinking Outside the Black Box: Insights from a Digital Exhibition in the Humanities,"Q1, Q8",2
https://openalex.org/W4392000989,The Alternative Factors Leading to Replication Crisis: Prediction and Evaluation,Q6,1
https://openalex.org/W4392007271,"Computational Modeling of the Laser-Initiated, Gas-Embedded Z-Pinch",Q1,1
https://openalex.org/W4392012822,SzCORE: A Seizure Community Open-source Research Evaluation framework for the validation of EEG-based automated seizure detection algorithms,Q3,1
https://openalex.org/W4392028752,Sahelian transhumance simulator (STS),Q5,1
https://openalex.org/W4392055912,Toward Open Science in Marketing Research,"Q1, Q7, Q8, Q9, Q10, Q14, Q15",7
https://openalex.org/W4392056919,Extremely Partisan Samples Distort Perceptions of Group Beliefs,"Q1, Q5, Q8",3
https://openalex.org/W4392079048,Solving the tourist trip design problem with time windows and variable profit using incremental local search,Q5,1
https://openalex.org/W4392090150,MLXP: A Framework for Conducting Replicable Experiments in Python,Q3,1
https://openalex.org/W4392098717,A QOBL-SAO and its variant: An open source software for optimizing PV/wind/battery system and CEC2020 real world problems,Q5,1
https://openalex.org/W4392105711,The epistemic status of reproducibility in political fact-checking,"Q2, Q6, Q12, Q13",4
https://openalex.org/W4392109309,Naming before Taming? Emotion Differentiation and Emotion Regulation Variability Hinder Each Other within Adolescents.,"Q1, Q5",2
https://openalex.org/W4392132326,Intra-breath changes in respiratory mechanics are sensitive to history of respiratory illness in preschool children: the SEPAGES cohort,Q2,1
https://openalex.org/W4392132368,Attentional Control Data Collection: A Resource for Efficient Data Reuse,Q1,1
https://openalex.org/W4392163488,An isotope dilution-liquid chromatography-tandem mass spectrometry (ID-LC-MS/MS)-based candidate reference measurement procedure (RMP) for the quantification of phenobarbital in human serum and plasma,Q4,1
https://openalex.org/W4392169665,Measurement Studies Utilizing Similarity Evaluation between 3D Surface Topography Measurements,Q1,1
https://openalex.org/W4392185378,Investigating Relationships Between Trait Visual Imagery and Phenomenological Control: The Role of Context Effects,Q1,1
https://openalex.org/W4392229620,Associations of Depressive and Anxiety Disorders with Pulmonary Disorders in the Community: The PneumoLaus and PsyCoLaus Studies,Q2,1
https://openalex.org/W4392232956,Bashing irreproducibility with shournal,Q1,1
https://openalex.org/W4392235338,Management and risk of upgrade of atypical ductal hyperplasia in the breast: A population-based retrospective cohort study,Q2,1
https://openalex.org/W4392268416,Microscopie par localisation ultrasonore dans les modèles d'accidents vasculaires cérébraux,Q2,1
https://openalex.org/W4392285650,"Is authority fungible? Legitimacy, domain congruence, and the limits of power in Africa","Q1, Q7, Q9, Q10, Q15",5
https://openalex.org/W4392315178,Foundation Model Transparency Reports,Q3,1
https://openalex.org/W4392340415,Handling Open Research Data within the Max Planck Society -- Looking Closer at the Year 2020,"Q1, Q8",2
https://openalex.org/W4392346891,AdaBoost_wear: Adaboost model-based Python software for predicting the coefficient of friction of babbitt alloy,Q1,1
https://openalex.org/W4392352557,Nextflow vs. plain Bash: Different Approaches to the Parallelisation of SNP Calling from the Whole Genome Sequence Data,Q1,1
https://openalex.org/W4392364860,Designing a hybrid in silico/in-cell controller robust to process–model mismatch associated with dynamically regulated enzyme overexpression,Q1,1
https://openalex.org/W4392373858,Digital ethicswashing: a systematic review and a process-perception-outcome framework,Q3,1
https://openalex.org/W4392378420,Dynamical Behavior of Small-Scale Buoyant Diffusion Flames in Externally Swirling Flows,Q1,1
https://openalex.org/W4392381816,Glioblastoma Cells Use an Integrin- and CD44-Mediated Motor-Clutch Mode of Migration in Brain Tissue,Q1,1
https://openalex.org/W4392385832,Contribution of environmental determinants to the risk of developing type 2 diabetes mellitus in a life-course perspective: a systematic review protocol,Q2,1
https://openalex.org/W4392398941,Editorial for the Special Issue on Reproducibility,Q5,1
https://openalex.org/W4392432372,SnapperML: A python-based framework to improve machine learning operations,Q1,1
https://openalex.org/W4392449534,Simulating Charged Defects in Silicon Dangling Bond Logic Systems to Evaluate Logic Robustness,Q1,1
https://openalex.org/W4392450861,Testing the reproducibility and effectiveness of deep learning models among clinics: sperm detection as a pilot study,Q4,1
https://openalex.org/W4392463037,"Invasive Size in Lung Adenocarcinoma—Reproducible Criteria, More Accurate Staging",Q2,1
https://openalex.org/W4392490007,Bootstrapping Cognitive Agents with a Large Language Model,Q3,1
https://openalex.org/W4392518599,Physical activity and body mass related to catch-up lung function growth in childhood: a population-based accelerated cohort study,Q2,1
https://openalex.org/W4392519602,3D-integrated multilayered physical reservoir array for learning and forecasting time-series information,Q4,1
https://openalex.org/W4392524838,Research on Colony Counting Based on Computer Vision and Machine Learning,Q6,1
https://openalex.org/W4392539776,Notebooks et science ouverte : FAIR mieux,"Q1, Q8, Q10",3
https://openalex.org/W4392541453,Improving Hardware-in-the-loop Dynamic Security Testing For Linux-based Embedded Devices,Q1,1
https://openalex.org/W4392599412,Theoretical Spectroscopic Study of Isopropyl Alcohol (CH<sub>3</sub>-CHOH-CH<sub>3</sub>),Q1,1
https://openalex.org/W4392600377,From scraped to published,Q4,1
https://openalex.org/W4392602278,A REPRODUCIBLE APPROACH TO ESTIMATE INDOOR SPACE AREA ON A HANDHELD LIDAR DATASET USING DBSCAN,Q1,1
https://openalex.org/W4392620219,Principles of chromosome organization for meiotic recombination,Q2,1
https://openalex.org/W4392642596,Plume and wall temperature impact on the subsonic aft-body flow of a generic space launcher geometry,Q1,1
https://openalex.org/W4392657697,Analytical Galerkin Boundary Integrals of Laplace Kernel Layer Potentials in \(\boldsymbol{\mathbb{R}^3}\),Q5,1
https://openalex.org/W4392663730,Group and Personal Rejection Are Similarly Linked to Extreme Intergroup Attitudes,"Q1, Q5, Q8",3
https://openalex.org/W4392666063,"Replication of Changing Hearts and Minds? Why Media Messages Designed to Foster Empathy Often Fail (Gubler et al., 2022)","Q1, Q7, Q9",3
https://openalex.org/W4392682820,Inter-modality source coupling: a fully-automated whole-brain data-driven structure-function fingerprint shows replicable links to reading in a large-scale (N∼8K) analysis,Q1,1
https://openalex.org/W4392694257,"Step tests are feasible, safe, and can be used to evaluate exercise capacity at home after hospitalization for COVID-19","Q2, Q13",2
https://openalex.org/W4392702561,Facilitating Implicit Learning of Multiple Non-adjacent Dependencies Regardless of Language Experience: The Role of a Brief Pre-exposure,Q1,1
https://openalex.org/W4392710863,High-Order Mass- and Energy-Conserving Methods for the Nonlinear Schrödinger Equation,Q5,1
https://openalex.org/W4392736778,MP2D: An Automated Topic Shift Dialogue Generation Framework Leveraging Knowledge Graphs,Q3,1
https://openalex.org/W4392745882,Development and Validation of the SCAN-Score to Indicate General Anesthesia for Dental Care in Children,Q2,1
https://openalex.org/W4392747265,Point Pattern Analysis (PPA) as a tool for reproducible archaeological site distribution analyses and location processes in early iron age south-west Germany,Q1,1
https://openalex.org/W4392747375,Computationally reproducing results from meta-analyses in ecology and evolutionary biology using shared code and data,Q1,1
https://openalex.org/W4392751993,Using Linguistic Criteria to Define Multiword Units,Q2,1
https://openalex.org/W4392757770,"Multi-Scale Modeling of Physical Properties of Nanoporous Frameworks: Predicting Mechanical, Thermal and Adsorption Behavior",Q1,1
https://openalex.org/W4392761391,Sharing is caring? International Society of Pharmacoepidemiology review and recommendations for sharing of programming code,Q1,1
https://openalex.org/W4392780677,On the Convergence of Monolithic Multigrid for Implicit Runge–Kutta Time Stepping of Finite Element Problems,Q5,1
https://openalex.org/W4392808894,Aspects of non-relativistic quantum field theories,"Q1, Q15",2
https://openalex.org/W4392821590,New<i>eNeuro</i>Series: Improving Your Neuroscience,Q1,1
https://openalex.org/W4392822624,Reproducibility and Geometric Intrinsic Dimensionality: An Investigation on Graph Neural Network Research,"Q1, Q3",2
https://openalex.org/W4392844726,Splitting schemes for coupled differential equations: Block Schur-based approaches &amp; Partial Jacobi approximation,Q5,1
https://openalex.org/W4392845414,Diamond is a scientist’s best friend,"Q1, Q8, Q15",3
https://openalex.org/W4392868006,For long-term sustainable software in bioinformatics,Q1,1
https://openalex.org/W4392913474,Research assessment using a narrow definition of “research quality” is an act of gatekeeping: A comment on Gärtner et al. (2022),"Q1, Q8",2
https://openalex.org/W4392939976,A Template and Tutorial for Preregistering Studies Using Passive Smartphone Measures,Q1,1
https://openalex.org/W4392952442,Optimal Sparse Energy Sampling for X-ray Spectro-Microscopy: Reducing the X-ray Dose and Experiment Time Using Model Order Reduction,Q4,1
https://openalex.org/W4393000130,Verification Method for Determination of Melting Temperature and Enthalpy Changes (âˆ†H) Using Differential Scanning Calorimeter,Q4,1
https://openalex.org/W4393003822,Reinforcement Learning-Based Multi-Objective Optimization for Generation Scheduling in Power Systems,Q1,1
https://openalex.org/W4393026269,PaStEL: Generator of Pathways with Structural Change on Pseudo Free-Energy Landscape from CryoEM Images,Q1,1
https://openalex.org/W4393028902,Chronic rhinosinusitis possibly associated with decreased lung function in chronic cough patients,Q2,1
https://openalex.org/W4393042788,The eDNA-Container App: A Simple-to-Use Cross-Platform Package for the Reproducible Analysis of eDNA Sequencing Data,Q1,1
https://openalex.org/W4393055231,"Machine learning-based prediction of fish acute mortality: Implementation, interpretation, and regulatory relevance",Q3,1
https://openalex.org/W4393063870,"The Model Openness Framework: Promoting Completeness and Openness for Reproducibility, Transparency, and Usability in Artificial Intelligence",Q3,1
https://openalex.org/W4393064701,Description of Diamondoids,Q1,1
https://openalex.org/W4393084397,Review of modeling schemes and machine learning algorithms for fluid rheological behavior analysis,Q3,1
https://openalex.org/W4393090663,"An isotope dilution-liquid chromatography-tandem mass spectrometry (ID-LC-MS/MS)-based candidate reference measurement procedure for the quantification of carbamazepine-10,11-epoxide in human serum and plasma",Q4,1
https://openalex.org/W4393120506,Antibiotics modulate variable immunological responses in sepsis: A narrative review,Q2,1
https://openalex.org/W4393146038,Modelling neurodegeneration and inflammation in early diabetic retinopathy using 3D human retinal organoids,Q6,1
https://openalex.org/W4393148796,Operationalizing open and restricted-access data—Formulating verifiable criteria for the openness of data sets mentioned in biomedical research articles,Q1,1
https://openalex.org/W4393149937,Contribution of the Medial Iliofemoral Ligament to Hip Stability After Total Hip Arthroplasty Through the Direct Anterior Approach,Q1,1
https://openalex.org/W4393160943,Mastering Context-to-Label Representation Transformation for Event Causality Identification with Diffusion Models,Q3,1
https://openalex.org/W4393163454,Analyzing Dataset Annotation Quality Management in the Wild,Q3,1
https://openalex.org/W4393166836,Validity constraints for data analysis workflows,Q1,1
https://openalex.org/W4393192501,Optimising Human-Machine Collaboration for Efficient High-Precision Information Extraction from Text Documents,"Q1, Q9",2
https://openalex.org/W4393212025,ProvDeploy: Provenance-oriented Containerization of High Performance Computing Scientific Workflows,"Q1, Q15",2
https://openalex.org/W4393212044,Predicting Parkinson's disease trajectory using clinical and functional MRI features: a reproduction and replication study,Q1,1
https://openalex.org/W4393229271,"Generative AI for Trustworthy, Open, and Equitable Scholarship","Q1, Q7, Q8, Q15",4
https://openalex.org/W4393229390,"Data Authenticity, Consent, and Provenance for AI Are All Broken: What Will It Take to Fix Them?",Q3,1
https://openalex.org/W4393231241,Intelligence as Agency: Evaluating the Capacity of Generative AI to Empower or Constrain Human Action,"Q1, Q10",2
https://openalex.org/W4393231714,Controllable Fabrication of Polypyrrole Nanopillar/Hair Arrays by Oxygen Plasma Treatment and Their Applications as Antibacterial Flexible pH Sensors,Q6,1
https://openalex.org/W4393234031,Stochastic modeling of x-ray superfluorescence,Q6,1
https://openalex.org/W4393260144,A review of drivers and barriers of Digital Twin adoption in building project development processes,Q1,1
https://openalex.org/W4393261078,Simultaneous Rapid Detection of Multiple Physicochemical Properties of Jet Fuel Using Near-Infrared Spectroscopy,Q4,1
https://openalex.org/W4393262012,Non-local Transport of Electrons in Plasmas,Q1,1
https://openalex.org/W4393299894,"Workflow Mini-Apps: Portable, Scalable, Tunable &amp; Faithful Representations of Scientific Workflows",Q1,1
https://openalex.org/W4393304071,"Enhancing MetaOmGraph software, and using interpretable machine learning to study novel genes in human breast cancer",Q1,1
https://openalex.org/W4393315872,An isotope dilution-liquid chromatography-tandem mass spectrometry (ID-LC-MS/MS)-based candidate reference measurement procedure (RMP) for the quantification of primidone in human serum and plasma,Q4,1
https://openalex.org/W4393343270,Functional convergence underground? The scale‐dependency of community assembly processes in European cave spiders,Q3,1
https://openalex.org/W4393382172,Dimensions of Exactly Divergence-Free Finite Element Spaces in 3D,Q5,1
https://openalex.org/W4393394063,Gigahertz streaking and compression of low-energy electron pulses,Q1,1
https://openalex.org/W4393411703,Cannabis laboratory quality assurance program: exercise 2 cannabinoid final report,Q4,1
https://openalex.org/W4393432820,CoRL Submission Data/Results for Learnable Spatio-Temporal Map Embeddings for Deep Inertial Localization,Q6,1
https://openalex.org/W4393436583,MEASUREMENT OF HAND-TOOL VIBRATION EMISSION AND WORKPLACE RISK,Q6,1
https://openalex.org/W4393448261,CoRL Submission Data/Results for Learnable Spatio-Temporal Map Embeddings for Deep Inertial Localization,Q6,1
https://openalex.org/W4393451935,Raw Data for IntoValue Dataset,Q1,1
https://openalex.org/W4393462043,Dataset for: Feasibility study to improve clinical trial transparency with individualized report cards at a large university medical center,Q1,1
https://openalex.org/W4393494807,Spacecraft Thruster Firing Test Dataset,Q6,1
https://openalex.org/W4393495298,Dataset of a Study of Computational reproducibility of Jupyter notebooks from biomedical publications,Q1,1
https://openalex.org/W4393515948,"Traveltime calculation for qP-, qSV- and qSH- waves in two-dimensional tilted transversely isotropic media",Q6,1
https://openalex.org/W4393531873,Spacecraft Thruster Firing Test Dataset,Q6,1
https://openalex.org/W4393532097,Data from the Cornell LDI Replication Lab,Q1,1
https://openalex.org/W4393560922,Raw Data for IntoValue Dataset,Q1,1
https://openalex.org/W4393620935,Data from the Cornell LDI Replication Lab,Q1,1
https://openalex.org/W4393701218,Dataset of a Study of Computational reproducibility of Jupyter notebooks from biomedical publications,Q1,1
https://openalex.org/W4393711164,Dataset of a Study of Computational reproducibility of Jupyter notebooks from biomedical publications,Q1,1
https://openalex.org/W4393766800,"Traveltime calculation for qP-, qSV- and qSH- waves in two-dimensional tilted transversely isotropic media",Q6,1
https://openalex.org/W4393790475,A comment on Dincecco et al. (2022): Pre-colonial warfare and long-run development in India,Q1,1
https://openalex.org/W4393811757,Dataset for: Feasibility study to improve clinical trial transparency with individualized report cards at a large university medical center,Q1,1
https://openalex.org/W4393839145,Raw Data for IntoValue Dataset,Q1,1
https://openalex.org/W4393853648,On the Dearth of Retractions in Social Work: A Preliminary Analysis of Ten Leading Journals,"Q1, Q8, Q10",3
https://openalex.org/W4393864967,Pathogenic <i>TNNI1</i> variants disrupt sarcomere contractility resulting in hypo- and hypercontractile muscle disease,Q3,1
https://openalex.org/W4393943637,Robust evidence for the simple view of second language reading: Secondary meta-analysis of Jeon and Yamashita (2022),Q1,1
https://openalex.org/W4393980401,SOME APPLICATIONS OF SOUND INTENSITY IN BUILDING ACOUSTICS,Q4,1
https://openalex.org/W4394049151,A comment on Dincecco et al. (2022): Pre-colonial warfare and long-run development in India,Q1,1
https://openalex.org/W4394110075,Nature Reproducibility survey 2017,Q3,1
https://openalex.org/W4394273982,Nature Reproducibility survey 2017,Q3,1
https://openalex.org/W4394503846,Nature Reproducibility survey 2017,Q3,1
https://openalex.org/W4394553370,Nature Reproducibility survey 2017,Q3,1
https://openalex.org/W4394560395,Computational reproducibility in archaeological research: Basic principles and a case study of their implementation,Q1,1
https://openalex.org/W4394579586,Physical activity and lung function association in a healthy community-dwelling European population,Q2,1
https://openalex.org/W4394607525,The Challenges of Replicating Volatile Platform-Data Studies: Replicating Schatto-Eckrodt et al. (2020),"Q1, Q4, Q7, Q8, Q11",5
https://openalex.org/W4394617400,Prediction of Air Generation in Engine Oil Pan by MPS and DEM,Q1,1
https://openalex.org/W4394684824,Reproducible machine learning research in mental workload classification using EEG,Q3,1
https://openalex.org/W4394685990,Exploring Reproducible Nonaqueous Scanning Droplet Cell Electrochemistry in Model Battery Chemistries,Q2,1
https://openalex.org/W4394691188,Integrated Pleiotropic Gene Set Unveils Comorbidity Insights across Digestive Cancers and Other Diseases,Q1,1
https://openalex.org/W4394693150,Self-Rated Health in Middle Age and Risk of Hospitalizations and Death: Recurrent Event Analysis of the ARIC Study,"Q1, Q10",2
https://openalex.org/W4394695512,PsiPartition: Improved Site Partitioning for Genomic Data by Parameterized Sorting Indices and Bayesian Optimization,Q1,1
https://openalex.org/W4394698427,Novel methods and technologies for the evaluation of drug outcomes and policies,"Q2, Q12",2
https://openalex.org/W4394709485,Confirmable Workflows in OSCAR,Q1,1
https://openalex.org/W4394710312,"Working Paper No 6: Exploring Research Transparency, Positionality and Reproducibility","Q1, Q8, Q10",3
https://openalex.org/W4394728414,Guidance framework to apply good practices in ecological data analysis: Lessons learned from building Galaxy-Ecology,Q1,1
https://openalex.org/W4394730096,Mass Reproducibility and Replicability: A New Hope,"Q1, Q9",2
https://openalex.org/W4394743330,Improving R resources for beginners: Interactive psychological statistics modules,Q1,1
https://openalex.org/W4394754106,The future of replication in applied linguistics: Toward a standard for replication studies,"Q1, Q8",2
https://openalex.org/W4394777945,Biomedical Open Source Software: Crucial Packages and Hidden Heroes,"Q1, Q10",2
https://openalex.org/W4394783038,Predictable changes in the accuracy of human papillomavirus tests after vaccination: review with implications for performance monitoring in cervical screening,Q2,1
https://openalex.org/W4394785467,Combining the strengths of Dutch survey and register data in a data challenge to predict fertility (PreFer),"Q1, Q7, Q8, Q10, Q15",5
https://openalex.org/W4394787357,Association between lung function and dyspnoea and its variation in the multinational Burden of Obstructive Lung Disease (BOLD) study,Q2,1
https://openalex.org/W4394816463,Verification report: Egalitarianism in young children,Q6,1
https://openalex.org/W4394818659,Artificial Intelligence in Cataract Surgery: A Systematic Review,Q3,1
https://openalex.org/W4394824145,The Upper Limit of Normal Rate of Lung Function Decline in Healthy Adults in the Framingham Heart Study,Q2,1
https://openalex.org/W4394840489,What do meta-analysts need in primary studies? Guidelines and the SEMI checklist for facilitating cumulative knowledge,"Q1, Q8",2
https://openalex.org/W4394840903,A survey of experimental stimulus presentation code sharing in major areas of psychology,"Q1, Q7",2
https://openalex.org/W4394841765,Application of a clamshell isothermal nucleic acid amplification analyzer in the detection of lower respiratory tract bacteria,Q4,1
https://openalex.org/W4394843799,Urinary Volatile Organic Compound Metabolites Are Associated with Reduced Lung Function in U.S. Children and Adolescents,Q2,1
https://openalex.org/W4394869897,Linking solid-state phenomena via energy differences in `archetype crystal structures',Q1,1
https://openalex.org/W4394877222,In Silico Analysis of the Ga3+/Fe3+ Competition for Binding the Iron-Scavenging Siderophores of P. aeruginosa—Implementation of Three Gallium-Based Complexes in the “Trojan Horse” Antibacterial Strategy,Q1,1
https://openalex.org/W4394881644,Nonstandard Errors,"Q1, Q7, Q8, Q15",4
https://openalex.org/W4394890854,Mechanical Essence of Double-Arc Formation Along the Eastern Aleutian Subduction Zone,Q1,1
https://openalex.org/W4394899320,Secure distributed workflows for biomedical data analytics,"Q1, Q4, Q15",3
https://openalex.org/W4394907040,GeoAI Reproducibility and Replicability: a computational and spatial perspective,Q1,1
https://openalex.org/W4394947701,Partial Identification of Structural Vector Autoregressions with Non-Centred Stochastic Volatility,"Q1, Q7, Q15",3
https://openalex.org/W4394964692,Development and validation of UPLC-MS/MS method for 5-Fluorouracil quantification in dried blood spot,Q4,1
https://openalex.org/W4394997602,Introduction to Reproducible Geospatial Analysis and Figures in R: A Tutorial Article,Q1,1
https://openalex.org/W4394999112,gcamreport: An R tool to process and standardize GCAMoutputs,"Q1, Q7",2
https://openalex.org/W4395022310,"Data Authenticity, Consent, &amp; Provenance for AI are all broken: what will it take to fix them?",Q3,1
https://openalex.org/W4395022633,FAIR Jupyter: A Knowledge Graph Approach to Semantic Sharing and Granular Exploration of a Computational Notebook Reproducibility Dataset,Q1,1
https://openalex.org/W4395055686,Respiratory Flow Rates of Metal Welders Compared to a Population Not Exposed to Metal Welding Dust,Q2,1
https://openalex.org/W4395077081,Numerical simulation of the 2D trajectory of a non-buoyant fluid parcel under the influence of inertial oscillation,Q1,1
https://openalex.org/W4395097568,Reproducible data science over data lakes: replayable data pipelines with Bauplan and Nessie,Q3,1
https://openalex.org/W4395116921,Antigenic distance between primary and secondary dengue infections correlates with disease risk,Q3,1
https://openalex.org/W4395362920,"Checklist of alien species in the Scheldt estuary in Flanders, Belgium",Q3,1
https://openalex.org/W4395381690,Ad hoc checklist of alien species in Belgium,Q3,1
https://openalex.org/W4395464935,"A Comparison of Brain-State Representations of Binary Neuroimaging Connectivity Data. Comment on Samantaray et al. Unique Brain Network Identification Number for Parkinson’s and Healthy Individuals Using Structural MRI. Brain Sci. 2023, 13, 1297",Q1,1
https://openalex.org/W4395962118,The adhesion GPCR ADGRV1 controls glutamate homeostasis in hippocampal astrocytes supporting neuron development: first insights into to pathophysiology of <i>ADGRV1</i> -associated epilepsy,Q1,1
https://openalex.org/W4396213372,The Economics of Computational Reproducibility,"Q1, Q7",2
https://openalex.org/W4396222995,"Multi-Scale Modeling of Physical Properties of Nanoporous Frameworks: Predicting Mechanical, Thermal and Adsorption Behavior",Q1,1
https://openalex.org/W4396231097,Nextflow vs. plain bash: different approaches to the parallelization of SNP calling from the whole genome sequence data,Q1,1
https://openalex.org/W4396241424,Untangling the mess of CGRP levels as a migraine biomarker: an in-depth literature review and analysis of our experimental experience,Q2,1
https://openalex.org/W4396243703,"To democratize research with sensitive data, we should make synthetic data more accessible","Q1, Q8",2
https://openalex.org/W4396510657,Reliability and Validity of Maximal Respiratory Pressures,Q2,1
https://openalex.org/W4396513603,Audio-as-Data Tools: Replicating Computational Data Processing,"Q1, Q8, Q9, Q11",4
https://openalex.org/W4396513967,ForCEPSS—A framework for cardiac electrophysiology simulations standardization,Q6,1
https://openalex.org/W4396517800,A hybrid deep learning scheme for MRI-based preliminary multiclassification diagnosis of primary brain tumors,Q1,1
https://openalex.org/W4396517960,Experiments as Code and its application to VR studies in human-building interaction,Q4,1
https://openalex.org/W4396529444,Leveraging AI for improved reproducibility of mathematical disease models: insights from a retinitis pigmentosa case study,Q1,1
https://openalex.org/W4396530946,The Role of Third-Party Verification in Research Reproducibility,"Q1, Q6, Q7, Q8, Q15",5
https://openalex.org/W4396541948,REFORMS: Consensus-based Recommendations for Machine-learning-based Science,"Q1, Q2, Q3, Q7, Q8, Q9, Q10, Q12, Q13",9
https://openalex.org/W4396591311,Consensus-Based Rare Event Estimation,Q5,1
https://openalex.org/W4396591359,Hybrid Dealiasing of Complex Convolutions,Q5,1
https://openalex.org/W4396600580,Longevity of Artifacts in Leading Parallel and Distributed Systems Conferences: a Review of the State of the Practice in 2023,Q5,1
https://openalex.org/W4396600719,AttackBench: Evaluating Gradient-based Attacks for Adversarial Examples,Q3,1
https://openalex.org/W4396600992,MaRDIFlow: A CSE workflow framework for abstracting meta-data from FAIR computational experiments,Q1,1
https://openalex.org/W4396606388,"Investigating the nature of open science practices across complementary, alternative, and integrative medicine journals: An audit","Q1, Q7, Q9, Q10, Q11, Q15",6
https://openalex.org/W4396613852,Vibrational Circular Dichroism of a Chiral Triplet Nitrene Investigated Under Matrix‐Isolation Conditions in Parahydrogen,Q1,1
https://openalex.org/W4396617203,Building datasets to support information extraction and structure parsing from electronic theses and dissertations,"Q1, Q7, Q15",3
https://openalex.org/W4396617295,A dataset for measuring the impact of research data and their curation,"Q1, Q8",2
https://openalex.org/W4396664743,Data augmentation for generating synthetic electrogastrogram time series,Q1,1
https://openalex.org/W4396667130,How Immunotherapy Has Redefined the Treatment Paradigm of Metastatic or Locally Advanced Muscle-Invasive Urothelial Bladder Carcinoma,Q2,1
https://openalex.org/W4396667211,Gradient-Based Saliency Maps Are Not Trustworthy Visual Explanations of Automated AI Musculoskeletal Diagnoses,Q2,1
https://openalex.org/W4396694726,Editor's Corner,Q1,1
https://openalex.org/W4396705102,Multigrid Solvers for the de Rham Complex with Optimal Complexity in Polynomial Degree,Q5,1
https://openalex.org/W4396705667,"Teaching Research Data Management with DataLad: A Multi-year, Multi-domain Effort",Q1,1
https://openalex.org/W4396720596,Melan-A-Positive Granular Cell Tumor With Extensive Intraneural and Perineural Spread: A Rare Case Report,Q2,1
https://openalex.org/W4396786014,Position: Why We Must Rethink Empirical Research in Machine Learning,Q1,1
https://openalex.org/W4396813955,SHORT: Can citations tell us about a paper's reproducibility? A case study of machine learning papers,Q1,1
https://openalex.org/W4396818902,Knowledge Transfer for Cross-Domain Reinforcement Learning: A Systematic Review,Q3,1
https://openalex.org/W4396820171,Complete agenesis of pericardium in a young asymptomatic woman,Q2,1
https://openalex.org/W4396828426,SMI2PDB: A self-contained Python tool to generate atomistic systems of organic molecules using their SMILES notations,Q5,1
https://openalex.org/W4396834733,Pathogenesis of COVID19 and the applications of US FDA-approved repurposed antiviral drugs to combat SARS-CoV-2 in Saudi Arabia: A recent update by review of literature,Q3,1
https://openalex.org/W4396877848,"DADOS ABERTOS NA PESQUISA EM EDUCAÇÃO EM CIÊNCIAS: PERSPECTIVAS, DESAFIOS E POSSIBILIDADES","Q1, Q7, Q8, Q9, Q10",5
https://openalex.org/W4396882454,What Can Natural Language Processing Do for Peer Review?,Q3,1
https://openalex.org/W4396894261,Empowering bioinformatics communities with Nextflow and nf-core,"Q1, Q7",2
https://openalex.org/W4396914017,Reproducing the Metric-Based Evaluation of a Set of Controllable Text Generation Techniques,Q3,1
https://openalex.org/W4396917645,FAIRe Gesundheitsdaten im nationalen und internationalen Datenraum,Q1,1
https://openalex.org/W4396919600,What makes computational communication science (ir)reproducible?,"Q1, Q11",2
https://openalex.org/W4396929251,INCREASING THE REPRODUCIBILITY OF SCIENTIFIC RESEARCH WORKS: A CASE STUDY USING THE ENVIRONMENT CODE-FIRST FRAMEWORK,Q1,1
https://openalex.org/W4396934540,EPAT: a user-friendly MATLAB toolbox for EEG/ERP data processing and analysis,Q1,1
https://openalex.org/W4396944841,Analysing Cross-Speaker Convergence in Face-to-Face Dialogue through the Lens of Automatically Detected Shared Linguistic Constructions,Q1,1
https://openalex.org/W4396952458,DExplore: An Online Tool for Detecting Differentially Expressed Genes from mRNA Microarray Experiments,Q1,1
https://openalex.org/W4396953269,"Misstatements, misperceptions, and mistakes in controlling for covariates in observational research","Q1, Q2, Q7, Q10, Q12",5
https://openalex.org/W4396985387,"<i>Journal of Water Resources Planning and Management</i> ’s Reproducibility Review Program: Accomplishments, Lessons, and Next Steps","Q2, Q5",2
https://openalex.org/W4397004092,A journey with ASMETA from requirements to code: application to an automotive system with adaptive features,Q4,1
https://openalex.org/W4397009248,"DL4MicEverywhere: deep learning for microscopy made flexible, shareable and reproducible",Q1,1
https://openalex.org/W4397010208,Nonrandom Tweet Mortality and Data Access Restrictions: Compromising the Replication of Sensitive Twitter Studies,"Q1, Q7, Q8, Q9, Q15",5
https://openalex.org/W4397020953,A Framework for Assessing the Computational Reproducibility of Geo-Simulation Experiments,Q1,1
https://openalex.org/W4397023331,TREM2 deficiency reprograms intestinal macrophages and microbiota to enhance anti–PD-1 tumor immunotherapy,Q3,1
https://openalex.org/W4397023440,LRIG1 engages ligand VISTA and impairs tumor-specific CD8 <sup>+</sup> T cell responses,Q3,1
https://openalex.org/W4397028062,Explainable Self-Organizing Artificial Intelligence Captures Landscape Changes Correlated with Human Impact Data,"Q1, Q8",2
https://openalex.org/W4397427862,MRIO: the Magnetic Resonance Imaging Acquisition and Analysis Ontology,"Q1, Q7",2
https://openalex.org/W4398156146,Secondary analysis of Staphylococcus aureus whole genomes reveals diverse antimicrobial resistance profiles,Q1,1
https://openalex.org/W4398167565,"Meta-Analysis in Plant Pathology: Publication Patterns, Methodological Trends, and Potential Future Directions","Q1, Q8",2
https://openalex.org/W4398185612,PASS4SWAT: Orchestration of containerized SWAT for facilitating computational reproducibility of model calibration and uncertainty analysis,Q1,1
https://openalex.org/W4398192693,A Vision on Open Science for the Evolution of Software Engineering Research and Practice,Q1,1
https://openalex.org/W4398192764,State of the Practice for Medical Imaging Software,Q1,1
https://openalex.org/W4398197860,Facilitating the Sharing of Electrophysiology Data Analysis Results Through In-Depth Provenance Capture,Q1,1
https://openalex.org/W4398200628,In-silico study of the biomechanical effects of proximal-fibular osteotomy on knee joint contact pressure in varus-valgus misalignment,Q6,1
https://openalex.org/W4398200770,Factors correlating with circulating T-zone-like cells of undetermined significance (TZUS) in dogs resident in Italy,Q2,1
https://openalex.org/W4398209176,An alternate representation of the geomagnetic core field obtained using machine learning,Q1,1
https://openalex.org/W4398218458,Evaluation of functional group compatibility and development of reaction-accelerating additives in ammonium salt-accelerated hydrazinolysis of amides,Q2,1
https://openalex.org/W4398222897,Biology’s transformation: from observation through experiment to computation,Q2,1
https://openalex.org/W4398266099,Making data accessible: lessons learned from computational reproducibility of impact evaluations,Q1,1
https://openalex.org/W4398338235,Replication Data for: Active Maintenance: A Proposal for the Long-term Computational Reproducibility of Scientific Results,"Q1, Q9",2
https://openalex.org/W4398369606,Replication Data for: Replication of The Morning After: Report from the Nottingham Replication Games,Q1,1
https://openalex.org/W4398430486,Replication Data for: Organizations Involved in Humanitarian Action: Introducing a New Dataset,Q2,1
https://openalex.org/W4398762143,The 'tesselle' Project: a Collection of R Packages for Research and Teaching in Archaeology,Q1,1
https://openalex.org/W4398771003,After Computational Reproducibility: Scientific Reproducibility and Trustworthy AI,Q1,1
https://openalex.org/W4398771040,"On Emergent Limits to Knowledge—Or, How to Trust the Robot Researchers: A Pocket Guide","Q1, Q7",2
https://openalex.org/W4398775338,The slow photo-induced CO<sub>2</sub> release of <i>N</i>-phthaloylglycine,Q1,1
https://openalex.org/W4398780877,<scp>OpenSAFELY</scp>: A platform for analysing electronic health records designed for reproducible research,Q1,1
https://openalex.org/W4398782780,The Singularity in Data and Computation-Driven Science: Can It Scale Beyond Machine Learning?,Q1,1
https://openalex.org/W4398815957,Replication Data for: Organizations Involved in Humanitarian Action: Introducing a New Dataset,Q2,1
https://openalex.org/W4398962672,"Replication Data for: ""Learning to Dislike Your Opponents: Political Socialization in the Era of Polarization""",Q1,1
https://openalex.org/W4399023579,Building transparency and reproducibility into the practice of pharmacoepidemiology and outcomes research,"Q1, Q8",2
https://openalex.org/W4399069668,Cómo se redacta un artículo de revisión sistemática,Q2,1
https://openalex.org/W4399089880,Fluorescence Thermal Shift Assay based High Through-put Screening in Small Molecule Drug Discovery: A Brief Overview,Q4,1
https://openalex.org/W4399115278,IncomeSCM: From tabular data set to time-series simulator and causal estimation benchmark,Q3,1
https://openalex.org/W4399143396,"The importance of accurate, reliable and reproducible radiological standards for evaluating interbody cage subsidence in spine surgery studies",Q2,1
https://openalex.org/W4399156631,Reviewer #3 (Public Review): Convolutional networks can model the functional modulation of MEG responses during reading,Q1,1
https://openalex.org/W4399168059,Pharmacological modulation of septins restores calcium homeostasis and is neuroprotective in models of Alzheimer’s disease,Q3,1
https://openalex.org/W4399173171,Structural basis for selectivity and antagonism in extracellular GPCR-nanobodies,Q3,1
https://openalex.org/W4399176530,Convolutional networks can model the functional modulation of the MEG responses associated with feed-forward processes during visual word recognition,Q1,1
https://openalex.org/W4399214827,Dyspnea Investigation in Behçet’s Disease: The Role of Advanced Diagnostic Methods to Elucidate Dyspnea in Systemic Diseases,Q2,1
https://openalex.org/W4399301500,Lipid unsaturation promotes BAX and BAK pore activity during apoptosis,Q3,1
https://openalex.org/W4399303452,Using an expert survey and user feedback to construct PRECHECK: A checklist to evaluate preprints on COVID-19 and beyond,"Q1, Q8",2
https://openalex.org/W4399310085,"Machine learning-based prediction of fish acute mortality: implementation, interpretation, and regulatory relevance",Q3,1
https://openalex.org/W4399317985,Good modelling software practices,Q5,1
https://openalex.org/W4399322176,Introduction of the Capsules environment to support further growth of the SBGrid structural biology software collection,Q1,1
https://openalex.org/W4399324426,Lung Function and Brain MRI Outcomes in the Atherosclerosis Risk in Communities Neurocognitive Study,Q2,1
https://openalex.org/W4399356089,ADHM Wilson line defect indices,Q1,1
https://openalex.org/W4399391349,Trust but Verify: Lessons Learned for the Application of AI to Case-Based Clinical Decision-Making From Postmarketing Drug Safety Assessment at the US Food and Drug Administration,Q1,1
https://openalex.org/W4399400865,Formal Definition and Implementation of Reproducibility Tenets for Computational Workflows,Q1,1
https://openalex.org/W4399405637,Best Practices for Developing Computational and Data-Intensive (CDI) Applications,Q1,1
https://openalex.org/W4399417961,Trust but Verify: Lessons Learned for the Application of AI to Case-Based Clinical Decision-Making From Postmarketing Drug Safety Assessment at the US Food and Drug Administration (Preprint),Q1,1
https://openalex.org/W4399421721,Sub-voxel based finite element modelling of fibre-reinforced composites,Q5,1
https://openalex.org/W4399570504,Legal Perspectives on Research Data Storage,Q1,1
https://openalex.org/W4399583246,rfacts: R Interface to 'FACTS' on Unix-Like Systems,Q1,1
https://openalex.org/W4399597711,A Cloud-Native Data Science Platform for Official Statistics,Q1,1
https://openalex.org/W4399640171,edibble: Encapsulating Elements of Experimental Design,Q1,1
https://openalex.org/W4399695582,Dispelling the Mirage of Progress in Offline MARL through Standardised Baselines and Evaluation,Q3,1
https://openalex.org/W4399723691,Modelling laser modified secondary electron yield response of surfaces,Q1,1
https://openalex.org/W4399730688,Height modulation of nanopixel arrays via light controlled capillary force lithography,Q1,1
https://openalex.org/W4399739235,Developing mental health curricula and a service provision model for clinical associates in South Africa: a Delphi survey of family physicians and psychiatrists,Q2,1
https://openalex.org/W4399751552,Encouraging loyalty and defection: The impact of campaigns on tactical voting in Britain,"Q1, Q7, Q8, Q9",4
https://openalex.org/W4399754863,Antiglobalization sentiment: Exposure and immobility,"Q1, Q7, Q9, Q15",4
https://openalex.org/W4399757116,A conceptual review of uses and meanings of reproducibility and replication,"Q1, Q7, Q8, Q9, Q10",5
https://openalex.org/W4399762448,Reproducible Research Practices in Magnetic Resonance Neuroimaging: A Review Informed by Advanced Language Models,Q1,1
https://openalex.org/W4399784570,Optical-hidden-visual-cryptography-based spoofing tracking system,Q6,1
https://openalex.org/W4399793864,Reproducibility Report for the Paper: Follow the Leader: Alternating CPU/GPU Computations in PDES,Q5,1
https://openalex.org/W4399795273,GECOBench: a gender-controlled text dataset and benchmark for quantifying biases in explanations,Q3,1
https://openalex.org/W4399804826,Poseidon – A framework for archaeogenetic human genotype data management,Q1,1
https://openalex.org/W4399836888,ChaosMining: A Benchmark to Evaluate Post-Hoc Local Attribution Methods in Low SNR Environments,Q3,1
https://openalex.org/W4399849772,Using interactive Jupyter Notebooks and BioConda for FAIR and reproducible biomolecular simulation workflows,Q1,1
https://openalex.org/W4399871739,Single-Cell Transcriptomic and Targeted Genomic Profiling Adjusted for Inflammation and Therapy Bias Reveal CRTAM and PLCB1 as Novel Hub Genes for Anti-Tumor Necrosis Factor Alpha Therapy Response in Crohn’s Disease,Q2,1
https://openalex.org/W4399878738,PV Module<i>I</i><b>–</b><i>V</i>Models,Q6,1
https://openalex.org/W4399880449,"Computational Reproducibility in Finance: Evidence from 1,000 Tests","Q1, Q15",2
https://openalex.org/W4399886000,Integrated Mini-Pillar Platform for Wireless Real-Time Cell Monitoring,Q6,1
https://openalex.org/W4399897960,The politics of rejection: Explaining Chinese import refusals,"Q1, Q7, Q9, Q10",4
https://openalex.org/W4399911723,"Reproducibility in Machine Learning-based Research: Overview, Barriers and Drivers","Q1, Q3, Q7, Q8, Q10",5
https://openalex.org/W4399912296,Artifact Evaluation for Distributed Systems: Current Practices and Beyond,Q5,1
https://openalex.org/W4399913152,Prevalência e fatores de risco associados a dor lombar ocupacional crônica entre profissionais da área da saúde que atuam em nível hospitalar: Estudo exploratório,"Q2, Q13",2
https://openalex.org/W4399913763,Mesenchymal stem cells in orthopaedics: A systematic review of applications to practice,Q2,1
https://openalex.org/W4399924498,Uncertain times: The causal effects of coups on national income,"Q1, Q7, Q8, Q9, Q10, Q15",6
https://openalex.org/W4399925151,"Association between dietary niacin intake and lung function among American adults: A cross-sectional analysis from national health and nutrition examination survey, 2007–2012",Q2,1
https://openalex.org/W4399984926,Pulmonary Function Tests: Easy Interpretation in Three Steps,Q2,1
https://openalex.org/W4399991297,NAVSIM: Data-Driven Non-Reactive Autonomous Vehicle Simulation and Benchmarking,Q4,1
https://openalex.org/W4400023404,Non-Equilibrium Noise in V-Shape Linear Well Profiles,Q1,1
https://openalex.org/W4400024836,EFECT: A Method to Quantify the Reproducibility of Stochastic Simulations,"Q1, Q7, Q15",3
https://openalex.org/W4400095265,Automated Reproducibility Testing in R Markdown,"Q1, Q6",2
https://openalex.org/W4400105771,Out-of-Anatolia: cultural and genetic interactions during the Neolithic expansion in the Aegean,Q3,1
https://openalex.org/W4400131622,Providing context: Extracting non-linear and dynamic temporal motifs from brain activity,Q1,1
https://openalex.org/W4400159300,"Reduce, reuse, recycle: Introducing <scp>MetaPipeX</scp>, a framework for analyses of multi‐lab data","Q1, Q8",2
https://openalex.org/W4400190764,A framework for evaluating reproducibility and replicability in economics,"Q1, Q7",2
https://openalex.org/W4400190930,From lab to industrial development of lipid nanocarriers using quality by design approach,Q4,1
https://openalex.org/W4400203469,MDverse: Shedding Light on the Dark Matter of Molecular Dynamics Simulations,Q3,1
https://openalex.org/W4400220542,Quality in Question: Assessing the accuracy of four heart rate wearables and the implications for psychophysiological research.,Q1,1
https://openalex.org/W4400247056,Preregistration specificity and adherence: A review of preregistered gambling studies and cross-disciplinary comparison,Q6,1
https://openalex.org/W4400267206,SBOM.EXE: Countering Dynamic Code Injection based on Software Bill of Materials in Java,Q6,1
https://openalex.org/W4400282592,Measuring transparency in the social sciences: political science and international relations,"Q1, Q7, Q8, Q9",4
https://openalex.org/W4400329903,"OUTPUT ENGRAVING OF THE ""APOSTLE"" IVAN FEDOROV, 1564: SCRIBE OR TYPESETTER?",Q6,1
https://openalex.org/W4400341481,"Open Data In Neurophysiology: Advancements, Solutions & Challenges.",Q1,1
https://openalex.org/W4400349861,Early symptom-associated inflammatory responses shift to type 2 responses in controlled human schistosome infection,Q3,1
https://openalex.org/W4400350902,Inter-Modality Source Coupling: A Fully-Automated Whole-Brain Data-Driven Structure-Function Fingerprint Shows Replicable Links to Reading in a Large-Scale (N∼8K) Analysis,Q1,1
https://openalex.org/W4400376461,FairJob: A Real-World Dataset for Fairness in Online Systems,Q3,1
https://openalex.org/W4400434258,Towards reproducible machine learning-based process monitoring and quality prediction research for additive manufacturing,"Q2, Q3, Q4",3
https://openalex.org/W4400455626,Application of the endoscope in the motor vehicle tests,Q2,1
https://openalex.org/W4400461087,Development and application of an algae multi-metric index to inform ecologically relevant nitrogen reduction targets,Q2,1
https://openalex.org/W4400474909,Long-read RNA sequencing reveals allele-specific N <sup>6</sup> -methyladenosine modifications,Q1,1
https://openalex.org/W4400481976,Consensus Guidelines of Irreversible Electroporation for Pancreatic Tumors: Protocol Standardization Using the Modified Delphi Technique,Q2,1
https://openalex.org/W4400513259,Synthesis of sexual selection: a systematic map of meta‐analyses with bibliometric analysis,Q1,1
https://openalex.org/W4400519511,Evaluating Tools for Enhancing Reproducibility in Computational Scientific Experiments,"Q1, Q15",2
https://openalex.org/W4400519732,Reproscreener: Leveraging LLMs for Assessing Computational Reproducibility of Machine Learning Pipelines,Q1,1
https://openalex.org/W4400528436,Resources for Combining Teaching and Research in Information Retrieval Coursework,Q1,1
https://openalex.org/W4400529599,"Rejoinder to Discussion of ""Data Science at the Singularity""","Q1, Q7",2
https://openalex.org/W4400533653,Detection and Classification of Voltage Disturbances in Electrical Power Systems Based on Multiresolution Analysis and Negative Selection Algorithm,"Q1, Q15",2
https://openalex.org/W4400580907,Efficient Tensor-Product Spectral-Element Operators with the Summation-by-Parts Property on Curved Triangles and Tetrahedra,Q5,1
https://openalex.org/W4400582512,Revisiting Mac-2-Binding Protein Glycosylation Isomer (M2BPGi) for Diagnosing High-Risk Liver Fibrosis in Chronic Hepatitis B Patients: A Stepwise Diagnostic Analysis,Q3,1
https://openalex.org/W4400599084,Engineering biology and automation–Replicability as a design principle,"Q1, Q8",2
https://openalex.org/W4400611711,Leveraging GPT for the Generation of Multi-Platform Social Media Datasets for Research,"Q1, Q8",2
https://openalex.org/W4400672663,"Attribution of undesirable character traits, rather than trait-based dehumanization, predicts punishment decisions",Q1,1
https://openalex.org/W4400676736,Reproducibility does not imply reproduction,Q1,1
https://openalex.org/W4400678788,Big team science reveals promises and limitations of machine learning efforts to model the physiological basis of affective experience,Q1,1
https://openalex.org/W4400682640,The four possibilities of reproducible scientific computations,Q1,1
https://openalex.org/W4400685068,The low-hanging fruit in computational reproducibility,Q1,1
https://openalex.org/W4400704275,What is Reproducibility in Artificial Intelligence and Machine Learning Research?,Q2,1
https://openalex.org/W4400720182,Benchmarking quantum computers: towards a standard performance evaluation approach,Q2,1
https://openalex.org/W4400738117,The impact of insect herbivory on biogeochemical cycling in broadleaved forests varies with temperature,Q1,1
https://openalex.org/W4400770804,Ten simple rules for building and maintaining a responsible data science workflow,"Q1, Q3, Q7, Q8, Q10, Q15",6
https://openalex.org/W4400772469,Direct observation correlates NFκB cRel in B cells with activating and terminating their proliferative program,Q1,1
https://openalex.org/W4400773499,"<i>h</i>HEPATO-Cy5, a Bimodal Tracer for Image-Guided Hepatobiliary Surgery",Q3,1
https://openalex.org/W4400788009,Household Income and Offspring Education Explain Blacks’ Diminished Returns of Parental Education,"Q1, Q7, Q8",3
https://openalex.org/W4400798894,NetPointLib: Library for Large-Scale Spatial Network Point Data Fusion and Analysis,Q1,1
https://openalex.org/W4400895769,ANALISIS KELAYAKAN MODEL BIOMEDIS EKSPERIMENTAL PADA KASUS DIABETES MELLITUS MENGGUNAKAN MODEL ORGANISME IKAN ZEBRA (Danio rerio),Q6,1
https://openalex.org/W4400900202,A contemporary approach to research and statistics in psychology,"Q1, Q7",2
https://openalex.org/W4400929566,"An overview of the replicability, generalizability and practical relevance of eyewitness testimony research in the <i>Journal of Criminal Psychology</i>","Q1, Q8",2
https://openalex.org/W4400947396,Hackathon proceedings for: Perspectives on Scientific Error–Coordinating Quality Control in Practice,"Q1, Q7, Q10",3
https://openalex.org/W4400952306,Open Science,Q1,1
https://openalex.org/W4400988072,"Update of the MCRA platform: enhancing data connectivity, security, interoperability, and accessibility",Q4,1
https://openalex.org/W4401008577,SPyRiT 3.0: an open source package for single-pixel imaging based on deep learning,Q1,1
https://openalex.org/W4401043032,SharpSeq: Empowering Continual Event Detection through Sharpness-Aware Sequential-task Learning,Q3,1
https://openalex.org/W4401074533,The Optical Corrector for the Dark Energy Spectroscopic Instrument,Q4,1
https://openalex.org/W4401117030,Heterogeneity in effect size estimates,"Q1, Q7, Q8, Q15",4
https://openalex.org/W4401155073,"Population neuroscience data sharing: Policy ecology, infrastructure, practices and challenges",Q1,1
https://openalex.org/W4401168754,Upscaling the production of sterile male mosquitoes with an automated pupa sex sorter,Q3,1
https://openalex.org/W4401191216,Wrinkling of fluid deformable surfaces,Q1,1
https://openalex.org/W4401201491,GPT Deciphering Fedspeak: Quantifying Dissent Among Hawks and Doves,"Q1, Q7, Q8, Q9, Q10, Q15",6
https://openalex.org/W4401219854,Causal Inference for Dummies: A Tutorial on Directed Acyclic Graphs and Balancing Weights,"Q1, Q7, Q8, Q10",4
https://openalex.org/W4401231426,Patent data-driven analysis of literature associations with changing innovation trends,"Q1, Q7",2
https://openalex.org/W4401317992,Systematic multi-trait AAV capsid engineering for efficient gene delivery,Q6,1
https://openalex.org/W4401319457,Extraction d'informations sur les workflows scientifiques à partir de la littérature,"Q1, Q10",2
https://openalex.org/W4401335572,"From Design to Device: Challenges and Opportunities in Computational Discovery of <mml:math xmlns:mml=""http://www.w3.org/1998/Math/MathML"" display=""inline"" overflow=""scroll""><mml:mi>p</mml:mi></mml:math>-Type Transparent Conductors",Q1,1
https://openalex.org/W4401374644,Situational crime analysis of poaching within Territorial Use Rights Fisheries (TURFs),Q2,1
https://openalex.org/W4401384909,A template and tutorial for preregistering studies using passive smartphone measures,Q1,1
https://openalex.org/W4401387166,Semisynthetic guanidino lipoglycopeptides with potent in vitro and in vivo antibacterial activity,Q3,1
https://openalex.org/W4401429773,"Computational and robustness reproducibility of ""UN Peacekeeping and Democratization in Conflict-Affected Countries""","Q1, Q7, Q9",3
https://openalex.org/W4401452753,Evaluating variable selection methods for multivariable regression models: A simulation study protocol,Q1,1
https://openalex.org/W4401464022,Genomic reproducibility in the bioinformatics era,Q1,1
https://openalex.org/W4401484392,Markers of Futile Resuscitation in Traumatic Hemorrhage: A Review of the Evidence and a Proposal for Futility Time-Outs during Massive Transfusion,Q2,1
https://openalex.org/W4401501744,Sharing practices of software artefacts and source code for reproducible research,"Q1, Q7, Q8",3
https://openalex.org/W4401520495,Static analysis driven enhancements for comprehension in machine learning notebooks,Q1,1
https://openalex.org/W4401549365,Barchan‐Barchan Dune Repulsion Investigated at the Grain Scale,Q1,1
https://openalex.org/W4401573198,"Absorption Intensities of Organic Molecules from Electronic Structure Calculations versus Experiments: the Effect of Solvation, Method, Basis Set, and Transition Moment Gauge",Q1,1
https://openalex.org/W4401574681,Investigating the computational reproducibility of Neurodesk,Q1,1
https://openalex.org/W4401580043,An Empirical Consistent Redshift Bias: A Possible Direct Observation of Zwicky’s TL Theory,Q1,1
https://openalex.org/W4401581953,A Novel Approach for Farmland Size Estimation in Small-Scale Agriculture Using Edge Counting and Remote Sensing,Q4,1
https://openalex.org/W4401584732,Analysis for integrated energy system: Benchmarking methods and implementation,Q6,1
https://openalex.org/W4401664869,Plume and wall temperature impact on the subsonic aft-body flow of a generic space launcher geometry,Q1,1
https://openalex.org/W4401694807,"Exploration, Distributed Attention, and Development of Category Learning","Q1, Q5",2
https://openalex.org/W4401694891,Systematic review on the impact of exercise on intraocular pressure in glaucoma patients,Q2,1
https://openalex.org/W4401700552,RNA extended interventional nucleic acid longitudinal study: Clinical performance of Aptima messenger RNA HPV testing in cervical cancer screening with a 9‐year follow‐up,Q2,1
https://openalex.org/W4401709731,"Tactics of just, equitable, diverse, and inclusive scientific research","Q1, Q7, Q8, Q10",4
https://openalex.org/W4401789539,"Trusted Computations, Verified &amp; Validated: Better, Faster &amp; Cheaper",Q4,1
https://openalex.org/W4401793536,"Artificial intelligence, machine learning, and reproducibility in stroke research",Q1,1
https://openalex.org/W4401799121,UK Reproducibility Network open and transparent research practices survey dataset,"Q1, Q8",2
https://openalex.org/W4401807546,Identification of the mode of evolution in incomplete carbonate successions,Q1,1
https://openalex.org/W4401853340,Why Do Scientific Workflows Still Break?,Q1,1
https://openalex.org/W4401855362,promptr: Format and Complete Few-Shot LLM Prompts,"Q1, Q8, Q9",3
https://openalex.org/W4401865474,Perspectives on IoT-oriented network simulation systems,Q4,1
https://openalex.org/W4401870024,Computational methods and biomarker discovery strategies for spatial proteomics: a review in immuno-oncology,Q1,1
https://openalex.org/W4401894621,Measuring and reducing the carbon footprint of <scp>fMRI</scp> preprocessing in <scp>fMRIPrep</scp>,Q1,1
https://openalex.org/W4401970385,Code sharing in ecology and evolution increases citation rates but remains uncommon,"Q1, Q7",2
https://openalex.org/W4401978576,Verification of Machine Unlearning is Fragile,Q6,1
https://openalex.org/W4401981660,Challenges and practices of deep learning model reengineering: A case study on computer vision,Q3,1
https://openalex.org/W4401996468,Use it or lose it: Facilitating the use of interactive data apps in psychological research data sharing,Q1,1
https://openalex.org/W4402055054,Factors associated with medication non-adherence among patients with heart failure,Q6,1
https://openalex.org/W4402178397,Long-term Major Adverse Cardiac Event Prediction by Computed Tomography-derived Plaque Measures and Clinical Parameters Using Machine Learning,Q1,1
https://openalex.org/W4402198571,Exploring the Impact of COVID-19 on Cervical Cancer Screening Services: A Qualitative Study of Healthcare Providers’ and Women’s Perspectives and Experiences,Q2,1
https://openalex.org/W4402271078,Using Large Language Models for Microbiome Findings Reports in Laboratory Diagnostics,Q4,1
https://openalex.org/W4402284868,Sharing Is Caring? International Society for Pharmacoepidemiology Review and Recommendations for Sharing Programming Code,Q1,1
https://openalex.org/W4402314395,Implications of Airway Resistance and Conductance on the Respiratory Rate in individuals With Various Nutritional States Exposed To Exercise,Q2,1
https://openalex.org/W4402314542,ReproduceMe: Lessons from a pilot project on computational reproducibility,Q1,1
https://openalex.org/W4402322739,The ARRIVE 2.0 Guidelines: Importance and Full Adoption by AALAS Journals,Q1,1
https://openalex.org/W4402331891,Space-based observations of tropospheric ethane map emissions from fossil fuel extraction,Q1,1
https://openalex.org/W4402335866,Patients Undergoing Revision Hip Arthroscopy With Labral Reconstruction or Labral Repair and Patient-Reported Outcomes: A Systematic Review,Q2,1
https://openalex.org/W4402336147,Unlocking biomedical data sharing: A structured approach with digital twins and artificial intelligence (AI) for open health sciences,Q1,1
https://openalex.org/W4402343763,The ARRIVE 2.0 Guidelines: Importance and Full Adoption by AALAS Journals,Q1,1
https://openalex.org/W4402355780,A posteriori error estimate for contact problems in porous media,Q5,1
https://openalex.org/W4402390568,Familial severe skeletal Class II malocclusion with gingival hyperplasia caused by a complex structural rearrangement at the KCNJ2-KCNJ16 locus,Q1,1
https://openalex.org/W4402396899,Outcomes of Endoscopic Endonasal Surgery for Tuberculum Sellae and Planum Sphenoidale Meningiomas: A Retrospective Study,Q2,1
https://openalex.org/W4402397014,The economic roots of cross‐national similarity in voter preferences,"Q1, Q7, Q8, Q9, Q15",5
https://openalex.org/W4402397580,Sum rules &amp; Tauberian theorems at finite temperature,Q1,1
https://openalex.org/W4402410729,Six and twelve-month respiratory outcomes in a cohort of severe and critical COVID-19 survivors: A prospective monocentric study in Latin America,Q2,1
https://openalex.org/W4402412093,Lethal Borna disease virus 1 infections of humans and animals – in-depth molecular epidemiology and phylogeography,Q2,1
https://openalex.org/W4402427127,Buoyancy induced motion of a Newtonian drop in elastoviscoplastic materials,Q1,1
https://openalex.org/W4402450413,IAT/ML: a metamodel and modelling approach for discourse analysis,Q4,1
https://openalex.org/W4402465891,Recherche Reproductible : Comment les outils informatiques et le calcul scientifique impactent bien des disciplines,"Q1, Q15",2
https://openalex.org/W4402473670,Ten simple rules for training scientists to make better software,"Q1, Q7",2
https://openalex.org/W4402476037,Rigour and reproducibility redux,Q4,1
https://openalex.org/W4402502249,HiAgent: Hierarchical Working Memory Management for Solving Long-Horizon Agent Tasks with Large Language Model,Q3,1
https://openalex.org/W4402509967,Provide Proactive Reproducible Analysis Transparency with Every Publication,"Q1, Q7, Q8",3
https://openalex.org/W4402515536,"To democratize research with sensitive data, we should make synthetic data more accessible","Q1, Q8",2
https://openalex.org/W4402523826,GitHub is an effective platform for collaborative and reproducible laboratory research.,Q1,1
https://openalex.org/W4402544674,Collaborative Benchmarking Rule-Reasoners with B-Runner,Q1,1
https://openalex.org/W4402554328,Diffusion et promotion de la méthode scientifique et des sciences,"Q1, Q15",2
https://openalex.org/W4402557169,CRFlowLib — Chemically Reacting Flow Library,Q5,1
https://openalex.org/W4402557181,STONEHENGE — Suite for nonlinear analysis of energy harvesting systems,Q5,1
https://openalex.org/W4402563150,Force Fields for Deep Eutectic Mixtures: Application to Structure and 2D-Infrared Spectroscopy,Q1,1
https://openalex.org/W4402581955,ENCORE: a practical implementation to improve reproducibility and transparency of computational research,"Q1, Q15",2
https://openalex.org/W4402586643,The role of new inflammatory indices in the prediction of endoscopic and histological activity in inflammatory bowel disease patients,Q2,1
https://openalex.org/W4402592538,A deep intronic splice–altering <i>AIRE</i> variant causes APECED syndrome through antisense oligonucleotide-targetable pseudoexon inclusion,Q3,1
https://openalex.org/W4402593551,ARGX-119 is an agonist antibody for human MuSK that reverses disease relapse in a mouse model of congenital myasthenic syndrome,Q3,1
https://openalex.org/W4402605500,IMPLEMENTATION OF ACCEPTABILITY AND REPRODUCIBILITY CRITERIA IN INFANT OSCILLOMETRY,Q2,1
https://openalex.org/W4402618185,Computational Investigation on the formation of liquid-fueled oblique detonation waves,Q1,1
https://openalex.org/W4402671166,Self-Augmented In-Context Learning for Unsupervised Word Translation,Q3,1
https://openalex.org/W4402671955,When Good and Reproducible Results are a Giant with Feet of Clay: The Importance of Software Quality in NLP,Q3,1
https://openalex.org/W4402673562,Reproducibility in Named Entity Recognition: A Case Study Analysis,"Q1, Q3, Q5",3
https://openalex.org/W4402673977,Generative AI for Research Data Processing: Lessons Learnt From Three Use Cases,"Q1, Q15",2
https://openalex.org/W4402684015,Collaboration or Corporate Capture? Quantifying NLP’s Reliance on Industry Artifacts and Contributions,Q2,1
https://openalex.org/W4402692169,Clusters that are not there: An R tutorial and a Shiny app to quantify a priori inferential risks when using clustering methods,"Q1, Q8",2
https://openalex.org/W4402697236,The role of low/high- temperature chemistry in computationally reproducing flame stabilization modes of hydrogen-fueled supersonic combustion,Q1,1
https://openalex.org/W4402699768,A density ratio framework for evaluating the utility of synthetic data,"Q1, Q8",2
https://openalex.org/W4402706237,"Awes, Laws, and Flaws From Today's LLM Research",Q3,1
https://openalex.org/W4402736000,maxent.ot: Perform Phonological Analyses using Maximum Entropy Optimality Theory,"Q1, Q10",2
https://openalex.org/W4402788534,On the role of charge transfer excitations in non-fullerene acceptors for organic photovoltaics,Q1,1
https://openalex.org/W4402824908,Assessing computational reproducibility in Behavior Research Methods,"Q1, Q5, Q7, Q8",4
https://openalex.org/W4402839596,rix: Reproducible Data Science Environments with 'Nix',Q1,1
https://openalex.org/W4402840771,Toward High-Performance Electrochemical Ammonia Synthesis by Circumventing the Surface H-Mediated N <sub>2</sub> Reduction,Q3,1
https://openalex.org/W4402861302,Making Research Code Useful Paradata,"Q1, Q7",2
https://openalex.org/W4402876458,"Modeling of Macroscopic Dynamics in Three-Dimensional Plasma Configurations, Final Technical Report",Q1,1
https://openalex.org/W4402883132,Arsenic exposure is associated with elevated sweat chloride concentration and airflow obstruction among adults in Bangladesh: a cross sectional study,Q2,1
https://openalex.org/W4402889811,PTEN controls alternative splicing of autism spectrum disorder-associated transcripts in primary neurons,Q1,1
https://openalex.org/W4402953189,Enhancing Event Reasoning in Large Language Models through Instruction Fine-Tuning with Semantic Causal Graphs,Q3,1
https://openalex.org/W4402980326,Beyond nest size: the clinicopathological spectrum of large nested melanocytic tumours and the value of comparative genomic hybridisation and messenger RNA expression analysis,Q2,1
https://openalex.org/W4402994610,Digital data collection protocols and template design for an oral health survey of elite athletes in Ireland,Q1,1
https://openalex.org/W4403004250,A research agenda for GIScience in a time of disruptions,"Q1, Q7, Q8, Q9, Q10",5
https://openalex.org/W4403006324,Setting standards for data driven materials science,Q3,1
https://openalex.org/W4403007024,Dependable Classical-Quantum Computer Systems Engineering,Q1,1
https://openalex.org/W4403047690,Transparent reporting items for simulation studies evaluating statistical methods: Foundations for reproducibility and reliability,Q1,1
https://openalex.org/W4403052388,Confidence Intervals Uncovered: Are We Ready for Real-World Medical Imaging AI?,Q3,1
https://openalex.org/W4403100580,Ethical considerations in research when building predictive risk modelling in child and family welfare,Q4,1
https://openalex.org/W4403138995,Comprehensive Scoping Review on Body Image Perceptions and Influences in Children and Adolescents,Q2,1
https://openalex.org/W4403160761,Professionalising Community Management Roles in Interdisciplinary Research Projects,Q4,1
https://openalex.org/W4403165531,Toward widespread use of virtual trials in medical imaging innovation and regulatory science,Q1,1
https://openalex.org/W4403170179,Understanding Open-Source NLP Artifact Adoption Through Information Systems Success Factors,Q1,1
https://openalex.org/W4403172525,Dynamic death decisions: How mitochondrial dynamics shape cellular commitment to apoptosis and ferroptosis,Q4,1
https://openalex.org/W4403181752,Connecting algorithmic fairness to quality dimensions in machine learning in official statistics and survey production,"Q1, Q7, Q8, Q10",4
https://openalex.org/W4403190014,Real-time ray transfer for lens flare rendering using sparse polynomials,Q1,1
https://openalex.org/W4403191485,"Positive selection, genetic recombination, and intra-host evolution in novel equine coronavirus genomes and other members of the <i>Embecovirus</i> subgenus",Q1,1
https://openalex.org/W4403200203,<scp>SimpleMetaPipeline</scp> : Breaking the bioinformatics bottleneck in metabarcoding,Q1,1
https://openalex.org/W4403249398,Development of an evaluation method for addictive compounds based on electrical activity of human iPS cell‐derived dopaminergic neurons using microelectrode array,Q6,1
https://openalex.org/W4403276061,Conjugation of visual enhancers in lateral flow immunoassay for rapid forensic analysis: A critical review,Q2,1
https://openalex.org/W4403299215,Contextual cuing survives an interruption from an endogenous cue for attention,Q1,1
https://openalex.org/W4403301561,"Exploring the Association between Complexity of Care, Medical Complexity, and Length of Stay in the Paediatric Setting Using a Nursing Minimum Data Set: A Study Protocol",Q2,1
https://openalex.org/W4403313201,Mapping vulnerability for increased COVID-19 susceptibility and worse outcomes: a scoping review,Q2,1
https://openalex.org/W4403365410,Local superconformal algebras,Q1,1
https://openalex.org/W4403442800,The State of Reproducibility Stamps for Visualization Research Papers,"Q1, Q6",2
https://openalex.org/W4403446436,Human OX40L–CAR-T <sub>regs</sub> target activated antigen-presenting cells and control T cell alloreactivity,Q3,1
https://openalex.org/W4403451458,Gene signatures for cancer research: A 25-year retrospective and future avenues,Q1,1
https://openalex.org/W4403465289,Open source platform for Estonian speech transcription,Q1,1
https://openalex.org/W4403483525,"Digital Technologies Impact on Healthcare Delivery: A Systematic Review of Artificial Intelligence (AI) and Machine-Learning (ML) Adoption, Challenges, and Opportunities","Q1, Q7, Q15",3
https://openalex.org/W4403492279,A Case Study on the Reuse of Digital Archaeological Data: An Analysis of the Atlas of Hillforts of Britain and Ireland,"Q1, Q8, Q15",3
https://openalex.org/W4403508986,"MHConstructor: a high-throughput, haplotype-informed solution to the MHC assembly challenge","Q1, Q8",2
https://openalex.org/W4403514097,Corporate Demography and Wage Inequality: Revisited,"Q1, Q7, Q8, Q10, Q15",5
https://openalex.org/W4403524754,"Perceived problems, causes, and solutions of finance research reproducibility and replicability: A pre-registered report","Q1, Q7, Q8, Q14, Q15",5
https://openalex.org/W4403524896,CALIFRAME: a proposed method of calibrating reporting guidelines with FAIR principles to foster reproducibility of AI research in medicine,Q1,1
https://openalex.org/W4403543431,Asymmetry in Galaxy Spin Directions: A Fully Reproducible Experiment Using HSC Data,Q1,1
https://openalex.org/W4403574083,PMMT: Preference Alignment in Multilingual Machine Translation via LLM Distillation,Q3,1
https://openalex.org/W4403577224,Beyond Sequence: Impact of Geometric Context for RNA Property Prediction,Q6,1
https://openalex.org/W4403577439,Navigating the Landscape of Reproducible Research: A Predictive Modeling Approach,"Q1, Q3, Q5",3
https://openalex.org/W4403578128,HELM: Hierarchical Encoding for mRNA Language Modeling,Q6,1
https://openalex.org/W4403596478,Using Synthetic Data in Communication Sciences and Disorders to Promote Computational Reproducibility and Transparency,"Q1, Q11",2
https://openalex.org/W4403622096,R+R: Revisiting Static Feature-Based Android Malware Detection using Machine Learning,Q1,1
https://openalex.org/W4403622219,SUPER: Evaluating Agents on Setting Up and Executing Tasks from Research Repositories,Q1,1
https://openalex.org/W4403622416,"The emptiness formation probability, and representations for nonlocal correlation functions, of the 20-vertex model",Q1,1
https://openalex.org/W4403707291,CORE-Bench: Fostering the Credibility of Published Research Through a Computational Reproducibility Agent Benchmark,"Q1, Q7, Q8, Q9, Q15",5
https://openalex.org/W4403733650,Nonlinear Optics and Laser-Matter Interaction: Theoretical and Experimental Approaches,Q4,1
https://openalex.org/W4403739098,How common cryptic coral diversity can blur biodiversity metrics and challenge management,Q2,1
https://openalex.org/W4403748169,The Gaussian Discriminant Variational Autoencoder (GdVAE): A Self-Explainable Model with Counterfactual Explanations,Q3,1
https://openalex.org/W4403779023,Alternating carnivore and Neanderthal activities at Escoural Cave: insights from the taphonomic and machine learning analysis of leporid remains,Q1,1
https://openalex.org/W4403794819,Confidence intervals uncovered: Are we ready for real-world medical imaging AI?,Q3,1
https://openalex.org/W4403809199,DMC-VB: A Benchmark for Representation Learning for Control with Visual Distractors,Q3,1
https://openalex.org/W4403810018,Recommendations and tools to enable reproducibility in 2D materials research,"Q4, Q5",2
https://openalex.org/W4403814244,Navigating the Maize: cyclic and conditional computational graphs for molecular simulation,Q1,1
https://openalex.org/W4403815161,Beyond Prompts: Dynamic Conversational Benchmarking of Large Language Models,Q3,1
https://openalex.org/W4403852251,VISTA Enhancer browser: an updated database of tissue-specific developmental enhancers,Q2,1
https://openalex.org/W4403866586,Long-read RNA sequencing reveals allele-specific <i>N</i> <sup>6</sup> -methyladenosine modifications,Q1,1
https://openalex.org/W4403871445,Update to the <i>Journal of Water Resources Planning and Management</i> ’s Reproducible Results Policy,Q5,1
https://openalex.org/W4403882598,Mitigating Downstream Model Risks via Model Provenance,Q3,1
https://openalex.org/W4403890191,"The swash zone selects functionally specialized assemblages of beach interstitial meiofauna (Platyhelminthes, Proseriata)",Q3,1
https://openalex.org/W4403900564,"Mechanisms of Copper Selectivity and Release by the Metallochaperone CusF: Insights from CO-Binding, Rapid-Freeze-Quench EXAFS, and Unnatural Amino Acid Substitution",Q1,1
https://openalex.org/W4403919440,Introducing Reproducible Research Standards at the World Bank,"Q1, Q4, Q6, Q7, Q8",5
https://openalex.org/W4403920475,Applying the FAIR Principles to computational workflows,Q1,1
https://openalex.org/W4403965028,ULLME: A Unified Framework for Large Language Model Embeddings with Generation-Augmented Learning,Q3,1
https://openalex.org/W4403965473,Open science in agricultural economics,"Q1, Q7, Q8, Q9, Q10, Q15",6
https://openalex.org/W4403965746,From Words to Worth: Newborn Article Impact Prediction with LLM,Q3,1
https://openalex.org/W4403968273,Automatic detection of landslide impact areas using Google Earth Engine,Q4,1
https://openalex.org/W4404043800,Making PBPK models more reproducible in practice,Q2,1
https://openalex.org/W4404060118,Binocular integration of chromatic and luminance signals,Q1,1
https://openalex.org/W4404087980,Toward Generalizing Visual Brain Decoding to Unseen Subjects,Q1,1
https://openalex.org/W4404088213,Accelerate Coastal Ocean Circulation Model with AI Surrogate,Q1,1
https://openalex.org/W4404094906,Reviewability and supportability: New complementary principles to empower research software practices,"Q1, Q8",2
https://openalex.org/W4404096698,CPET vs PFTs for lung cancer surgery: which is a better indicator of pre-surgical functional status?,Q2,1
https://openalex.org/W4404100197,The clinical impact of obtaining a single acceptable gas transfer manoeuvre,Q2,1
https://openalex.org/W4404118449,"Improved Method for Sample Mixing, Handling and Analysis in High Water Cut Samples",Q4,1
https://openalex.org/W4404136150,"What do we mean when we talk about socioeconomic status? Implications for measurement, mechanisms and interventions from a critical review on adolescent mental health",Q1,1
https://openalex.org/W4404171592,Unintended Code Errors and Computational Reproducibility,Q1,1
https://openalex.org/W4404188002,GLAS: an open-source easily expandable Git-based scheduling architecture for integral lab automation,Q1,1
https://openalex.org/W4404240627,Extraction Methods for Brain Biopsy NMR Metabolomics: Balancing Metabolite Stability and Protein Precipitation,Q2,1
https://openalex.org/W4404282159,Long-term Follow-up Study for Fractured and Non-Fractured Hand Enchondromas Treated by Sole Curettage,Q2,1
https://openalex.org/W4404313305,Fine construction of gene coexpression network analysis using GTOM and RECODE detected a critical module of neuroblastoma stages 4 and 4S,Q6,1
https://openalex.org/W4404313585,EEG Based Decoding of the Perception and Regulation of Taboo Words,Q1,1
https://openalex.org/W4404314910,driftViewer: Optimization of drifter trajectory search and export of oceanographic parameters,Q5,1
https://openalex.org/W4404315878,Towards Reproducible Machine Learning-Based Process Monitoring and Quality Prediction Research for Additive Manufacturing,Q3,1
https://openalex.org/W4404318984,NA,Q1,1
https://openalex.org/W4404327340,Grading Melanocytic Dysplasia: Updated Histopathologic Criteria,Q2,1
https://openalex.org/W4404344970,Revealing Floating-Point Accumulation Orders in Software/Hardware Implementations,Q1,1
https://openalex.org/W4404346341,Exploring Gradient Subspaces: Addressing and Overcoming LoRA's Limitations in Federated Fine-Tuning of Large Language Models,Q3,1
https://openalex.org/W4404346649,Tiny Transformers Excel at Sentence Compression,Q2,1
https://openalex.org/W4404349273,Second-Generation Wide-Field Visualization Devices for 5-ALA–Induced Fluorescence and Concepts for Validation in Neurosurgery—A Systematic Review,Q2,1
https://openalex.org/W4404353316,"Show, Don't Tell: Learning Reward Machines from Demonstrations for Reinforcement Learning-Based Cardiac Pacemaker Synthesis",Q3,1
https://openalex.org/W4404358188,Legal Perspective on the Risk of Copyright Infringement by AI-Generated Contents in China,Q4,1
https://openalex.org/W4404372720,"Simulation studies for methodological research in psychology: A standardized template for planning, preregistration, and reporting.","Q1, Q5, Q8, Q10",4
https://openalex.org/W4404377812,Cryptic species and hybridisation in corals: challenges and opportunities for conservation and restoration,Q2,1
https://openalex.org/W4404395372,Usefulness of LLMs as an Author Checklist Assistant for Scientific Papers: NeurIPS'24 Experiment,Q2,1
https://openalex.org/W4404405369,Constructing Gaussian Processes via Samplets,Q1,1
https://openalex.org/W4404450509,Harnessing multiple LLMs for Information Retrieval: A case study on Deep Learning methodologies in Biodiversity publications,"Q1, Q15",2
https://openalex.org/W4404461233,"INdependenT prEscribinG in community phaRmAcy; whaT works for whom, why and in what circumstancEs (INTEGRATE): Realist review study protocol",Q2,1
https://openalex.org/W4404493628,Enzyme-constrained Metabolic Model of <i>Treponema pallidum</i> Identified Glycerol-3-phosphate Dehydrogenase as an Alternate Electron Sink,Q6,1
https://openalex.org/W4404495534,Smoking and outcomes in candidates for liver transplantation: Analysis of the Pulmonary Vascular Complications of Liver Disease 2 (PVCLD2),Q2,1
https://openalex.org/W4404526754,Исследование свойств водно-спиртовых эмульсий пищевых растительных масел с помощью мультисенсорной системы,Q2,1
https://openalex.org/W4404526774,Анализ нормативных документов по обеспечению единства измерений,Q2,1
https://openalex.org/W4404526849,Новейшие направления получения и переработки масложирового сырья в России. Сообщение 1. Роль капиллярно-пористой системы и локализации масла в клетке семени в технологиях переработки масличных семян,Q2,1
https://openalex.org/W4404527856,Оценка функциональных свойств пищевых волокон,Q2,1
https://openalex.org/W4404527880,Получение салатного масла и хлебопекарного жира с использованием переэтерификации хлопкового масла,Q2,1
https://openalex.org/W4404527898,Разработка методики определения содержания свободной влаги в твердом мыле на натуральной жировой основе,Q2,1
https://openalex.org/W4404527899,Новейшие направления получения и переработки масложирового сырья в России. Сообщение 2. Климато-географические перспективы развития сырьевой базы масложирового сырья,Q2,1
https://openalex.org/W4404528002,"К вопросу изучения структуры маслосодержащих семян, полупродуктов их переработки и о методах ее изучения",Q2,1
https://openalex.org/W4404552500,Functional R code is rare in species distribution and abundance papers,"Q1, Q9, Q14",3
https://openalex.org/W4404563997,Delayed low-dose oral administration of 4′-fluorouridine inhibits pathogenic arenaviruses in animal models of lethal disease,Q3,1
https://openalex.org/W4404569859,Revisiting Scattering Enhancement from the Aharonov-Bohm Effect,Q1,1
https://openalex.org/W4404570307,An Empirical Investigation on the Challenges in Scientific Workflow Systems Development,"Q1, Q9",2
https://openalex.org/W4404573731,Explicit construction of the maximal subgroups of the Monster,Q1,1
https://openalex.org/W4404577231,Reproducibility and Replicability in Neuroimaging: Constrained IVA as an Effective Assessment Tool,Q1,1
https://openalex.org/W4404631424,Replication code availability over time and across fields: Evidence from the German Socio‐Economic Panel,"Q1, Q7, Q8, Q9, Q10, Q14, Q15",7
https://openalex.org/W4404689335,"OVD-SaaS: Online Verifiable Data Science as a Service, an Architecture of Microservices for Industrial Artificial-Intelligence Applications: Architecture and Study Cases","Q1, Q5, Q6, Q15",4
https://openalex.org/W4404707756,Microscopic Investigation of Granular Materials in Filter Layer Based on LBM-DEM Method,Q6,1
https://openalex.org/W4404751035,"Artifact Evaluations as Authors and Reviewers : Lessons, Questions, and Frustrations",Q5,1
https://openalex.org/W4404782480,Diversity Over Size: On the Effect of Sample and Topic Sizes for Topic-Dependent Argument Mining Datasets,Q2,1
https://openalex.org/W4404783317,SUPER: Evaluating Agents on Setting Up and Executing Tasks from Research Repositories,Q1,1
https://openalex.org/W4404783460,Reproducibility Signals in Science: A preliminary analysis,Q5,1
https://openalex.org/W4404790370,PIWIL genes in hepatocellular carcinoma: a multi-omics approach uncovering dysregulated expression and ceRNA networks in mice,Q1,1
https://openalex.org/W4404816283,Validation of Light–Ion Quantum Molecular Dynamics (LIQMD) model for hadron therapy,Q1,1
https://openalex.org/W4404898172,"BCPT perspectives on studies involving natural products, traditional Chinese medicine and systems pharmacology",Q1,1
https://openalex.org/W4404906065,Evaluating the Reproducibility and Verifiability of Nutrition Research: A Case Study of Studies Assessing the Relationship Between Potatoes and Colorectal Cancer,"Q1, Q7, Q9",3
https://openalex.org/W4404923512,Computational reproducibility in computational social science,"Q1, Q8",2
https://openalex.org/W4404933029,"The Multi-Feature Tagger of English (MFTE): Rationale, description and evaluation","Q1, Q11",2
https://openalex.org/W4404948414,"Accuracy, Reproducibility, and Responsiveness to Treatment of Home Spirometry in Cystic Fibrosis: Multicenter, Retrospective, Observational Study (Preprint)",Q2,1
https://openalex.org/W4404961080,Evaluating instruments to assess spinal health knowledge in adolescents aged 14–17: a scoping review,Q2,1
https://openalex.org/W4404975200,Analysis and Evaluation of Open Source Scientific Entity Datasets,Q3,1
https://openalex.org/W4404986280,Deep Learning-Based Automatic Delineation of Liver Domes in kV Triggered Images for Online Breath-hold Reproducibility Verification of Liver Stereotactic Body Radiation Therapy,Q6,1
https://openalex.org/W4404986969,"Kalkayotl 2.0 Bayesian phase-space modelling of star-forming regions, stellar associations, and open clusters",Q2,1
https://openalex.org/W4405030204,Extracting Information in a Low-resource Setting: Case Study on Bioinformatics Workflows,"Q1, Q10",2
https://openalex.org/W4405032675,On existence and properties of roots of third Painlevé' transcendents,Q1,1
https://openalex.org/W4405036842,Retrofitting XoM for Stripped Binaries without Embedded Data Relocation,Q5,1
https://openalex.org/W4405084327,Software sustainability of global impact models,"Q1, Q7",2
https://openalex.org/W4405090827,Streaming Detection of Queried Event Start,Q3,1
https://openalex.org/W4405094689,"Transparency in epidemiological analyses of cohort data - A case study of the Norwegian Mother, Father, and Child cohort study (MoBa)","Q1, Q8",2
https://openalex.org/W4405098557,Fight and flight: Behavioural drivers and evolutionary consequences of resource competition in birds,Q1,1
https://openalex.org/W4405157016,The <i>tesselle</i> Project: A Collection of R Packages for Research and Teaching in Archaeology,Q1,1
https://openalex.org/W4405195139,Introduction to Methods for Analyzing Large Neuroimaging Datasets,Q1,1
https://openalex.org/W4405252353,A blockchain-based unified PID with applications in healthcare,Q5,1
https://openalex.org/W4405263290,Predicted deleterious mutations reveal the genomic mechanisms underlying fitness variation in a lekking bird,Q1,1
https://openalex.org/W4405263645,Systematically Examining Reproducibility: A Case Study for High Throughput Sequencing using the PRIMAD Model and BioCompute Object,"Q1, Q5, Q8",3
https://openalex.org/W4405268297,Fast Track to Winning Tickets: Repowering One-Shot Pruning for Graph Neural Networks,Q3,1
https://openalex.org/W4405301758,"Where are my data? The AFFORD workflow to create your own data index with Git, R and Quarto","Q1, Q8",2
https://openalex.org/W4405317846,Improving the reproducibility and reporting quality of search strategies in biomedical systematic reviews,"Q1, Q8",2
https://openalex.org/W4405354153,Learning Physics Informed Neural ODEs With Partial Measurements,Q3,1
https://openalex.org/W4405355280,Solving Multiagent Path Finding on Highly Centralized Networks,Q3,1
https://openalex.org/W4405370268,Exploring mobility of care with measures of accessibility,Q1,1
https://openalex.org/W4405388951,Digital Archaeology: A Review of the Application of Information Technology in Archaeological Data Management and Analysis,Q1,1
https://openalex.org/W4405412189,Chronic wound management: a liquid diode-based smart bandage with ultrasensitive pH sensing ability,Q6,1
https://openalex.org/W4405425226,Notebook and Open science : toward more FAIR play,"Q1, Q8, Q10",3
https://openalex.org/W4405462187,Prevalence of transparency and reproducibility-related research practices in music psychology (2017–2022),"Q1, Q8",2
https://openalex.org/W4405533101,Human and animal brucellosis and risk factors for human infection in Ethiopia: a systematic review and meta-analysis (2015–2024),"Q2, Q12",2
https://openalex.org/W4405549620,"Validation of a didactic model evaluating the usability, usefulness and acceptability of psychological first aid teaching through simulation",Q2,1
https://openalex.org/W4405561548,The Open Source Advantage in Large Language Models (LLMs),"Q1, Q15",2
https://openalex.org/W4405563170,Comment on Frommlet and Heinze (2021): Correcting the error degrees of freedom,Q1,1
https://openalex.org/W4405614602,"Association between Arterial Stiffness, Carbamylation, and Mortality in Patients Undergoing Coronary Angiography with No or Mild Chronic Kidney Disease",Q2,1
https://openalex.org/W4405621895,Multi-Task Curriculum Graph Contrastive Learning with Clustering Entropy Guidance,Q3,1
https://openalex.org/W4405622320,TRRG: Towards Truthful Radiology Report Generation With Cross-modal Disease Clue Enhanced Large Language Model,Q3,1
https://openalex.org/W4405622328,Comment on essd-2024-366,"Q1, Q15",2
https://openalex.org/W4405626862,Euclidean teleparallel relativity and black hole partition functions,Q1,1
https://openalex.org/W4405627057,Designing Human and Generative AI Collaboration,Q3,1
https://openalex.org/W4405637898,Methods to normalize surface electromyography in respiratory muscles: Is it similar between amyotrophic lateral sclerosis and healthy people?,Q2,1
https://openalex.org/W4405647389,Docker vs. Kubernetes on Google Cloud Platform for Cost-Effective Spring Boot Deployments,Q1,1
https://openalex.org/W4405652755,Commentary on “Consumed by Creed”,Q1,1
https://openalex.org/W4405694084,An overview of proactive monitoring and management of respiratory issues in ataxia-telangiectasia in a specialist and shared care pediatric clinic,Q2,1
https://openalex.org/W4405708996,Toward the validation of crowdsourced experiments for lightness perception,Q6,1
https://openalex.org/W4405733920,A new deadweight force standard machine for classifying C6 load cells under temperature conditions,Q4,1
https://openalex.org/W4405734082,Prevalence of Transparent Research Practices in Psychology: A Cross-Sectional Study of Empirical Articles Published in 2022,"Q1, Q8",2
https://openalex.org/W4405760857,"Peer Review Report For: INdependenT prEscribinG in community phaRmAcy; whaT works for whom, why and in what circumstancEs (INTEGRATE): Realist review study protocol [version 1; peer review: 3 approved]",Q2,1
https://openalex.org/W4405782872,Honest Computing: achieving demonstrable data lineage and provenance for driving data and process-sensitive policies,"Q1, Q15",2
https://openalex.org/W4405782879,A Validation Framework for Bulk Distribution Logistics Simulation Models,"Q1, Q7, Q8, Q15",4
https://openalex.org/W4405783381,The Unreasonable Effectiveness of Open Science in AI: A Replication Study,"Q1, Q3, Q7, Q8",4
https://openalex.org/W4405783736,Neural Conformal Control for Time Series Forecasting,Q3,1
https://openalex.org/W4405829181,What Would You Say? Estimating Causal Effects of Social Context on Political Expression,"Q1, Q8, Q9, Q10",4
https://openalex.org/W4405836100,Introducing <tt>maxent.ot</tt> : an R package for Maximum Entropy constraint grammars,"Q1, Q10",2
https://openalex.org/W4405852096,"Multilanguage Word Embeddings for Social Scientists: Estimation, Inference, and Validation Resources for 157 Languages","Q1, Q9",2
https://openalex.org/W4405867014,Improving Reproducibility in AI Research: Four Mechanisms Adopted by JAIR,"Q3, Q5",2
https://openalex.org/W4405912405,Implementing Open Science Principles in Ukrainian Legislation: European Experiences and National Specificities,"Q1, Q8, Q10",3
https://openalex.org/W4405923383,Numerical simulation of bubble deformation and breakup under simple linear shear flows,Q1,1
https://openalex.org/W4405944442,"Evaluation of Ocular Irritation Sensitivity: Implications of Clinical Parameters, Pain Sensitivity, and Tear Neuromediator Profiles",Q2,1
https://openalex.org/W4405947478,Hematological Side Effects of 177Lu-DOTA-TATE Therapy in Patients with NENs,Q2,1
https://openalex.org/W4405950327,Prediction of axillary lymph node metastasis in breast cancer using an ultrasonic feature- and clinical data-based model,Q6,1
https://openalex.org/W4405966684,Artificial Embodied Circuits Uncover Neural Architectures of Vertebrate Visuomotor Behaviors,Q1,1
https://openalex.org/W4405986545,Intracellular pressure controls the propagation of tension in crumpled cell membranes,Q1,1
https://openalex.org/W4405995530,Gender Equality in Sustainability Reporting: A Systematic Literature Review,"Q2, Q12, Q13",3
https://openalex.org/W4406028004,NEK7 phosphorylation amplifies NLRP3 inflammasome activation downstream of potassium efflux and gasdermin D,Q3,1
https://openalex.org/W4406049359,Mortality Risk Prediction Models for People With Kidney Failure,Q6,1
https://openalex.org/W4406066576,"Are Psychologists Ready for Stricter Journal Policies on Open Science? Insights into Pre-registration, Data Sharing, and Open Peer Review Across Tenure and Methodology","Q1, Q8, Q9, Q10",4
https://openalex.org/W4406067766,A survey on point-of-interest recommendations leveraging heterogeneous data,Q6,1
https://openalex.org/W4406068109,Deep learning for automated spinopelvic parameter measurement from radiographs: a meta-analysis,Q3,1
https://openalex.org/W4406079296,Nextflow4MS-DIAL: A Reproducible Nextflow-Based Workflow for Liquid Chromatography–Mass Spectrometry Metabolomics Data Processing,Q1,1
https://openalex.org/W4406084327,"Peer Review Report For: INdependenT prEscribinG in community phaRmAcy; whaT works for whom, why and in what circumstancEs (INTEGRATE): Realist review study protocol [version 1; peer review: 3 approved]",Q2,1
https://openalex.org/W4406088121,Risky-Choice Framing Effects Result Partly from Mismatched Option Descriptions in Gains and Losses,"Q1, Q5, Q8, Q10",4
https://openalex.org/W4406104158,Explainable Self-Organizing Artificial Intelligence Captures Landscape Changes Correlated with Human Impact Data,"Q1, Q8",2
https://openalex.org/W4406135954,Error report for Lades et al. (2020),Q1,1
https://openalex.org/W4406142142,"Constructions, Bounds, and Algorithms for Peaceable Queens",Q5,1
https://openalex.org/W4406152270,The effects of group affiliation vs. individuating information on direct and indirect measures of the evaluation of novel individual group members,Q1,1
https://openalex.org/W4406153425,Role of Serum Biomarkers in the Assessment of Traumatic Brain Injury,Q4,1
https://openalex.org/W4406154221,The imperative for reproducibility in building performance simulation research,Q1,1
https://openalex.org/W4406160057,Fracture load of feldspar ceramic crowns: effects of surface treatments and aging,Q1,1
https://openalex.org/W4406175245,Accelerating social science knowledge production with the coordinated open-source model,"Q1, Q7, Q8, Q9, Q10, Q15",6
https://openalex.org/W4406188707,"Harnessing the potential of human induced pluripotent stem cells, functional assays and machine learning for neurodevelopmental disorders",Q1,1
https://openalex.org/W4406237813,Ten simple rules for good model-sharing practices,"Q1, Q7, Q8, Q9",4
https://openalex.org/W4406241735,Freshwater fish community assessment using eDNA metabarcoding vs. capture-based methods: differences in efficiency and resolution coupled to habitat and ecology,Q2,1
https://openalex.org/W4406245450,NA,Q2,1
https://openalex.org/W4406246872,Incised stone artefacts from the Levantine Middle Palaeolithic and human behavioural complexity,Q1,1
https://openalex.org/W4406248084,A multi-method comparison of body volume and body fat in healthy adults: source of caution for interchangeability of techniques,Q2,1
https://openalex.org/W4406288424,City-level emergy metabolism accounts for China’s 281 cities from 2000 to 2020,Q1,1
https://openalex.org/W4406335777,The pitfalls of “Open Science”,"Q1, Q8, Q10, Q15",4
https://openalex.org/W4406357037,Re-SearchTerms: A Shiny app for navigating open scholarship terms,"Q1, Q8",2
https://openalex.org/W4406376150,Obesity-Related Chronic Kidney Disease: From Diagnosis to Treatment,Q2,1
https://openalex.org/W4406376809,How to train your stochastic parrot: large language models for political texts,"Q1, Q8, Q9",3
https://openalex.org/W4406377003,Measuring the Reproducibility of Scientific Research Based on Computing Environment Provisioning Methods (SDG),Q1,1
https://openalex.org/W4406406184,"Reproducible research policies and software/data management in scientific computing journals: a survey, discussion, and perspectives","Q1, Q2, Q3, Q5, Q7, Q8, Q12, Q13, Q15",9
https://openalex.org/W4406425321,Using consumer wearables to estimate physical activity of nursing home residents with dementia,Q1,1
https://openalex.org/W4406435382,A decade on: Reflecting on the limitations of the first meta-analysis of the Implicit Relational Assessment Procedure's (IRAP) criterion validity in the clinical domain,Q1,1
https://openalex.org/W4406438108,Academic Access to Social Media Data for the Study of Political Online Safety,"Q1, Q7, Q8, Q9, Q10, Q15",6
https://openalex.org/W4406438702,Signal combination in vibration perception,Q1,1
https://openalex.org/W4406462477,An unusual chiral-at-metal mechanism for BINOL-metal asymmetric catalysis,Q1,1
https://openalex.org/W4406473311,Improving the reproducibility in geoscientific papers: lessons learned from a Hackathon in climate science,"Q1, Q7, Q8, Q9",4
https://openalex.org/W4406536594,"Sign-Congruence, External Validity, and Replication","Q1, Q7, Q8, Q9",4
https://openalex.org/W4406536920,Knowledge Sharing in Swarms Realized by Artificially Empathetic Communication,Q6,1
https://openalex.org/W4406567834,Reproducibility in medical image computing: what is it and how is it assessed?,"Q3, Q4",2
https://openalex.org/W4406580103,A framework for assessing the computational reproducibility of geo-simulation experiments,Q1,1
https://openalex.org/W4406606920,Error report for: Hehman et al. (2018).,"Q1, Q8",2
https://openalex.org/W4406616963,Investigating Research Software Engineering: Toward RSE Research,Q4,1
https://openalex.org/W4406624703,From Policy to Practice: Progress towards Data- and Code-Sharing in Ecology and Evolution,Q1,1
https://openalex.org/W4406662808,Shutter-Synchronized Molecular Beam Epitaxy for Wafer-Scale Homogeneous GaAs and Telecom Wavelength Quantum Emitter Growth,Q6,1
https://openalex.org/W4406688271,Evaluation of antimicrobial susceptibility testing methods for <i>Burkholderia cepacia</i> complex isolates from people with and without cystic fibrosis,Q2,1
https://openalex.org/W4406692334,Efficient Traffic Prediction Through Spatio-Temporal Distillation,Q3,1
https://openalex.org/W4406707011,Author comment: Improving the reproducibility in geoscientific papers: lessons learned from a Hackathon in climate science — R0/PR1,Q1,1
https://openalex.org/W4406707019,Recommendation: Improving the reproducibility in geoscientific papers: lessons learned from a Hackathon in climate science — R0/PR3,"Q1, Q7, Q8, Q9",4
https://openalex.org/W4406707031,Decision: Improving the reproducibility in geoscientific papers: lessons learned from a Hackathon in climate science — R0/PR4,"Q1, Q7, Q8, Q9",4
https://openalex.org/W4406707278,Review: Improving the reproducibility in geoscientific papers: lessons learned from a Hackathon in climate science — R0/PR2,Q1,1
https://openalex.org/W4406707726,Measuring Distances in High Dimensional Spaces,"Q1, Q7, Q9, Q10",4
https://openalex.org/W4406734040,Recreating the Endocrine Niche: Advances in Bioengineering the Pancreas,Q4,1
https://openalex.org/W4406736430,"Robustness in Biomolecular Simulations: Addressing Challenges in Data Generation, Analysis, and Curation",Q3,1
https://openalex.org/W4406741136,Long-term evolution of Sco X-1: implications for the current spin frequency and ellipticity of the neutron star,Q1,1
https://openalex.org/W4406741355,"Identification of HIV-1 Reverse Transcriptase-Associated Ribonuclease H Inhibitors Based on 2-Hydroxy-1,4-naphthoquinone Mannich Bases",Q3,1
https://openalex.org/W4406748693,"Upright versus recumbent lumbar spine MRI: do findings differ systematically, and which correlates better with pain? A systematic review",Q2,1
https://openalex.org/W4406785187,On the reproducibility of discrete-event simulation studies in health research: an empirical study using open models,"Q1, Q5, Q7, Q9, Q14",5
https://openalex.org/W4406793719,Comparing Summed Probability Distributions of Shoreline and Radiocarbon Dates from the Mesolithic Skagerrak Coast of Norway,Q1,1
https://openalex.org/W4406796161,Developing a data quality assurance ontology for research data repositories,"Q1, Q8, Q10",3
https://openalex.org/W4406810381,Categorizing Topics Versus Inferring Attitudes: A Theory and Method for Analyzing Open-ended Survey Responses,"Q1, Q8, Q9, Q10",4
https://openalex.org/W4406822714,Let’s talk about language—and its role for replicability,"Q1, Q7, Q8, Q11",4
https://openalex.org/W4406828311,"Reproducibility in Transportation Research: Importance, Best Practices, and Dealing with Protected and Sensitive Data",Q1,1
https://openalex.org/W4406834482,An optimized deep-forest algorithm using a modified differential evolution optimization algorithm: A case of host-pathogen protein-protein interaction prediction,Q1,1
https://openalex.org/W4406848657,Positioning Political Texts with Large Language Models by Asking and Averaging,"Q1, Q8, Q9, Q10",4
https://openalex.org/W4406855740,How can we make sound replication decisions?,"Q1, Q7, Q8",3
https://openalex.org/W4406878003,Computational realization of popping impinging sprays of hypergolic bipropellants by a Eulerian-Lagrangian approach,Q1,1
https://openalex.org/W4406881454,Photoselective isotope fractionation dynamics in cosmo and atmospheric chemistry,Q1,1
https://openalex.org/W4406887731,Hyperfine structure and collisions in three-photon Rydberg electromagnetically induced transparency,Q1,1
https://openalex.org/W4406890265,"A Comprehensive Survey of Agents for Computer Use: Foundations, Challenges, and Future Directions",Q3,1
https://openalex.org/W4406891205,An Inception-Cohort Study Quantifying How Many Registered Studies Are Publicly Shared,"Q1, Q7, Q8, Q10",4
https://openalex.org/W4406913349,Editorial for the Special Issue: Bioinformatics and Computational Biology for Cancer Prediction and Prognosis,"Q1, Q8",2
https://openalex.org/W4406925524,A Versatile Methodology for Assessing the Electricity Consumption and Environmental Footprint of Machine Learning Training : from Supercomputers to Edge Devices,Q5,1
https://openalex.org/W4406934579,The promise of community-driven preprints in ecology and evolution,Q1,1
https://openalex.org/W4406959359,"Optimising data set creation in the cybersecurity landscape with a special focus on digital forensics: Principles, characteristics, and use cases",Q6,1
https://openalex.org/W4406983996,Domperidone inhibits dengue virus infection by targeting the viral envelope protein and nonstructural protein 1,Q1,1
https://openalex.org/W4407005474,Mesh Denoising and Inpainting Using the Total Variation of the Normal and a Shape Newton Approach,Q5,1
https://openalex.org/W4407008299,Exploring the Cognitive Sense of Self in AI: Ethical Frameworks and Technological Advances for Enhanced Decision-Making,"Q2, Q12",2
https://openalex.org/W4407009092,Comprehensive Approach to Cytomorphology in Liquid‐Based Bile Duct Brush Cytology: Integrating Cell Blocks and Histology,Q2,1
https://openalex.org/W4407012456,Gravity-Bench-v1: A Benchmark on Gravitational Physics Discovery for Agents,Q1,1
https://openalex.org/W4407036387,"Comparing Human-Only, AI-Assisted, and AI-Led Teams on Assessing Research Reproducibility in Quantitative Social Science","Q1, Q8",2
https://openalex.org/W4407074811,Understanding Open-Source NLP Artifact Adoption Through Information Systems Success Factors,Q1,1
https://openalex.org/W4407074853,Black Box or Open Science? Assessing Reproducibility-Related Documentation in AI Research,Q3,1
https://openalex.org/W4407087070,An Open-Source Image Analysis Method for Quantifying Reporter Fluorescence,Q1,1
https://openalex.org/W4407092421,Report on Reproducibility in Condensed Matter Physics,"Q2, Q13",2
https://openalex.org/W4407095331,Harmful Algal Blooms (HABs) Management in Tropical Marine Food Production Areas Amidst Climate Change,Q6,1
https://openalex.org/W4407101716,Divergent alkynylative difunctionalization of amide bonds through C–O deoxygenation versus C–N deamination,Q1,1
https://openalex.org/W4407118566,Ten quick tips to build a Model Life Cycle,Q1,1
https://openalex.org/W4407124756,More Rigorous Software Engineering Would Improve Reproducibility in Machine Learning Research,"Q1, Q3",2
https://openalex.org/W4407126340,Nahdlatul Ulama University and Nahdlatul Wathan towards Well Being Islamic Boarding Schools in West Nusa Tenggara,"Q1, Q8, Q10",3
https://openalex.org/W4407127498,Within and Beyond: Chert Procurement Patterns During The Upper Palaeolithic in Southwesternmost Iberia,Q1,1
https://openalex.org/W4407128520,PlotGen: Multi-Agent LLM-based Scientific Data Visualization via Multimodal Feedback,Q1,1
https://openalex.org/W4407132231,Illusory finger stretching and somatosensory responses in participants with chronic hand-based pain,Q1,1
https://openalex.org/W4407135027,ETHOS.REFLOW: An open-source workflow for reproducible renewable energy potential assessments,Q1,1
https://openalex.org/W4407143127,Open-Source Algorithm for Automated Vigilance State Classification Using Single-Channel Electroencephalogram in Rodents,Q1,1
https://openalex.org/W4407173594,Research Data in Scientific Publications: A Cross-Field Analysis,"Q1, Q8",2
https://openalex.org/W4407174586,Experimental Study on Separated-flow Transition on a High-lift Blade,Q6,1
https://openalex.org/W4407177399,Using dynamic documents to mend cracks in the reproducible research pipeline,Q1,1
https://openalex.org/W4407180595,Evaluating the method reproducibility of deep learning models in biodiversity research,"Q2, Q3",2
https://openalex.org/W4407183898,Quality in Question: Assessing the Accuracy of Four Heart Rate Wearables and the Implications for Psychophysiological Research,Q1,1
https://openalex.org/W4407186615,Re-evaluating metamorphic testing of chess engines: A replication study,Q1,1
https://openalex.org/W4407199668,Whale song shows language-like statistical structure,Q3,1
https://openalex.org/W4407199927,How eccentricity modulates attention capture by direct face/gaze and sudden onset motion,Q1,1
https://openalex.org/W4407208430,Equity in Public Access to Scientific Research Results: Insights from Federal Agency Responses to the Nelson Memorandum Policy,"Q1, Q7, Q8",3
https://openalex.org/W4407239784,Affective-sexual and gender diversity in Spanish education: a systematic literature review,"Q2, Q13",2
https://openalex.org/W4407241807,Impact de l'exposition aux Escape Games sur les performances cliniques évaluées par les ECOS chez les étudiants en médecine en sixième année,Q1,1
https://openalex.org/W4407246155,Respiratory abnormalities in sarcoidosis: physiopathology and early diagnosis using oscillometry combined with respiratory modeling,Q2,1
https://openalex.org/W4407247213,Are the Majority of Public Computational Notebooks Pathologically Non-Executable?,Q1,1
https://openalex.org/W4407253874,Personal ornament in transition. Final Paleolithic – Mesolithic data from the Iberian Mediterranean Region (16.5 – 7 ky cal. BP),Q1,1
https://openalex.org/W4407262221,Efficacy of Calcipotriol/Betamethasone Ointment in Facial Discoid Dermatosis,Q2,1
https://openalex.org/W4407274775,Tier-based standards for FAIR sequence data and metadata sharing in microbiome research,Q1,1
https://openalex.org/W4407288996,Impact of Various Creep–Fatigue Interaction Loading Waveforms at 873 K on the Subgrains and M23C6 Carbides Interrelations and Stability in P91 Steel Weld Joints,Q2,1
https://openalex.org/W4407289595,A Data Transparency Policy for Results Based on Experiments,Q1,1
https://openalex.org/W4407308218,LLMs can be easily Confused by Instructional Distractions,Q3,1
https://openalex.org/W4407347780,Etude des dynamiques neurales cortico-ganglions de la base pendant le sommeil chez les oiseaux chanteurs avec une méthodologie inspirée par la Science Ouverte,Q1,1
https://openalex.org/W4407359571,DeToNATION: Decoupled Torch Network-Aware Training on Interlinked Online Nodes,Q3,1
https://openalex.org/W4407372588,RAG-Verus: Repository-Level Program Verification with LLMs using Retrieval Augmented Generation,Q6,1
https://openalex.org/W4407393836,Slaying the undead: How long does it take to kill zombie papers?,"Q1, Q7, Q8, Q9, Q10, Q15",6
https://openalex.org/W4407407340,Affording reusable data: recommendations for researchers from a data-intensive project,"Q1, Q15",2
https://openalex.org/W4407408806,"The Acute Effects of a Fast-Food Meal Versus a Mediterranean Food Meal on the Autonomic Nervous System, Lung Function, and Airway Inflammation: A Randomized Crossover Trial",Q2,1
https://openalex.org/W4407411134,TROV - A Model and Vocabulary for Describing Transparent Research Objects,Q1,1
https://openalex.org/W4407414849,Extended Technical and Clinical Validation of Deep Learning‐Based Brainstem Segmentation for Application in Neurodegenerative Diseases,Q1,1
https://openalex.org/W4407427851,A Protocol for Structured Robustness Reproductions and Replicability Assessments,"Q1, Q7, Q8, Q9, Q10, Q15",6
https://openalex.org/W4407445744,dockerHDDM: A User-Friendly Environment for Bayesian Hierarchical Drift-Diffusion Modeling,Q1,1
https://openalex.org/W4407512588,Structural Effects on the Hydride-Tunneling Kinetic Isotope Effects of NADH/NAD<sup>+</sup> Model Reactions: Relating to the Donor–Acceptor Distances,Q1,1
https://openalex.org/W4407560614,Guidance framework to apply best practices in ecological data analysis: lessons learned from building Galaxy-Ecology,Q1,1
https://openalex.org/W4407578048,Cubic calcite and its structural phase transitions,Q1,1
https://openalex.org/W4407632926,Exploring Naproxen Cocrystals Through Solid‐State Vibrational Circular Dichroism,Q1,1
https://openalex.org/W4407763555,"Quality Assessment of the Academic Freedom Index: Strengths, Weaknesses, and How Best to Use It","Q1, Q8, Q9, Q10",4
https://openalex.org/W4407797631,Data and Code Availability in Political Science Publications from 1995 to 2022,"Q1, Q8, Q9, Q10",4
https://openalex.org/W4407800482,Chimpanzees adapt their exploration to key properties of the environment,"Q1, Q7",2
https://openalex.org/W4407823255,"Is Archaeology a science? Insights and imperatives from 10,000 articles and a year of reproducibility reviews","Q1, Q8",2
https://openalex.org/W4407832587,Predicting Parkinson’s disease trajectory using clinical and functional MRI features: A reproduction and replication study,Q1,1
https://openalex.org/W4407839041,Bronchodilator responsiveness and future chronic airflow obstruction: a multinational longitudinal study,Q2,1
https://openalex.org/W4407846984,qlifetable: An R package for constructing quarterly life tables,"Q1, Q7",2
https://openalex.org/W4407945762,[Risk assessment and its appropriateness to support the physician in certifying a suspected technopathy],Q2,1
https://openalex.org/W4408033466,Working with Data—Getting Started,Q1,1
https://openalex.org/W4408040682,Dialysis decision in critically ill patients in intensive care unit,Q2,1
https://openalex.org/W4408079925,The Fault in Our Sets: A Mixed Methods Analysis of Clinical Value Set Errors,Q6,1
https://openalex.org/W4408147270,Provide proactive reproducible analysis transparency with every publication,Q1,1
https://openalex.org/W4408201516,"Framework for Managing Artificial Intelligence (AI) Projects: Avoiding Harms, Losses, and Damages",Q1,1
https://openalex.org/W4408202385,"MRI acquisition and reconstruction cookbook: recipes for reproducibility, served with real-world flavour",Q1,1
https://openalex.org/W4408284340,"Pathology: Diagnostics, Reporting and Artificial Intelligence",Q2,1
https://openalex.org/W4408313306,"A Performance Portable, Fully Implicit Landau Collision Operator with Batched Linear Solvers",Q5,1
https://openalex.org/W4408333841,A Novel Ultrasound Analytical Approach: A Tool for Fat Patterning and Prediction of Body Fat,Q2,1
https://openalex.org/W4408407305,eLife Assessment: Convolutional networks can model the functional modulation of the MEG responses associated with feed-forward processes during visual word recognition,Q1,1
https://openalex.org/W4408456512,Editors' Notes: Incorporating Open Science Into Evaluation,"Q1, Q7, Q8",3
https://openalex.org/W4408460544,Potential targeted therapies for ovarian cancer beyond PARP inhibitors,Q2,1
https://openalex.org/W4408688731,"Novelty, Consistency, Transparency: The Trilemma of Psychological Sciences and its Consequences on Open Science Practices","Q1, Q8, Q11",3
https://openalex.org/W4408749960,Retrofitting XoM for Stripped Binaries without Embedded Data Relocation,Q5,1
https://openalex.org/W4408766810,Primary healthcare models for refugees involving nurses: a systematic review and narrative synthesis,"Q2, Q12",2
https://openalex.org/W4408786105,Reproducibility Report for ACM SIGMOD 2024 Paper: 'Proving Query Equivalence Using Linear Integer Arithmetic',Q6,1
https://openalex.org/W4408868343,Computational Perspectives on Behaviour in Anorexia Nervosa: A Systematic Review,Q2,1
https://openalex.org/W4408888354,Computational Perspectives on Behaviour in Anorexia Nervosa: A Systematic Review,Q2,1
https://openalex.org/W4408889109,Ensuring reproducible science requires policies,Q1,1
https://openalex.org/W4408982638,Current trends and biases in groundwater modelling using the community-driven groundwater model portal (GroMoPo),Q1,1
https://openalex.org/W4409012825,A Comprehensive Guide to Achieving New York State Clinical Laboratory Evaluation Program Approval for Next-Generation Sequencing Assays,"Q2, Q4",2
https://openalex.org/W4409053515,"Better Reproducibility: We do not want it, cannot afford it, but still need it and can have it",Q4,1
https://openalex.org/W4409075462,Code-sharing policies are associated with increased reproducibility potential of ecological findings,"Q1, Q3, Q8, Q14",4
https://openalex.org/W4409119739,Sports Metaresearch: An Emerging Discipline of Sport Science and Medicine,Q6,1
https://openalex.org/W4409122585,“Try to Balance the Baseline”: A comment on “Parent–teacher meetings and student outcomes: Evidence from a developing country” by Islam (2019),"Q1, Q7, Q8",3
https://openalex.org/W4409131258,Playbook workflow builder: Interactive construction of bioinformatics workflows,Q1,1
https://openalex.org/W4409139445,The use of Zebrafish (Danio rerio) as model subjects for the study of age-associated diseases (review),Q6,1
https://openalex.org/W4409148725,"Associations among air pollution, asthma and lung function: a cross-sectional study",Q2,1
https://openalex.org/W4409155256,El arte de validar la ciencia: cuatro siglos de la revisión por pares,Q1,1
https://openalex.org/W4409166544,Fact vs. Fiction: Are the Reportedly “Magical” LLM-Based Recommenders Reproducible?,Q3,1
https://openalex.org/W4409169652,Structuring data analysis projects in the Open Science era with Kerblam!,Q1,1
https://openalex.org/W4409209175,GEOMETRIC AND MECHANICAL MODELING OF WEFTKNITTED FABRICS USING HELICOID SCAFFOLDS,Q1,1
https://openalex.org/W4409210128,Computational Perspectives on Cognition in Anorexia Nervosa: A Systematic Review,Q2,1
https://openalex.org/W4409211770,How the State Discourages Vigilantism—Evidence From a Field Experiment in South Africa,"Q1, Q8, Q9, Q15",4
https://openalex.org/W4409224361,Replications as Project Based Learning in Geographic Information Science,"Q1, Q8, Q9, Q10",4
https://openalex.org/W4409250145,Integrating digital health technologies for ecological validity in computational psychiatry: challenges and solutions,Q1,1
https://openalex.org/W4409260305,"Chemical representation standardization needed to generalize metabolic pathway involvement prediction across the Kyoto Encyclopedia of Genes and Genomes, Reactome, and MetaCyc knowledgebases",Q1,1
https://openalex.org/W4409264615,Kriterien zur Sicherstellung der Reproduzierbarkeit quantitativ-empirischer Studien: Empfehlungen und Positivbeispiele,"Q1, Q8",2
https://openalex.org/W4409265184,Histopathologic Evaluation of Density and Depth of the Lymphoid Infiltrate in Clinically Defined Patches and Plaques in Early Stage Mycosis Fungoides,Q2,1
https://openalex.org/W4409278017,PupEyes: An Interactive Python Library for Pupil Size and Eye Movement Data Processing,"Q1, Q8",2
https://openalex.org/W4409282759,Strengthening the Foundations for IC Physical Design and ML EDA Research,Q5,1
https://openalex.org/W4409284946,Comparing the carbon footprint of fMRI data processing and analysis approaches,Q1,1
https://openalex.org/W4409318245,Effects of hydrostatic pressure and temperature on the corrosion behavior of X52 pipeline steel in a simulated deep-sea environment,Q2,1
https://openalex.org/W4409329511,Expanding organ preservation strategies in rectal cancer,"Q2, Q13",2
https://openalex.org/W4409361717,The Unreasonable Effectiveness of Open Science in AI: A Replication Study,"Q1, Q3, Q7, Q8",4
https://openalex.org/W4409365572,The Evolution of Data Sharing Practices in the Psychological Literature,"Q1, Q8, Q9",3
https://openalex.org/W4409385458,"Improved method for sample mixing, handling and analysis in high water cut samples",Q4,1
https://openalex.org/W4409400472,The Aeternum Drive: A Post-Relativistic Framework for Extratemporal Propulsion,Q4,1
https://openalex.org/W4409407912,Mapping (A)Ideology: A Taxonomy of European Parties Using Generative LLMs as Zero-Shot Learners,"Q1, Q8, Q9",3
https://openalex.org/W4409412675,Identification and validation of LY6H and GRM3 as candidate biomarkers for Glioma-related epilepsy,Q2,1
https://openalex.org/W4409415146,"Reproducibility in machine‐learning‐based research: Overview, barriers, and drivers","Q1, Q3, Q7, Q8, Q10",5
https://openalex.org/W4409441849,Trust from mistrust: When is trust rationally justified?,"Q1, Q8, Q10",3
https://openalex.org/W4409461190,Artificial intelligence in soil science,"Q1, Q7",2
https://openalex.org/W4409461781,Experimental Study on Nonlinear Vibrations of Flexible Monopile-Foundation Offshore Wind Turbines in Regular Waves,Q6,1
https://openalex.org/W4409507726,Preference for Chaudfontaine or bias towards the preferred option?,Q1,1
https://openalex.org/W4409507788,Water tasting: A Bayesian multiverse analysis,Q1,1
https://openalex.org/W4409509993,Cross‐Sectional Brain Age Assessments Are Limited in Predicting Future Brain Change,Q1,1
https://openalex.org/W4409533925,Fostering Transparency and Reproducibility in Psychological Science,Q1,1
https://openalex.org/W4409548902,Opening open science to all: Demystifying reproducibility and transparency practices in linguistic research,"Q1, Q7, Q8, Q11",4
https://openalex.org/W4409556340,Participating in a Digital-History Project Mobilizes People for Symbolic Justice and Better Intergroup Relations Today,"Q1, Q7, Q8, Q9, Q10",5
https://openalex.org/W4409558027,Rethinking <scp>GIScience</scp> Education in an Age of Disruptions,"Q1, Q8",2
https://openalex.org/W4409562129,Unsupervised machine learning analysis of optical coherence tomography radiomics features for predicting treatment outcomes in diabetic macular edema,Q1,1
https://openalex.org/W4409574025,What is reproducibility in artificial intelligence and machine learning research?,"Q2, Q12",2
https://openalex.org/W4409577659,Automated near real-time monitoring in ecology: Status quo and ways forward,Q1,1
https://openalex.org/W4409581164,Robustness: The Missing Ingredient in Generation Scheduling,Q4,1
https://openalex.org/W4409590606,The effects of acute exercise on memory: considerations for exercise duration and participant body mass index,Q1,1
https://openalex.org/W4409598794,Geoeconomic Pressure,"Q1, Q7, Q9",3
https://openalex.org/W4409628262,Infant Gaze Following Is Stable Across Markedly Different Cultures and Resilient to Family Adversities Associated With War and Climate Change,Q1,1
https://openalex.org/W4409644928,Handling conflicts of interest concerns more than transparency,"Q1, Q8",2
https://openalex.org/W4409657968,Reproducibility Librarianship,"Q1, Q5",2
https://openalex.org/W4409666015,Co-Speech Hand Gestures Are Used to Predict Upcoming Meaning,"Q1, Q8",2
https://openalex.org/W4409667989,Doctoral thesis: The human fallibility of scientists - dealing with error and bias in academic research,Q6,1
https://openalex.org/W4409668328,Digital Open Science – Teaching digital tools for reproducible and transparent research,Q1,1
https://openalex.org/W4409673339,Open Science in Psychophysiology: An Overview of Challenges and Emerging Solutions,Q1,1
https://openalex.org/W4409674971,"Assessing Reproducibility (In The Practice of Reproducible Research Case Studies and Lessons from the Data-Intensive Sciences Justin Kitzes, Daniel Turek, Fatma Deniz (Eds.))",Q1,1
https://openalex.org/W4409676963,Making data accessible: lessons learned from computational reproducibility of impact evaluations,"Q1, Q7",2
https://openalex.org/W4409683184,Special Issue on Computational Reproducibility and Benchmarking [Guest Editorial],Q1,1
https://openalex.org/W4409684099,Which programming language should I use? A guide for early-career researchers,Q1,1
https://openalex.org/W4409721924,Mapping Responsible AI Workflows for Geospatial Data Science: Developing the I-GUIDE Data Ethics Toolkit,"Q1, Q8",2
https://openalex.org/W4409725458,"Open-Source AI Algorithms: A Qualitative Study on Transparency, Bias Mitigation, and Ethical Accountability","Q1, Q15",2
https://openalex.org/W4409740950,Code review in practice: A checklist for computational reproducibility and collaborative research in ecology and evolution,Q1,1
https://openalex.org/W4409751567,Tooling for Reproducible Research: Considerations for the Past and Future of Data Analysis,"Q1, Q7",2
https://openalex.org/W4409751891,Measuring electoral democracy with observables,"Q1, Q7, Q8, Q9, Q10",5
https://openalex.org/W4409780661,Ortalama Gravite Anomalisinin Kestiriminde Farklı Enterpolasyon Yöntemlerinin Karşılaştırması,Q1,1
https://openalex.org/W4409783263,Lung Function Trajectory Using Race-Specific vs Race-Neutral Global Lung Function Initiative Coefficients,Q2,1
https://openalex.org/W4409783519,Quantitative Performance Analysis of Spring-Mass-Damper Control Systems,Q1,1
https://openalex.org/W4409793605,Bidirectional Relationships between Well-being and Cognitive Function,"Q1, Q8",2
https://openalex.org/W4409824594,Accounting for TLD response to CBCT protocols in external beam radiotherapy dose monitoring,Q2,1
https://openalex.org/W4409825061,How to protect Chinese medicine prescription more effectively?,Q4,1
https://openalex.org/W4409856526,The Octagonal Vector Mesh: A New Dimensional Architecture of Space-Time,Q1,1
https://openalex.org/W4409886942,"Combining Spatial Transcriptomics, Pseudotime, and Machine Learning Enables Discovery of Biomarkers for Prostate Cancer",Q1,1
https://openalex.org/W4409887586,Study on the Influence of Expansion Ratio on the Effectiveness of Foam in Suppressing Forest Surface Fires,Q6,1
https://openalex.org/W4409954318,"Method Development and Evaluation for Sampling, Headspace Gc-Ms Analysis and Predictive Use of Volatile Organic Compounds from Economically Important Plants",Q6,1
https://openalex.org/W4409956350,Comprehensive reporting guidelines and checklist for studies developing and utilizing artificial intelligence models,Q1,1
https://openalex.org/W4409979084,Vehicle Detection Based on Improved Yolov11 and Attention Mechanism,Q3,1
https://openalex.org/W4409982459,Statistics and AI: A Fireside Conversation,"Q1, Q7, Q9, Q15",4
https://openalex.org/W4410010620,Atomistic modeling of martensitic phase transition in hexamethylbenzene,Q1,1
https://openalex.org/W4410020054,Open-source tools and platforms to investigate analytical variability in neuroimaging,"Q1, Q6",2
https://openalex.org/W4410028220,A Survey of Researcher Perceptions of Replication in Geography,"Q1, Q8",2
https://openalex.org/W4410044240,Measuring Social Desirability Bias With Person-Items Map Analysis: Incorporating SEM and Person-Items Map Analysis Part 4,Q4,1
https://openalex.org/W4410050301,A cause to fight,"Q1, Q7, Q8, Q9",4
https://openalex.org/W4410056823,"‘‘KEEP IT FAIR’’: PARTILHA DE DADOS E MATERIAIS EM ACESSO ABERTO [Title: ""Keep it FAIR"": Data and Materials Sharing in Open Access]","Q1, Q9",2
https://openalex.org/W4410075257,"Localized Reactivity on Proteins as Riemannian Manifolds: A Quantum-Inspired Geometric Model for Deterministic, Metal-Aware Reactive-Site Prediction",Q1,1
https://openalex.org/W4410079487,Proposta de ensino das técnicas de código limpo em IES de acordo com sua adoção na indústria de TI do Brasil,Q1,1
https://openalex.org/W4410082238,Embedding Physics into Deep Learning: A Structured Review of Physics-Informed Neural Networks,Q3,1
https://openalex.org/W4410091549,Radiomic Analysis of Striatal [18F]FDOPA PET Imaging in Patients with Psychosis for the Identification of Antipsychotic Response,Q2,1
https://openalex.org/W4410093457,Responsible Research Assessment II: A specific proposal for hiring and promotion in psychology,Q1,1
https://openalex.org/W4410132052,Unveiling the Prognostic Role of Synaptophysin in Conventional Colorectal Carcinomas,Q2,1
https://openalex.org/W4410143474,Open Science for Qualitative Research,"Q1, Q8, Q10",3
https://openalex.org/W4410144331,Software Version Control Using Git: a Primer from UKRN,Q1,1
https://openalex.org/W4410191877,The Observed Availability of Data and Code in Earth Science and Artificial Intelligence,Q1,1
https://openalex.org/W4410230848,Unlocking ultralow thermal conductivity,Q1,1
https://openalex.org/W4410249237,"Quantum Informational Geometrodynamics: A Unified Framework for Emergent Spacetime, Gravitation, and Gauge Interactions",Q1,1
https://openalex.org/W4410271176,Community-Based COPD Screening Using Simplified Spirometry,Q2,1
https://openalex.org/W4410283250,Atrial Cardiomyopathy in Atrial Fibrillation: A Multimodal Diagnostic Framework,Q2,1
https://openalex.org/W4410285670,The Contribution of Turkish Hematology to Global Literature – A Comparative Analysis,Q2,1
https://openalex.org/W4410293151,Aird-MSI: a high compression rate and decompression speed format for mass spectrometry imaging data,Q1,1
https://openalex.org/W4410333736,Conspiracies in Academia? Stand Up Against Defamations of Open Access Journals!,Q2,1
https://openalex.org/W4410348514,Attentional Control Data Collection: A Resource for Efficient Data Reuse,Q1,1
https://openalex.org/W4410352741,Anteromedial facet coronoid fractures: an algorithmic approach for assessment and management based on 3 dimensional computed tomography humeral subtraction,Q2,1
https://openalex.org/W4410353605,Challenging the status quo: A guide to open and reproducible neuroimaging for early career researchers,"Q1, Q7",2
https://openalex.org/W4410354893,Missing the Margins: A Systematic Literature Review on the Demographic Representativeness of LLMs,Q3,1
https://openalex.org/W4410363420,Multivariate Spectroscopic Analysis of Protein Secondary Structures in Gingival Crevicular Fluid: Insights from FTIR Amide III Band Across Oral Disease Stages,Q2,1
https://openalex.org/W4410368948,Investigating the Adoption of Research Software: From Success Factors to Challenges Faced by Brazilian Academic Researchers,"Q1, Q8, Q15",3
https://openalex.org/W4410376387,Author response of: Measuring changes in polarisation using Singular Value Decomposition of network graphs. Round#2,"Q1, Q9, Q10",3
https://openalex.org/W4410376400,Recommendation of: Measuring changes in polarisation using Singular Value Decomposition of network graphs. Round#4,"Q1, Q9, Q10",3
https://openalex.org/W4410376412,Decision Revise: Measuring changes in polarisation using Singular Value Decomposition of network graphs. Round#2,"Q1, Q9, Q10",3
https://openalex.org/W4410376424,Review of: Measuring changes in polarisation using Singular Value Decomposition of network graphs. Round#2/Reviewer#2,"Q1, Q9, Q10",3
https://openalex.org/W4410376452,Decision Revise: Measuring changes in polarisation using Singular Value Decomposition of network graphs. Round#3,"Q1, Q9, Q10",3
https://openalex.org/W4410376850,Review of: Measuring changes in polarisation using Singular Value Decomposition of network graphs. Round#1/Reviewer#1,"Q1, Q9, Q10",3
https://openalex.org/W4410377063,Decision Revise: Measuring changes in polarisation using Singular Value Decomposition of network graphs. Round#1,"Q1, Q9, Q10",3
https://openalex.org/W4410377128,Review of: Measuring changes in polarisation using Singular Value Decomposition of network graphs. Round#2/Reviewer#1,"Q1, Q9, Q10",3
https://openalex.org/W4410377188,Review of: Measuring changes in polarisation using Singular Value Decomposition of network graphs. Round#1/Reviewer#2,"Q1, Q9, Q10",3
https://openalex.org/W4410377196,Author response of: Measuring changes in polarisation using Singular Value Decomposition of network graphs. Round#1,"Q1, Q9, Q10",3
https://openalex.org/W4410377275,Author response of: Measuring changes in polarisation using Singular Value Decomposition of network graphs. Round#3,"Q1, Q9, Q10",3
https://openalex.org/W4410380610,Porting the Meso-NH atmospheric model on different GPU architectures for the next generation of supercomputers (version MESONH-v55-OpenACC),Q6,1
https://openalex.org/W4410380779,Current practices in prostate pathology reporting: results from a survey of genitourinary and general pathologists,Q2,1
https://openalex.org/W4410398155,Emergent fungal disease: application of low-cost phenotypic identification for Candida auris laboratory diagnosis,Q2,1
https://openalex.org/W4410409104,ANTP-SmacN7 Enhances Radiosensitivity in TPC-1 Cells Through XIAP-Mediated Activation of Apoptotic Protein,Q1,1
https://openalex.org/W4410413077,Signal combination in vibration perception,Q1,1
https://openalex.org/W4410449136,"Quantum computing: promises, achievements and challenges",Q1,1
https://openalex.org/W4410450801,Syntactic and Semantic Gender Biases in the Language on Children’s Television: Evidence from a Corpus of 98 Shows from 1960 to 2018,"Q1, Q10",2
https://openalex.org/W4410453240,Identification of a sex-determining locus potentially involved in a conflict over sex-ratio,Q2,1
https://openalex.org/W4410462954,"Is Archaeology a science? Insights and imperatives from 10,000 articles and a year of reproducibility reviews","Q1, Q8",2
https://openalex.org/W4410486526,GitHub Repository Complexity Leads to Diminished Web Archive Availability,Q1,1
https://openalex.org/W4410501137,Intraday and Post-Market Investor Sentiment for Stock Price Prediction: A Deep Learning Framework with Explainability and Quantitative Trading Strategy,"Q1, Q15",2
https://openalex.org/W4410529872,The human voice aligns with whole-body kinetics,"Q1, Q8",2
https://openalex.org/W4410540198,Economic Consequences of Numerical Adaptation,"Q1, Q7, Q14",3
https://openalex.org/W4410558571,WorkflowHub: a registry for computational workflows,Q1,1
https://openalex.org/W4410561038,Pharmaceutical Research Databases: Balancing AI Innovation with Regulatory Compliance,Q4,1
https://openalex.org/W4410567265,Computational Fluid Dynamics Methodology for Aortic Aneurysm Analysis in Computed Tomography (CT) Datasets,Q6,1
https://openalex.org/W4410578964,Comparing the carbon footprint of fMRI data processing and analysis approaches,Q1,1
https://openalex.org/W4410586531,From field to analysis: strengthening reproducibility and confirmation in research for sustainable agriculture,Q1,1
https://openalex.org/W4410600149,Changes in the editorial staff of Silva Fennica,Q4,1
https://openalex.org/W4410621358,Harnessing natural embodied intelligence for spontaneous jellyfish cyborgs,Q1,1
https://openalex.org/W4410629674,REMOVED DUE TO POLICY VIOLATIONS,Q1,1
https://openalex.org/W4410630647,A Highly Specific Antibody-Based Assay for Nipah Virus AlphaLISA Detection,Q6,1
https://openalex.org/W4410632729,Evidence-based Methodological Framework for Machine Learning Studies,Q4,1
https://openalex.org/W4410722675,An Investigation into Reproducibility and Performance in Bioinformatics Software: A Case Study of BLAST+ and Floating-Point Arithmetic,Q1,1
https://openalex.org/W4410763908,Statistical Perspectives on Reproducibility: Definitions and Challenges,"Q1, Q2, Q8, Q13",4
https://openalex.org/W4410767550,Comment on egusphere-2025-1096,"Q1, Q15",2
https://openalex.org/W4410778049,Uncertainties as a Guide for Global Water Model Advancement,"Q1, Q14",2
https://openalex.org/W4410779224,Enabling data‐driven collaborative and reproducible environmental synthesis science,"Q1, Q8",2
https://openalex.org/W4410779563,Brieflow: An Integrated Computational Pipeline for High-Throughput Analysis of Optical Pooled Screening Data,Q1,1
https://openalex.org/W4410781230,Bayesian Deep Learning for Uncertainty Quantification in Financial Stress Testing and Risk Forecasting,"Q1, Q15",2
https://openalex.org/W4410818360,A Multimodal Deep Learning Approach for Legal English Learning in Intelligent Educational Systems,Q4,1
https://openalex.org/W4410826352,Compensating personal climate response inefficacy with political conservatism?,"Q1, Q7, Q8, Q9, Q10",5
https://openalex.org/W4410830066,Reproducibility in lie detection research: A case study of the cue called complications,Q1,1
https://openalex.org/W4410830214,AI and Open Science: Implications and Library Practice Recommendations,Q1,1
https://openalex.org/W4410875030,"Is Archaeology a science? Insights and imperatives from 10,000 articles and a year of reproducibility reviews","Q1, Q8",2
https://openalex.org/W4410881487,Trends of replication studies in Applied Linguistics journals: A systematic review over half a century,"Q1, Q7, Q8, Q9",4
https://openalex.org/W4410884468,Report of the AEA Data Editor,"Q1, Q6, Q7, Q8, Q9, Q14, Q15",7
https://openalex.org/W4410887289,"Architectural Proposal for Reproducible, Standardized Deep Learning Research",Q4,1
https://openalex.org/W4410912419,"Is Archaeology a science? Insights and imperatives from 10,000 articles and a year of reproducibility reviews","Q1, Q7, Q8, Q10, Q14, Q15",6
https://openalex.org/W4410924831,SASQART: South African standards for quality assurance in radiotherapy,Q6,1
https://openalex.org/W4410938485,A comprehensive overview on the analytical techniques used for determination of moxifloxacin hydrochloride in pharmaceutical and biological matrices,Q6,1
https://openalex.org/W4410970646,Home Spirometry for Post-COVID Recovery: A Clinical Validation Study of an Ultrasonic Device,Q2,1
https://openalex.org/W4410990236,Protocol for Developing the Sustainable Scientific Machine-learning Reporting Toolkit (SSMART) v1,Q6,1
https://openalex.org/W4410991629,Fine-tuned Large Language Models Can Replicate Expert Coding Better than Trained Coders: A Study on Informative Signals Sent by Interest Groups,"Q1, Q7, Q8, Q9, Q15",5
https://openalex.org/W4410997680,Synergistic and antagonistic drug interactions are prevalent but not conserved across acute myeloid leukemia cell lines,Q1,1
https://openalex.org/W4411017051,Reply to “comment on: Lessons from the pandemic and the value of a structured system of ultrasonographic findings in the diagnosis of COVID-19 pulmonary manifestations”,Q2,1
https://openalex.org/W4411031169,"Assessing spirometry, exhaled nitric oxide, and asthma symptoms score as instruments for respiratory health evaluation among women in a low socioeconomic context: a cross-sectional study",Q2,1
https://openalex.org/W4411035706,FastACI: a Toolbox for Investigating Auditory Perception using Reverse Correlation,Q1,1
https://openalex.org/W4411061651,A Sustainable SOH Prediction Model for Lithium-Ion Batteries Based on CPO-ELM-ABKDE with Uncertainty Quantification,Q6,1
https://openalex.org/W4411065092,Machine Learning Applications in Use-Wear Analysis: A Critical Review,Q1,1
https://openalex.org/W4411068009,A Standardized Validation Framework for Clinically Actionable Healthcare Machine Learning with Knee Osteoarthritis Grading as a Case Study,Q1,1
https://openalex.org/W4411075696,Red Team Cryptanalysis of Lattice-Based Post-Quantum Cryptography Using Transformers,Q1,1
https://openalex.org/W4411087594,AUTOMATION TOOLS FOR ENSURING REPRODUCIBLE RESEARCH IN DATA SCIENCE,Q1,1
https://openalex.org/W4411094462,Nineteenth- and twentieth-century semi-quantitative surface ozone along subtropical European to tropical Africa Atlantic coasts,"Q1, Q15",2
https://openalex.org/W4411129331,Dogme: A nextflow pipeline for reprocessing nanopore RNA and DNA modifications,Q1,1
https://openalex.org/W4411139913,Automated Reproducibility Testing in R Markdown,"Q1, Q6",2
https://openalex.org/W4411158378,What predicts individual brain health?: a machine learning study spanning the exposome,Q1,1
https://openalex.org/W4411174953,Highly Sensitive Humidity Sensor Based on Sub-Micron Level Tio2 Flowers Structure,Q6,1
https://openalex.org/W4411175129,A Systematic Review of Cardiovascular Health Among Cancer Survivors,Q2,1
https://openalex.org/W4411194811,Beyond p-values: Rethinking Statistical Frameworks for Addressing the Replication Crisis,"Q1, Q7, Q8",3
https://openalex.org/W4411198248,Linking Trait Items of Self-Control to Broader Conceptualizations in Daily Life Using Machine Learning,Q1,1
https://openalex.org/W4411213003,Breast Cancer in Women Using Breast Implants,Q2,1
https://openalex.org/W4411216774,Multiple intramolecular triggers converge to preferential G protein coupling in the CB2R,Q3,1
https://openalex.org/W4411218260,The Open Empirical Cycle for Hypothesis Evaluation in Psychology,"Q1, Q8",2
https://openalex.org/W4411245579,Novel Computational Model for Recapitulating Patent Ductus Arteriosus Stenting Interventions,Q1,1
https://openalex.org/W4411253170,"The intersection of data, artificial intelligence, and healthcare: Creating predictive and personalized care models",Q1,1
https://openalex.org/W4411253738,Reproducing the results in 'Robot Dynamics Identification: A Reproducible Comparison With Experiments on the Kinova Jaco',Q1,1
https://openalex.org/W4411300622,Perceptual Disfluency and Recognition Memory: A Response Time Distributional Analysis,Q1,1
https://openalex.org/W4411300796,An EEG Dataset for Alzheimer’s Disease Patients in Iraq: Electrophysiological Recordings Across Cognitive Stages,Q6,1
https://openalex.org/W4411303992,The Perceptual Disfluency Effect: A Drift Diffusion and Ex-Gaussian Analysis,Q1,1
https://openalex.org/W4411307935,Commentary on “Consumed by Creed”,Q1,1
https://openalex.org/W4411335830,Meaningfully reducing consumption of meat and animal products is an unsolved problem: A meta-analysis,"Q1, Q7, Q8, Q9",4
https://openalex.org/W4411335873,Reprodutibilidade em e-science: uma visão geral dos conceitos relacionados e das ferramentas de suporte mais citadas,"Q1, Q9",2
https://openalex.org/W4411335944,Accomplishing collaboration at scale: How professionals jointly frame problems on Stack Overflow,Q2,1
https://openalex.org/W4411343750,Validation of The Human Disharmony Loop: Pectoralis minor tenotomy significantly reduces pain and improves function in historically challenging patients who meet reproducible and explicit diagnostic criteria,Q2,1
https://openalex.org/W4411353007,Validation Gaps in Psychological and Social Science Instruments: A Systematic Review and Meta-Analysis (2020–2025),"Q1, Q8, Q10",3
https://openalex.org/W4411357663,Interpreting Autoimmune Risks in Covid-19 Vaccine Literature: A Two-Phase Qualitative Coding Protocol on Biological Mechanisms and Epistemic Integrity,Q2,1
https://openalex.org/W4411363113,Toward a woven literature: Open-source infrastructurefor reproducible publishing,"Q1, Q8",2
https://openalex.org/W4411373853,Open Science in the Developing World: A Collection of Practical Guides for Researchers in Developing Countries,"Q1, Q8, Q10",3
https://openalex.org/W4411403696,Superior Analytical Specificity of APTIMA mRNA HPV Testing over DNA Assays in a Resource-Limited South African Setting,Q2,1
https://openalex.org/W4411408029,"Is archaeology a science? Insights and imperatives from 10,000 articles and a year of reproducibility reviews","Q1, Q8",2
https://openalex.org/W4411430492,The therapeutic potential of naturally occurring 6-shogaol: an updated comprehensive review,Q2,1
https://openalex.org/W4411435186,Sporting a virtual future: exploring sports and virtual reality patents using deep learning-based analysis,Q1,1
https://openalex.org/W4411435543,Galaxy QCxMS for Straightforward Semi-Empirical Quantum Mechanical EI-MS Prediction,Q1,1
https://openalex.org/W4411435546,An Update on Flow Cytometry Analysis of Hematological Malignancies: Focus on Standardization,Q2,1
https://openalex.org/W4411455563,Assigning Flavin’s Difference-FTIR Spectral Bands in Solution: Frequency and Intensity Shifts in Flavin’s 1-electron and 2-electron Reduced States,Q1,1
https://openalex.org/W4411460907,Automated analysis of common errors in L2 learner production: Prototype web application development,Q1,1
https://openalex.org/W4411471826,Reproducibility of published model-based cancer drug cost-effectiveness analyses: a study protocol for a cross-sectional analysis,"Q1, Q7, Q8, Q15",4
https://openalex.org/W4411474535,HydroBlox: AI-Assisted Visual Programming Framework for Enhanced Scientific Reproducibility in Hydrology,Q1,1
https://openalex.org/W4411487924,Perinatal risk factors and lung function at 8 years of age in extremely preterm infants: Insights from a new Japanese bronchopulmonary dysplasia classification,Q2,1
https://openalex.org/W4411492408,Why computational reproducibility matters,Q1,1
https://openalex.org/W4411505464,Applications of Quantum Computing in Drug Development,Q4,1
https://openalex.org/W4411573157,Why does preregistration increase the persuasiveness of evidence? A Bayesian rationalization,Q1,1
https://openalex.org/W4411597888,Attentional control data collection: A resource for efficient data reuse,Q1,1
https://openalex.org/W4411606941,Investment Portfolios Optimization with Genetic Algorithm: An Approach Applied to the Spanish Market (IBEX 35),"Q1, Q7, Q15",3
https://openalex.org/W4411621845,Classification of Eclipsing Binary Light Curves with Deep Learning Neural Network Algorithms,Q3,1
https://openalex.org/W4411646354,Report on 2410.22882v2,Q1,1
https://openalex.org/W4411675791,Out-of-Anatolia: Cultural and genetic interactions during the Neolithic expansion in the Aegean,Q3,1
https://openalex.org/W4411675800,Female lineages and changing kinship patterns in Neolithic Çatalhöyük,Q3,1
https://openalex.org/W4411680094,Ex Vivo Traceability Platform for Phospholipoproteomic Formulations: Functional Evidence Without Clinical Exposure,Q6,1
https://openalex.org/W4411691749,On the initial conditions of the νHDM cosmological model,Q1,1
https://openalex.org/W4411720209,"Tracking biological hallucinations in single-cell perturbation predictions using scArchon, a comprehensive benchmarking platform",Q1,1
https://openalex.org/W4411732767,Relationships of phototextural characteristics of ovine presumptive zygotes to their developmental potential in vitro,Q2,1
https://openalex.org/W4411735066,“OPTIMIZING CI/CD PROCESSES FOR AI MICROSERVICES WITH PKONFIG”,Q4,1
https://openalex.org/W4411757638,A qualitative study of experiencing cauda equina syndrome and its aftercare in the UK,Q3,1
https://openalex.org/W4411758791,Next-Generation Space Cardiology: Developing a COMSOL-Enabled Digital Heart Twin for Long-Duration Missions,"Q1, Q5",2
https://openalex.org/W4411780050,Deep Learning of Suboptimal Spirometry to Predict Respiratory Outcomes and Mortality,Q2,1
https://openalex.org/W4411790193,Open-source platforms to investigate analytical flexibility in neuroimaging,"Q1, Q6",2
https://openalex.org/W4411830889,Biostatistics and Data Analysis Using R: A Tailored Training Approach for Medical Students,Q1,1
https://openalex.org/W4411882200,AI-Assisted Voice Enabled Computing Framework for Hydrological Analysis,Q1,1
https://openalex.org/W4411896338,Opening open science to all: demystifying reproducibility and transparency practices in linguistic research,"Q1, Q7, Q8, Q11",4
https://openalex.org/W4411902126,"Transparency in epidemiological analyses of cohort data a case study of the Norwegian mother, father, and child cohort study (MoBa)","Q1, Q8",2
https://openalex.org/W4411915787,Applying the Nova food classification to food product databases using discriminative ingredients: a methodological proposal,Q2,1
https://openalex.org/W4411934020,"The prevalence, reporting practices, and methodological quality of a priori power analyses in sports and exercise science research",Q1,1
https://openalex.org/W4411946078,Entropy-Regularized Optimal Transport in Information Design,"Q1, Q7",2
https://openalex.org/W4411947936,AI for Computational Biology: Highlights from the first BioAI Hackathon at University of Warsaw,Q1,1
https://openalex.org/W4411956650,"A scoping review of the transparency, reporting practices and methodological rigor of meta-analyses published in Sports Medicine","Q1, Q8",2
https://openalex.org/W4412002116,"Hearing one's own voice shapes explicit agency via retrospective influence, while implicit agency relies on sensorimotor comparison",Q1,1
https://openalex.org/W4412032329,Galaxy QCxMS for straightforward semi-empirical quantum mechanical EI-MS prediction,"Q1, Q15",2
https://openalex.org/W4412041680,AI and corporeal knowledge: inventing and performing with prostheses and sonic organs,Q1,1
https://openalex.org/W4412064624,Case Study of Air Kerma Standardization Comparison for Cs-137 For Radiation Protection Level,Q4,1
https://openalex.org/W4412069539,"Microphysiological Glomerular Filtration Barriers: Current Insights, Innovations, and Future Applications",Q2,1
https://openalex.org/W4412075421,Calibrating CONSORT-AI with FAIR Principles to enhance reproducibility in AI-driven clinical trials,Q1,1
https://openalex.org/W4412079557,"Rethinking Clinical AI Applications in Stroke - Pitfalls, Misconceptions, and Directions for Responsible Use",Q2,1
https://openalex.org/W4412097729,"Superelastic Biomass‐Based Carbon Aerogels Reinforced by Vein‐Like Networks and Pillar Structures for Piezoresistive Sensing, High‐Temperature Applications, and Supercapacitors",Q6,1
https://openalex.org/W4412104831,GJAE is Preparing for Future Developments in the Scientific System: New Policies Regarding Data and AI,"Q1, Q7, Q8",3
https://openalex.org/W4412105262,Multisource Leakage-Monitoring Device for Gas Transmission Pipeline in Chemical Park and Experimental Research,Q6,1
https://openalex.org/W4412115998,Hire Ed: Job Market Dynamics for Tenure-Track Faculty Positions in Archaeology,"Q1, Q8, Q10",3
https://openalex.org/W4412125613,Spectrophotometric Method Validation for the Quantification of Ethyl Alcohol in Alcoholic Beverages,Q6,1
https://openalex.org/W4412143524,PromptBio: A Multi-Agent AI Platform for Bioinformatics Data Analysis,Q1,1
https://openalex.org/W4412147523,"Replication report for Marwick (2025) “Is archaeology a science?”, including new data from OpenAlex",Q1,1
https://openalex.org/W4412176782,Binding modes of the KRAS(G12C) inhibitors GDC-6036 and LY3537982 revealed by all atom molecular dynamics simulations,Q3,1
https://openalex.org/W4412185554,The challenges of reproducibility for research based on geodata web services,Q1,1
https://openalex.org/W4412191434,"Temporal Trends and Patient Stratification in Lung Cancer: A Comprehensive Clustering Analysis from Timis County, Romania",Q1,1
https://openalex.org/W4412195652,On a Plurality of Ontologies: Reparative justice in broken systems,"Q1, Q8",2
https://openalex.org/W4412212567,Evaluation Perspectives of Recommender Systems: Driving Research and Education (Dagstuhl Seminar 24211),Q3,1
https://openalex.org/W4412327433,AI and Machine Learning:Internet Research Ethics Guidelines,Q3,1
https://openalex.org/W4412347032,Automatic Quality Inspection Using Machine Vision for Advanced Manufacturing Environments,Q1,1
https://openalex.org/W4412351333,Open science for qualitative research,"Q1, Q8, Q10",3
https://openalex.org/W4412352009,Restructuring scientific papers for human and AI readers,"Q1, Q8",2
https://openalex.org/W4412369122,"Replication report for Marwick (2025) “Is archaeology a science?”, including new data from OpenAlex",Q1,1
https://openalex.org/W4412378846,Concordance between FVC and FEV <sub>6</sub> for identifying chronic airflow obstruction and spirometric restriction in the Burden of Obstructive Lung Disease (BOLD) study,Q2,1
https://openalex.org/W4412393616,"39° Congresso nazionale SIGOT | Modena, 21-23 maggio 2025",Q2,1
https://openalex.org/W4412402089,Simulation-based sample size planning for Rasch family models,Q1,1
https://openalex.org/W4412413205,Next-Generation Space Cardiology: Developing a COMSOL-Enabled Digital Heart Twin for Long-Duration Missions,"Q1, Q5",2
https://openalex.org/W4412422767,NA,Q4,1
https://openalex.org/W4412432727,"Adherence to Personal Resolutions Across Time, Culture, and Goal Domains","Q1, Q8, Q14",3
https://openalex.org/W4412438743,Incremental pressure correction method for high-performance simulations of subsonic compressible flows,Q6,1
https://openalex.org/W4412438927,Geoeconomic Pressure,"Q1, Q7, Q9, Q15",4
https://openalex.org/W4412464884,A scoping review on metrics to quantify reproducibility: a multitude of questions leads to a multitude of metrics,"Q1, Q2, Q7, Q8, Q12, Q13",6
https://openalex.org/W4412465873,Dependable classical-quantum computing systems engineering,Q1,1
https://openalex.org/W4412466036,Spectral Entropic Radiomics Feature Extraction (SERFE): an adaptive approach for glioblastoma disease classification,Q1,1
https://openalex.org/W4412475529,ANTP-SmacN7 enhances radiosensitivity in TPC-1 cells through XIAP-mediated activation of apoptotic protein,Q1,1
https://openalex.org/W4412477171,"‘‘KEEP IT FAIR’’: PARTILHA DE DADOS E MATERIAIS EM ACESSO ABERTO [Title: ""Keep it FAIR"": Data and Materials Sharing in Open Access]","Q1, Q9",2
https://openalex.org/W4412485041,A Mismatch Between Open Science Practices and Intentions in North America: Barriers and Incentives for Early Career and Senior Researchers,"Q1, Q6, Q8",3
https://openalex.org/W4412485042,A Mismatch Between Open Science Practices and Intentions in North America: Barriers and Incentives for Early Career and Senior Researchers,"Q1, Q6, Q8",3
https://openalex.org/W4412488150,Photoselective isotope fractionation dynamics of N <sub>2</sub> with cosmo and atmospheric chemistry perspectives,Q1,1
https://openalex.org/W4412505084,Deep Learning for Blood Glucose Prediction: Reproducibility Challenges and Factors Affecting Differential Performance,Q2,1
https://openalex.org/W4412551127,Blood Pressure–Lowering Effects of Aldosterone Synthase Inhibitors—A Systematic Review,Q2,1
https://openalex.org/W4412553717,Cavity Impact on the Base Flow Unsteadiness for a High-Speed Exhaust System,Q1,1
https://openalex.org/W4412558674,"Open Science in Three Acts: Foundations, Practice, and Implementation - Second Act","Q1, Q8",2
https://openalex.org/W4412648831,Analytical Validation of a Genomic Newborn Screening Workflow,Q1,1
https://openalex.org/W4412651127,Leveraging MDS2 and SBOM data for LLM-assisted vulnerability analysis of medical devices,Q6,1
https://openalex.org/W4412664234,The Open Empirical Cycle for Hypothesis Evaluation in Psychology,"Q1, Q8",2
https://openalex.org/W4412664383,Error report for Fernbach et al. (2019),Q1,1
https://openalex.org/W4412665134,Docker Image Builder: A Robust Method for Constructing Docker Images for Reproducible Research.,Q1,1
https://openalex.org/W4412685877,"Transparency, quality, and statistical consistency of meta-analytic systematic reviews in clinical child and adolescent psychology (2022–2024): study protocol for a meta-review","Q1, Q8",2
https://openalex.org/W4412695964,Data is not available upon request,Q1,1
https://openalex.org/W4412704039,Artifact Evaluations for Stronger Research Results,Q5,1
https://openalex.org/W4412713863,"Review: Establishing precision, bias, and reproducibility standards for dairy cattle behavior sensors",Q2,1
https://openalex.org/W4412718605,A sharing practices review of the visual search and eye movements literature reveals recommendations for our field and others,"Q1, Q8",2
https://openalex.org/W4412721810,Risk of bias and low reproducibility in meta-analytic evidence from fast-tracked publications during the coronavirus disease 2019 pandemic,"Q1, Q8",2
https://openalex.org/W4412739994,Towards Next-Generation Stress Generation Research: Expert Consensus Methodological Guidelines,Q1,1
https://openalex.org/W4412767147,Restructuring scientific papers for human and AI readers,"Q1, Q8",2
https://openalex.org/W4412767406,GeoAI and Human Geography,"Q1, Q7, Q8, Q10",4
https://openalex.org/W4412767606,High-Performance Geospatial Computing and Computationally Reproducible Human Geography,Q1,1
https://openalex.org/W4412785066,Empowering bioinformatics communities with Nextflow and nf-core,"Q1, Q7",2
https://openalex.org/W4412791834,Distributed Biomarker Discovery for Immuno-Oncology,Q1,1
https://openalex.org/W4412796408,"Deep Learning, Deeper Probing, and Deepest Understanding—Unless We’re Courting Deep Trouble",Q6,1
https://openalex.org/W4412802792,Graph feature selection for enhancing radiomic stability and reproducibility across multiple institutions in head and neck cancer,Q1,1
https://openalex.org/W4412803985,"Code Review, Reproducibility, and Improving the Scholarly Record","Q1, Q6, Q7, Q8, Q9",5
https://openalex.org/W4412804036,Research Lifecycle Management: Using Analysis Reproducibility Research Software to Define Contextual Data Governance Policies,"Q1, Q5",2
https://openalex.org/W4412813590,"Database for Second World War Military Landscapes in Sardinia: Toward an Integrative Strategy of Knowledge, Representation, and Adaptive Reuse",Q2,1
https://openalex.org/W4412861356,TADA! Simple guidelines to improve code sharing,"Q1, Q8",2
https://openalex.org/W4412875697,Artificial Intelligence in Earth Science: A GeoAI Perspective,"Q1, Q8",2
https://openalex.org/W4412877164,Evaluation and Benchmarking of LLM Agents: A Survey,"Q1, Q15",2
https://openalex.org/W4412888347,"Awes, Laws, and Flaws From Today’s LLM Research",Q3,1
https://openalex.org/W4412889410,Beyond the Gold Standard in Analytic Automated Essay Scoring,Q1,1
https://openalex.org/W4412892001,Clinical Validation of the Venus HPV Full‐Genotyping Assay for Cervical Cancer Screening in the VALGENT‐4 Framework,Q2,1
https://openalex.org/W4412892593,Challenges and limitations in developing of a new maxillary standardized rat alveolar bone defect model to study bone regenerative approaches in oral and maxillofacial surgery,Q2,1
https://openalex.org/W4412897837,Integrated Genomic Profiling Identifies Predictive Biomarkers for Neoadjuvant Therapy Response in Chinese Breast Cancers,Q1,1
https://openalex.org/W4412907483,Restructuring scientific papers for human and AI readers,"Q1, Q8",2
https://openalex.org/W4412914353,A Contribution of Shortest Paths Algorithms to the NetworkX Python Library,"Q1, Q15",2
https://openalex.org/W4412924571,Public participation and constitutional compliance,"Q1, Q7, Q9",3
https://openalex.org/W4412944675,Missing the Margins: A Systematic Literature Review on the Demographic Representativeness of LLMs,Q3,1
https://openalex.org/W4412944691,REPRO-Bench: Can Agentic AI Systems Assess the Reproducibility of Social Science Research?,"Q1, Q7, Q8, Q9",4
https://openalex.org/W4412944729,"Limited Generalizability in Argument Mining: State-Of-The-Art Models Learn Datasets, Not Arguments",Q2,1
https://openalex.org/W4412944872,LLMs can be easily Confused by Instructional Distractions,Q3,1
https://openalex.org/W4412963214,A Comment on “Learning from Aggregated Opinion”,Q1,1
https://openalex.org/W4412990367,APTIMA mRNA vs. DNA-Based HPV Assays: Analytical Performance Insights from a Resource-Limited South African Setting,Q2,1
https://openalex.org/W4412991291,Replicação e extensão de Fischhoff (1975): viés de retrospectiva com mediadores clínicos de sintomas depressivos,"Q1, Q7, Q8, Q10",4
https://openalex.org/W4412994137,"Integrated molecular approach including single-cell FISH enables accurate detection of genetic rearrangements, classification, and identification of novel variants in pediatric brain tumors",Q2,1
https://openalex.org/W4413010886,Hybrid machine learning and regression framework for automated phase classification and quantification in SEM images of commercial steels,Q1,1
https://openalex.org/W4413022300,Transparency and reproducibility in invasion science,Q1,1
https://openalex.org/W4413042605,Advancing Research Syntheses in Educational Psychology to Drive Evidence-Based Developments,Q2,1
https://openalex.org/W4413046935,Evaluating Container Security and Reproducibility in Research Software Engineering,Q4,1
https://openalex.org/W4413054963,ATP allosterically regulates an acyl-CoA oxidase,Q3,1
https://openalex.org/W4413060006,Everyone Has to Start Somewhere: Democratisation of Digital Documentation and Visualisation in 3D,"Q1, Q8",2
https://openalex.org/W4413079141,Effect of Agricultural Matrices on the Biodiversity Metrics of Bees (Hymenoptera: Anthophila): A Review,Q1,1
https://openalex.org/W4413085256,"Replication report for Marwick (2025) “Is archaeology a science?”, including new data from OpenAlex",Q1,1
https://openalex.org/W4413108193,Predicted deleterious mutations reveal the genetic architecture of male reproductive success in a lekking bird,"Q1, Q8",2
https://openalex.org/W4413108481,Recommendations for Validating Omics Prediction Models: Insights from a Lung Cancer RNA Biomarker Study,Q1,1
https://openalex.org/W4413121725,Enabling reproducible and reusable genetic demultiplexing benchmarking with Nextflow and Apptainer,Q1,1
https://openalex.org/W4413128749,Balancing bossism: State expansion in the face of elite capture,"Q1, Q7, Q8, Q9",4
https://openalex.org/W4413130890,Accomplishing collaboration at scale: How professionals jointly frame problems on Stack Overflow,"Q2, Q13",2
https://openalex.org/W4413152707,A Meta-Analysis of the Impact and Heterogeneity of Explicit Demand Characteristics,"Q1, Q7, Q9",3
https://openalex.org/W4413206998,Fault prediction of computer image recognition based on convolutional neural network,Q6,1
https://openalex.org/W4413228912,Emergent Cosmological Dynamics from Stochastic Bidirectional Causality: A Unified Extension of ΛCDM,Q1,1
https://openalex.org/W4413230611,"Spatial Economics: Quantitative Models, Statistical Methods, and Policy Applications in Urban and Regional Systems",Q4,1
https://openalex.org/W4413241875,A Prospective Comparative Study on Postoperative Spirometry in Patients Undergoing Laparoscopic Cholecystectomy versus Laparoscopic Appendicectomy,Q2,1
https://openalex.org/W4413271628,A systematic benchmark of bioinformatics methods for single-cell and spatial RNA-seq Nanopore long-read data,Q1,1
https://openalex.org/W4413273662,Open Science in the Developing World: A Collection of Practical Guides for Researchers in Developing Countries,"Q1, Q8, Q10",3
https://openalex.org/W4413279633,Integrating Machine Learning Standards in Disseminating Machine Learning Research,Q3,1
https://openalex.org/W4413280253,Analysis of pulmonary function and comparison of time to early mobilization in patients undergoing laparoscopic bariatric surgery: a quasi-experimental study,"Q2, Q13",2
https://openalex.org/W4413289805,Comparing Approaches to Teaching Patients How to Use an App-Based Home Spirometer: Randomized Controlled Trial,Q2,1
https://openalex.org/W4413299497,Policy-based Primal-Dual Methods for Concave CMDP with Variance Reduction,Q3,1
https://openalex.org/W4413308295,Advances in unsteady computational aerodynamics with separation: The 61st Lanchester memorial lecture,Q1,1
https://openalex.org/W4413309177,Tier-based standards for FAIR sequence data and metadata sharing in microbiome research,Q1,1
https://openalex.org/W4413313927,Scope of anti-stigma programs against Alzheimer’s disease: A scoping review,Q2,1
https://openalex.org/W4413317414,Management of Non-neutropenic Fever in Children with Cancer,Q2,1
https://openalex.org/W4413343360,Association between accelerometer-measured physical activity volume and sleep duration in older adults: a cross-sectional interpretable machine learning analysis,Q1,1
https://openalex.org/W4413350709,Reliability of Body Fat Percentage Measurements and Their Impact on Airway Resistance: Does Leptin Play a Significant Role?,Q2,1
https://openalex.org/W4413372423,A Web App for the Animal Culture Database and a Template for Deploying Comparative Trait Databases With Shiny,Q1,1
https://openalex.org/W4413376531,Effects of Scale Parameters and Counting Origins on Box-Counting Fractal Dimension and Engineering Application in Concrete Beam Crack Analysis,Q1,1
https://openalex.org/W4413380076,The SORTEE Guidelines for Data and Code Quality Control in Ecology and Evolutionary Biology,"Q1, Q7",2
https://openalex.org/W4413409332,Early weight-bearing after ankle fracture surgery: a systematic review and meta-analysis of functional outcomes and safety,Q1,1
https://openalex.org/W4413431291,Supervised Learning Approaches for Robust Predictive Modelling in Data Science,Q3,1
https://openalex.org/W4413459669,Research Method Design Approaches for Qualitative and Quantitative Data Analysis,"Q1, Q7, Q10",3
https://openalex.org/W4413461719,Vision: Retiring Scenarios – Enabling Ecologically Valid Measurement in Phishing Detection Research with PhishyMailbox,Q1,1
https://openalex.org/W4413477453,FAVABEAN and FALAPhyl: Open-Source Pipelines for Scalable 16s rRNA Microbiome Data Processing and Visualization,Q1,1
https://openalex.org/W4413533219,Collective Intelligence: On the Promise and Reality of Multi-Agent Systems for AI-Driven Scientific Discovery,"Q1, Q8",2
https://openalex.org/W4413536118,"Multiparametric MRI for differential diagnosis of primary central nervous system lymphoma and atypical glioblastoma: an analysis incorporating DWI, DCE-MRI, and contrast agent preload DSC-PWI",Q1,1
https://openalex.org/W4413553156,Use of Routine Health Data to Monitor Malaria Intervention Effectiveness: A Scoping Review,Q4,1
https://openalex.org/W4413636979,Modular and cloud-based bioinformatics pipelines for high-confidence biomarker detection in cancer immunotherapy clinical trials,Q4,1
https://openalex.org/W4413709741,"Preserving Scientific Integrity in Academic Publishing: Navigating Artificial Intelligence, Journal Policies, and the Impact Factor as a Quality Indicator",Q5,1
https://openalex.org/W4413754349,Data is not available upon request,Q1,1
https://openalex.org/W4413775354,Improving Statistical Reporting in Psychology,"Q1, Q7, Q8",3
https://openalex.org/W4413779294,A Novel Clonorchis sinensis Mitogenome: Elucidating Multiregional Strain Phylogeny and Revising the Digenean Mitochondrial Genome Tree,Q1,1
https://openalex.org/W4413780291,Restructuring scientific papers for human and AI readers,"Q1, Q7, Q8",3
https://openalex.org/W4413787322,A methodology for Electrics/Electronics platform release management in the automotive domain,Q4,1
https://openalex.org/W4413789585,Ex Vivo Traceability Platform for Phospholipoproteomic Formulations: Functional Evidence Without Clinical Exposure,Q6,1
https://openalex.org/W4413796097,Probabilistic Record Linkage Using Pretrained Text Embeddings,"Q1, Q8, Q9",3
https://openalex.org/W4413817837,"surveydown: An open-source, markdown-based platform for programmable and reproducible surveys","Q1, Q7, Q8, Q9, Q10, Q15",6
https://openalex.org/W4413821545,Technical and clinical validation of a novel deep learning-based white matter hyperintensity segmentation tool,Q1,1
https://openalex.org/W4413832071,&lt;b&gt;Problem Identification in In-Vitro Evaluation of Class II Amalgam Restoration Performed by Undergraduate Dental Students&lt;/b&gt;,"Q2, Q13",2
https://openalex.org/W4413847374,Impaired Lung Function and Quality of Life Outcomes in Patients with Tuberculosis: A Cross-Sectional Study,Q2,1
https://openalex.org/W4413855868,Role of speA Gene Expression in Streptococcus pyogenes of Infectious Diseases,Q2,1
https://openalex.org/W4413867808,The Homicide Offender Motive Scale ( <scp>HOMS</scp> ): A classification system for homicide motives based on a qualitative systematic review,Q2,1
https://openalex.org/W4413874977,On the Dearth of Retractions in Social Work: A Cross-Sectional Study of Ten Leading Journals,"Q1, Q8, Q10",3
https://openalex.org/W4413883952,Time: the Cost of Reproducibility,Q4,1
https://openalex.org/W4413885152,AHN-BudgetNet: Cost-Aware Multimodal Feature-Acquisition Architecture for Parkinson’s Disease Monitoring,"Q1, Q7",2
https://openalex.org/W4413950598,Mining and Processing of Mineral Resources: A Comparative Study of Simulated and Operational Processes,Q6,1
https://openalex.org/W4413970107,Insights from metagenomics on microbial biosynthesis of vitamins B and K2 in chicken gut microbiota,Q3,1
https://openalex.org/W4413983670,Error report for Cikara et al. (2014),Q1,1
https://openalex.org/W4413997659,Accelerated sol–gel synthesis of nanoporous silica <i>via</i> integrated small angle X-ray scattering with an open-source automation platform,Q6,1
https://openalex.org/W4414002173,Adaptive Monitoring and Real-World Evaluation of Agentic AI Systems,Q3,1
https://openalex.org/W4414016659,"Collagenous gastritis: clinical features, histologic correlates and unanswered questions",Q2,1
https://openalex.org/W4414020860,A Geospatial Framework for Retail Suitability Modelling and Opportunity Identification in Germany,Q3,1
https://openalex.org/W4414034759,“We Share Our Code Online”: Why This Is Not Enough to Ensure Reproducibility and Progress in Recommender Systems Research,Q2,1
https://openalex.org/W4414036811,Data science pipelines in lakehouse architectures: A scalable approach to big data analytics,Q4,1
https://openalex.org/W4414048176,New Trends in Image Restoration based on Artificial Intelligent Models: Analytical Study,Q3,1
https://openalex.org/W4414057341,Highly sensitive humidity sensor based on sub-micron level TiO2 flowers structure,Q6,1
https://openalex.org/W4414059403,Adaptive Monitoring and Real-World Evaluation of Agentic AI Systems,Q3,1
https://openalex.org/W4414065299,Rapid and Efficient Magnetic Nanoparticle-Based Method for Cd Determination in Brazilian Cachaça Using Flame Atomic Absorption Spectrometry,Q2,1
https://openalex.org/W4414083471,Spirometry Interpretation in Children With Sickle Cell Disease: <scp>GLI</scp> Global Versus Race‐Specific Normative Equations,Q2,1
https://openalex.org/W4414083522,Improving research on developmental psychopathology with Registered Reports,"Q1, Q8, Q9, Q10",4
https://openalex.org/W4414084654,The systematic assessment of completeness of public metadata accompanying omics studies in the Gene Expression Omnibus data repository,"Q1, Q8",2
https://openalex.org/W4414129453,Reproducibility and replication of research results,Q5,1
https://openalex.org/W4414130372,Improving Prescription Completeness and Reducing Prescription Errors in a Neonatal Intensive Care Unit: A Quality Improvement Initiative From a Tertiary Care Centre in North India,Q3,1
https://openalex.org/W4414133540,"Trustworthy agentic AI systems: a cross-layer review of architectures, threat models, and governance strategies for real-world deployment","Q1, Q15",2
https://openalex.org/W4414136274,Robust software development practices improve citations of RNA-seq tools,Q1,1
https://openalex.org/W4414136617,ОПТИМІЗАЦІЯ ГІПЕРПАРАМЕТРІВ XGBOOST ДЛЯ ІНТЕЛЕКТУАЛЬНИХ СИСТЕМ ПРОГНОЗУВАННЯ B2B-ЗАМОВЛЕНЬ,Q1,1
https://openalex.org/W4414138212,Prime Sine Function and The Riemann Hypothesis,Q1,1
https://openalex.org/W4414142579,Adaptive Monitoring and Real-World Evaluation of Agentic AI Systems,Q3,1
https://openalex.org/W4414147728,"NeuroChainOps: A Privacy-Preserving, Blockchain-Backed MLOps Framework for Federated Neural Architecture Search",Q4,1
https://openalex.org/W4414154233,Efficacy and safety of Sublingual immunotherapy for allergic rhinitis: an overview of systematic reviews and meta analyses,Q6,1
https://openalex.org/W4414155498,A Re-Appraisal of Three Network Meta-Analyses to Explain the Discrepancy in Findings for the Efficacy of Fluoxetine for the Treatment of Depression in Children and Adolescents,Q1,1
https://openalex.org/W4414194274,Bronchodilator Responsiveness in preterm-born children with chronic lung disease: Importance of Individualized Testing,Q2,1
https://openalex.org/W4414201528,"Impact of Artificial Intelligence on Education and Research: Pedagogy, Learning Analytics, and Academic Transformation","Q1, Q7, Q8, Q15",4
https://openalex.org/W4414203639,cpm: a python library for theory-driven modelling in computational psychiatry,Q1,1
https://openalex.org/W4414217912,Autonomous navigation system for a rover with robotic arm using convolutional neural networks,Q4,1
https://openalex.org/W4414224041,"TAFFISH: A lightweight, modular, and containerized workflow framework for reproducible bioinformatics analyses",Q1,1
https://openalex.org/W4414229989,"Qualitative Research in an Era of AI: A Pragmatic Approach to Data Analysis, Workflow, and Computation","Q1, Q8, Q10",3
https://openalex.org/W4414230310,Towards reproducible machine learning-based process monitoring and quality prediction research for additive manufacturing,Q3,1
https://openalex.org/W4414239696,P8 Simplifying spirometry: is one effort enough to rule out obstructive impairment?,Q2,1
https://openalex.org/W4414239716,P7 Is one spirometry attempt sufficient for pre-operative assessment?,Q2,1
https://openalex.org/W4414246419,Respiratory Muscle Strength in Healthy Children Aged 6 Years and Under: An Observational Study,Q2,1
https://openalex.org/W4414282998,A Machine-Learning Pipeline for Predicting Methanol Yield in a Double-Pass Plug-Flow Reactor Using a Synthetic Langmuir–Hinshelwood Dataset,Q3,1
https://openalex.org/W4414288066,"One‐Pot Synthesis of Novel <i>β</i> ‐Carboline‐{α‐Acylaminoamide}‐Bisindole Derivatives: Antibacterial Evaluation, Molecular Docking, and Density Functional Theory Studies",Q6,1
https://openalex.org/W4414292339,A Statistical Model of Bipartite Networks: Application to Cosponsorship in the United States Senate,"Q1, Q8, Q9, Q10, Q15",5
https://openalex.org/W4414292559,Flexible Use of the NUSS in Non-Union Surgery: Value of Intraoperative Bone Loss Assessment and Overtreatment,Q2,1
https://openalex.org/W4414304365,Leakage-Aware LLM Augmentation for Attrition Prediction: A Decision-Centric Evaluation,Q3,1
https://openalex.org/W4414308897,<i>bregr</i> : An R Package for Streamlined Batch Processing and Visualization of Biomedical Regression Models,"Q1, Q8",2
https://openalex.org/W4414339956,Artificial Intelligence for Early Detection of Preeclampsia and Gestational Diabetes Mellitus: A Systematic Review of Diagnostic Performance,Q1,1
https://openalex.org/W4414341611,Crowdsourcing multiverse analyses to explore the impact of different data-processing and analysis decisions: A tutorial.,"Q1, Q8, Q10",3
https://openalex.org/W4414352147,"Development and Verification of a FEM Model of Wheel–Rail Contact, Suitable for Large Parametric Analysis of Independent Guided Wheels",Q6,1
https://openalex.org/W4414352303,A conceptual review of uses and meanings of reproducibility and replication,"Q1, Q7, Q8, Q9, Q10",5
https://openalex.org/W4414376457,Assessing the Impact of Different Spirometric Equations on Asthma Severity and Control Among Children in Jordan: A Retrospective Study,"Q2, Q13",2
https://openalex.org/W4414383910,On the Robustness of the Successive Projection Algorithm,Q5,1
https://openalex.org/W4414404242,A GIS-Native Framework for Qualitative Place Models: Implementation and Evaluation,Q6,1
https://openalex.org/W4414409244,Foreground-Centric learning improves robustness in fine-grained visual recognition,Q3,1
https://openalex.org/W4414436936,Toward a Quantitative Framework for Mineral Reserve Classification: Issues in Mineral Reserve Reporting and Global Comparability,Q2,1
https://openalex.org/W4414512388,Data is not available upon request,Q1,1
https://openalex.org/W4414529090,Seeing the bigger picture: endogenous opioids mediate attentional broadening after reward receipt,Q1,1
https://openalex.org/W4414534756,Correlation Between Construction Typology and Accident Rate—Case Study: Balearic Islands (Spain),"Q2, Q12",2
https://openalex.org/W4414565906,Reproducibility and Artifact Consistency of the SIGIR 2022 Recommender Systems Papers Based on Message Passing,"Q1, Q5",2
https://openalex.org/W4414594145,PupEyes: An Interactive Python Library for Eye Movement Data Processing,"Q1, Q8",2
https://openalex.org/W4414595773,Yb <sup>3+</sup> ‐Complex‐Mediated Assembly of CsPbBr <sub>3</sub> Nanocrystals Enables Multilevel Optical Encryption,Q6,1
https://openalex.org/W4414601891,Cyberinfrastructure to Support Ecological Forecasting Challenges,Q1,1
https://openalex.org/W4414614974,From Strings to Semantics: A Methodology for the Automated Semantic Validation for Conversational AI,Q4,1
https://openalex.org/W4414629582,A general method for estimating reliability using Bayesian Measurement Uncertainty,"Q1, Q8",2
https://openalex.org/W4414663560,Association between BRINDA-corrected iron metabolism and lung function in the community: the CoLaus|PneumoLaus study,Q2,1
https://openalex.org/W4414680423,Classifying National Pathways of Sustainable Development through Bayesian Probabilistic Modelling,"Q1, Q7, Q15",3
https://openalex.org/W4414682940,Sensitive Sub‐THz Photodetection in Twisted Graphene with Broad Spectral Response,Q6,1
https://openalex.org/W4414712878,RESEARCH OF MATHEMATICAL METHODS AND MEDICAL ALGORITHMS FOR DIFFERENTIAL DIAGNOSTICS BASED ON LABORATORY DATA,Q6,1
https://openalex.org/W4414764971,Edge-Enhanced Federated Optimization for Real-Time Silver-Haired Whirlwind Trip,Q6,1
https://openalex.org/W4414768277,"Toward a Smart Regulatory Ecosystem: The Convergence of Artificial Intelligence, Analytical Chemistry and Global Drug Approval Pathways",Q1,1
https://openalex.org/W4414773171,Improving reproducibility of data analysis and code in medical research: 5 recommendations to get started,Q1,1
https://openalex.org/W4414781699,Study Area Map Generator: A Web-Based Shiny Application for Generating Country-Level Study Area Maps for Scientific Publications,Q1,1
https://openalex.org/W4414798553,Computational immunology in venom research: a systematic review of epitope prediction and validation approaches,Q1,1
https://openalex.org/W4414808569,ACON: Optimizing Context Compression for Long-horizon LLM Agents,Q6,1
https://openalex.org/W4414820862,The Disparate Impacts of Speculative Decoding,Q3,1
https://openalex.org/W4414829550,A Dataset For Computational Reproducibility,Q1,1
https://openalex.org/W4414845819,Adoption of Robotic Process Automation in the accounting area by a cooperative credit system: Metrics and motivators,"Q2, Q13",2
https://openalex.org/W4414876758,Thousands of AI Authors on the Future of AI,Q3,1
https://openalex.org/W4414882938,Facilitating Scientific Reproducibility and Interoperability through CWL Integration in the Dirac Grid Middleware,Q1,1
https://openalex.org/W4414927352,"Explore Briefly, Then Decide: Mitigating LLM Overthinking via Cumulative Entropy Regulation",Q1,1
https://openalex.org/W4414939390,Diffusion Recommender Models and the Illusion of Progress: A Concerning Study of Reproducibility and a Conceptual Mismatch,"Q2, Q3",2
https://openalex.org/W4414946812,Tail-Safe Hedging: Explainable Risk-Sensitive Reinforcement Learning with a White-Box CBF--QP Safety Layer in Arbitrage-Free Markets,Q3,1
https://openalex.org/W4414951773,Collective Intelligence: On the Promise and Reality of Multi-Agent Systems for AI-Driven Scientific Discovery,"Q1, Q8",2
https://openalex.org/W4414969712,Which infrastructure can I use to share human neuroimaging data? A guide for researchers based in the EU,Q1,1
https://openalex.org/W4414975327,Verification of the Black Hole Area Law with GW230814,Q3,1
https://openalex.org/W4415021902,PLUTUS Open Source -- Breaking Barriers in Algorithmic Trading,Q3,1
https://openalex.org/W4415036172,AutoReproduce: Automatic AI Experiment Reproduction with Paper Lineage,Q1,1
https://openalex.org/W4415044861,A Data-Driven Analysis of Cognitive Learning and Illusion Effects in University Mathematics,Q1,1
https://openalex.org/W4415065522,Development and evaluation of image preprocessing pipelines for the Centiloid method on Down Syndrome data,Q2,1
https://openalex.org/W4415071954,apathe: American Psychological Association Thesis Templates for R Markdown,Q1,1
https://openalex.org/W4415086636,Causes and Canonicalization of Unreproducible Builds in Java,Q6,1
https://openalex.org/W4415092508,GeDi: Simplifying Gene Set Distances for Enhanced Omics Interpretation in R/Bioconductor,"Q1, Q10",2
https://openalex.org/W4415118234,AI Judging Architecture for Well-Being: Large Language Models Simulate Human Empathy and Predict Public Preference,"Q2, Q12",2
https://openalex.org/W4415131230,A Unified Framework for Detecting Diverse Voice Spoofing Attacks,Q1,1
https://openalex.org/W4415136589,FAIRJupyter4AI: A Corpus of Computational Notebooks for AI,Q1,1
https://openalex.org/W4415149655,Potential biomarkers for tuberculous meningitis diagnosis using metabolomics and proteomics: a systematic review,Q2,1
https://openalex.org/W4415160007,Let's Talk About It: Making Scientific Computational Reproducibility Easy,"Q1, Q7",2
https://openalex.org/W4415169358,Current Key Intersections between Theoretical and Computational Archaeology,"Q1, Q8",2
https://openalex.org/W4415199305,GBM Returns the Best Prediction Performance among Regression Approaches: A Case Study of Stack Overflow Code Quality,Q3,1
https://openalex.org/W4415206657,Machine learning-based stratification of mild cognitive impairment in Parkinson’s disease: a multicenter cross-sectional analysis,Q2,1
https://openalex.org/W4415221481,Artificial embodied circuits uncover neural architectures of vertebrate visuomotor behaviors,Q1,1
https://openalex.org/W4415230806,Whose Personae? Synthetic Persona Experiments in LLM Research and Pathways to Transparency,"Q1, Q8",2
https://openalex.org/W4415232841,BioDataHub: An Integrated VS Code Extension for Streamlined Bioinformatics Dataset Analysis and Visualization,Q1,1
https://openalex.org/W4415245657,Snakemaker: Seamlessly transforming ad-hoc analyses into sustainable Snakemake workflows with generative AI,Q1,1
https://openalex.org/W4415250368,Science Editor Symposium: Reproducibility &amp; Reporting Guidelines,"Q1, Q9",2
https://openalex.org/W4415258850,RMA-nator: Operating Through Failure with Forecast-Guided Link Management at Hyperscale,Q3,1
https://openalex.org/W4415265619,"Two-phase sampling for stratification in the Swiss National Forest Inventory. Concepts, implementation in the Data Analysis Application, and mathematical foundations",Q1,1
https://openalex.org/W4415272045,"Open and Sustainable AI: challenges, opportunities and the road ahead in the life sciences (October 2025 -- Version 2)",Q1,1
https://openalex.org/W4415319882,Metabolomics in neonatal sepsis: A critical appraisal of current evidence,Q1,1
https://openalex.org/W4415322067,Glossary for Research Software,"Q1, Q8",2
https://openalex.org/W4415329215,Average Reward Reinforcement Learning for Omega-Regular and Mean-Payoff Objectives,Q3,1
https://openalex.org/W4415332639,Similarity-Based Assessment of Computational Reproducibility in Jupyter Notebooks,Q1,1
https://openalex.org/W4415333621,Liquid-fueled oblique detonation waves induced by reactive and non-reactive transverse liquid jets,Q1,1
https://openalex.org/W4415334698,Semantic Representation of Processes with Ontology Design Patterns,Q1,1
https://openalex.org/W4415369222,Reproducibility of a Digital Twin of Glimepiride for Personalized and Stratified Diabetes Treatment,Q1,1
https://openalex.org/W4415379496,"Enhancing atrial fibrillation risk prediction in an observational cohort of tobacco-exposed individuals: the role of pulmonary function tests, symptom scores, and imaging",Q2,1
https://openalex.org/W4415381527,Context is Key for Reproducibility of Empirical Studies in Human-Computer Interaction,"Q1, Q7, Q8",3
https://openalex.org/W4415381546,Poster: Toward a Systematic Assessment of Map Reproduction Success Using OCR,Q1,1
https://openalex.org/W4415381549,CompRep: A Dataset For Computational Reproducibility,Q1,1
https://openalex.org/W4415381560,Checklists for Computational Reproducibility in Social Sciences: Insights from Literature and Survey Evaluation,"Q1, Q8",2
https://openalex.org/W4415381623,Implementing a Reproducibility Initiative in HPC: Experiences from SC'24,Q5,1
https://openalex.org/W4415400476,The Unified Prime Equation and the Z Constant: A Constructive Path Toward the Riemann Hypothesis,Q1,1
https://openalex.org/W4415421380,The potential role of cannabidiol (CBD) in lung cancer therapy: a systematic review of preclinical and clinical evidence,Q3,1
https://openalex.org/W4415429072,Classifying polish in use-wear analysis with convolutional neural networks,Q1,1
https://openalex.org/W4415448276,Affordability in Hours: A Time-Indexed Minimum Wage and an Essential Hours Credit,Q3,1
https://openalex.org/W4415460848,Social Cure and Savouring: Attending Live Music Events Is Associated With Well‐Being and Behaviour Changes,Q1,1
https://openalex.org/W4415464318,"Chromosome-level genome assembly of Fusarium tricinctum, a fungal pathogen associated with root rot in alfalfa",Q2,1
https://openalex.org/W4415488891,Quantum-Gravitational-Informational Theory: A First-Principles Framework for Fundamental Physics,Q3,1
https://openalex.org/W4415501062,Determination of Voltage Margin Decision Boundaries via Logistic Regression for Distribution System Operations,Q2,1
https://openalex.org/W4415524803,"Masters Theses and Doctoral Dissertations, Summer 2023 – Spring 2025","Q1, Q9",2
https://openalex.org/W4415524824,"Complete Issue - Vol 83, No 1 (2025)","Q1, Q9",2
https://openalex.org/W4415554699,Customer Sentiment Intelligence: A Comprehensive Analysis of TripAdvisor Hotel Reviews for Strategic Business Optimization,Q4,1
https://openalex.org/W4415559134,Unfolding the Black Box of Recurrent Neural Networks for Path Integration,Q4,1
https://openalex.org/W4415584949,Overcoming barriers to reproducibility in geoscientific data analysis: Challenges and practical implementation strategies,Q1,1
https://openalex.org/W4415584952,Overcoming barriers to reproducibility in geoscientific data analysis: Challenges and practical implementation strategies,"Q1, Q7, Q8, Q10",4
https://openalex.org/W4415600284,Molecular diagnosis of the Seville root-knot nematode Meloidogyne hispanica based on SCAR marker,Q6,1
https://openalex.org/W4415600306,No–Inflation Under Pachner Moves for Teichmüller State–Integrals: A DSFL Residual Monotonicity Theorem,Q6,1
https://openalex.org/W4415604753,Appraisal and Semiotics of Motherhood: A Comparative Study of English and Uzbek Literary Discourse,Q2,1
https://openalex.org/W4415621004,"Experimental evaluation of alterations in crude oil properties induced by hydrochloric acid, reservoir rock powder, and surfactants",Q6,1
https://openalex.org/W4415621304,Time Kill Curve <scp>PD</scp> Modelling Experiments Are Affected by Trailing <scp>MIC</scp> Endpoints: Refinement of <scp>MIC</scp> Determination for <scp> <i>S. pseudintermedius</i> </scp>,Q2,1
https://openalex.org/W4415626947,Mediating role of inspiratory muscle strength in the relationship between abdominal obesity and lung function in young individuals: a cross-sectional study,Q2,1
https://openalex.org/W4415643702,Deepfake in Digital Business: Systematic Review of Strategies,"Q1, Q15",2
https://openalex.org/W4415659391,Theta as a Horn Solver,Q6,1
https://openalex.org/W4415684316,Scientific Computing and Numerical Analysis: Tools for Mathematical Modeling and Simulation,Q6,1
https://openalex.org/W4415699537,The Replication Dilemma: Potential Challenges in Measuring Replication Value—A Commentary on Isager et al. (2025),Q2,1
https://openalex.org/W4415715380,"Maslinic Acid Supplementation Suppressed Early Onset Muscle Soreness and Systemic Fatigue after Full Marathon: A Randomized, Double-Blind, Placebo-Controlled Trial",Q1,1
https://openalex.org/W4415716303,"EVALUATING AND REGULATING AGENTIC AI: A STUDY OF BENCHMARKS, METRICS, AND REGULATION","Q1, Q7, Q8",3
https://openalex.org/W4415726874,"Systematic Literature Review On Explainable AI In Finance: Methods, Applications, And Research Gaps","Q2, Q12, Q13",3
https://openalex.org/W4415775668,Recommendation of: The biogeography of evolutionary radiations on oceanic archipelagos. Round#2,Q1,1
https://openalex.org/W4415783817,An Experimental Study on the Thermal Runaway Characteristics of Single and Multiple Lithium-Ion Cells,Q6,1
https://openalex.org/W4415817736,Genomic selection and reproducibility: are complex models distracting us from true scientific validity in the presence of genotype-by-environment interaction?,Q1,1
https://openalex.org/W4415836304,Energy–Bridge Transfer Law: A Quantitative Bridge Between Topology and Dynamics in Graph Systems,Q1,1
https://openalex.org/W4415836969,A Geometric Analysis of Quantum-Inspired LocalTensor Regression: Formal Proofs of Convergence and Tractability,Q1,1
https://openalex.org/W4415838343,The Graded–Spike Continuum Law: A Unified Framework Linking Discrete Spiking and Continuous Learning Dynamics,Q1,1
https://openalex.org/W4415842909,"Multiscale Predictive Cellular Modeling: Integrating Hypothesis Grammars, Digital Twins, and Multi-Omics for &lt;em&gt;In Silico&lt;/em&gt; Oncology and Precision Theranostics",Q6,1
https://openalex.org/W4415882006,Toward a woven literature: Open-source infrastructure for networked scientific publishing,"Q1, Q8",2
https://openalex.org/W4415918848,"Olaparib, durvalumab, and cyclophosphamide, and a prognostic blood signature in platinum-sensitive ovarian cancer: the randomized phase 2 SOLACE2 trial",Q1,1
https://openalex.org/W4415929240,Performance evaluation of dual-energy X-ray screening system,Q6,1
https://openalex.org/W4415953727,QUANTUM-RESISTANT CRYPTOGRAPHIC PROTOCOLS INTEGRATED WITH AI FOR SECURING CLOUD AND IOT ENVIRONMENTS,"Q2, Q12",2
https://openalex.org/W4415958900,Enhancing translational research in metastatic cancer through an open science environment: the UPTIDER experience,"Q1, Q8, Q10",3
https://openalex.org/W4415964456,"Empowering Real-World: A Survey on the Technology, Practice, and Evaluation of LLM-driven Industry Agents","Q1, Q7, Q8, Q15",4
https://openalex.org/W4415966503,A Generalizable Distribution Structure Analysis Algorithm with Audit-Ready Framework for Medical Research,Q4,1
https://openalex.org/W4415985218,Recommendation of: Assessing the potential of ancient protein sequences in the study of hominid evolution. Round#2,Q1,1
https://openalex.org/W4415985229,Author response of: Assessing the potential of ancient protein sequences in the study of hominid evolution. Round#1,Q1,1
https://openalex.org/W4415985236,Review of: Assessing the potential of ancient protein sequences in the study of hominid evolution. Round#1/Reviewer#2,Q1,1
https://openalex.org/W4415985237,Review of: Assessing the potential of ancient protein sequences in the study of hominid evolution. Round#1/Reviewer#1,Q1,1
https://openalex.org/W4415985238,Review of: Assessing the potential of ancient protein sequences in the study of hominid evolution. Round#2/Reviewer#1,Q1,1
https://openalex.org/W4415989253,Addressing Reproducibility Challenges in HPC with Continuous Integration,Q4,1
https://openalex.org/W4415992278,The Role of Laparoscopic Triage in the Management of Advanced Ovarian Cancer: A Review of Literature,Q2,1
https://openalex.org/W4415995731,Minimal Automaton and Asymptotics for the Parity of Zeckendorf Digit Sums,Q1,1
https://openalex.org/W4416021931,Guided by Stars: Interpretable Concept Learning Over Time Series via Temporal Logic Semantics,Q3,1
https://openalex.org/W4416025490,GUI-360$^\circ$: A Comprehensive Dataset and Benchmark for Computer-Using Agents,Q6,1
https://openalex.org/W4416026346,Blockchain-enforced data lineage architectures with formal verification workflows enabling auditable AI decision chains across regulated fintech compliance regimes and supervisory reporting,Q6,1
https://openalex.org/W4416026872,Jr. AI Scientist and Its Risk Report: Autonomous Scientific Exploration from a Baseline Paper,Q1,1
https://openalex.org/W4416034576,AIRepr: An Analyst-Inspector Framework for Evaluating Reproducibility of LLMs in Data Science,Q2,1
https://openalex.org/W4416034580,From Hypothesis to Publication: A Comprehensive Survey of AI-Driven Research Support Systems,"Q1, Q7, Q8",3
https://openalex.org/W4416034631,Can You Trick the Grader? Adversarial Persuasion of LLM Judges,Q3,1
https://openalex.org/W4416037642,Exploring smaller batch sizes for a high-performing BabyLM model architecture,Q3,1
https://openalex.org/W4416037863,ConfReady: A RAG based Assistant and Dataset for Conference Checklist Responses,Q3,1
https://openalex.org/W4416046054,Computational Reproducibility of R Code Supplements on OSF,Q1,1
https://openalex.org/W4416047179,Evaluating Infrastructure Bottlenecks in Distributed AI Training: A Performance Benchmark Study,Q1,1
https://openalex.org/W4416047848,"Limited Generalizability in Argument Mining: State-Of-The-Art Models Learn Datasets, Not Arguments",Q2,1
https://openalex.org/W4416049127,Silent Witnesses: Exploring the Impact of Cone Beam Computed Tomography on Forensic Investigations,Q6,1
https://openalex.org/W4416067884,From stone to tool: how raw materials influenced Upper Palaeolithic technology in southwestern Iberia (Vale Boi),"Q1, Q15",2
https://openalex.org/W4416074985,Explainability-Based Token Replacement on LLM-Generated Text,Q3,1
https://openalex.org/W4416078530,<i>How Fair is FAIR?</i> Understanding LOD Cloud FAIRness Through Correlation Patterns,Q4,1
https://openalex.org/W4416082646,Using Synthetic Data in Communication Sciences and Disorders to Promote Computational Reproducibility and Transparency,"Q1, Q11",2
https://openalex.org/W4416097959,Infrastructure As Code In AI Engineering: Towards Reproducible And Efficient Model Deployment,Q1,1
https://openalex.org/W4416117351,"Evaluating and Regulating Agentic AI: A Study of Benchmarks, Metrics, and Regulation","Q1, Q7, Q8",3
https://openalex.org/W4416123153,АВТОМАТИЗОВАНА СИСТЕМА ВІДБОРУ ОЗНАК ДЛЯ КОМП’ЮТЕРНО-ІНТЕГРОВАНОГО ПРОГНОЗУВАННЯ УСПІШНОСТІ B2B-ЗАМОВЛЕНЬ З ВИКОРИСТАННЯМ XGBOOST,Q1,1
https://openalex.org/W4416123477,A Framework-Driven Evaluation and Survey of MCU Fault Injection Resilience for IoT,Q6,1
https://openalex.org/W4416130907,Natural Language Processing of ESG Disclosures with FinBERT and AraBERT: Insights into Retail Investor Flows in the Abu Dhabi Securities Exchange (ADX),"Q1, Q7, Q14, Q15",4
https://openalex.org/W4416131252,A Photomicrographic Dataset of Rocks for the Accurate Classification of Minerals,Q1,1
https://openalex.org/W4416132319,Unsupervised Machine Learning for Scientific Discovery: Workflow and Best Practices,"Q1, Q7, Q8, Q9",4
https://openalex.org/W4416148316,Open science practices among early-career human-computer interaction researchers in the US,"Q1, Q7, Q8",3
https://openalex.org/W4416148515,"AI Research Is Not Magic, It Has to Be Reproducible and Responsible: Challenges in the AI Field from the Perspective of Its PhD Students",Q5,1
https://openalex.org/W4416158869,SMiLE: Provably Enforcing Global Relational Properties in Neural Networks,Q3,1
https://openalex.org/W4416163767,"Review of: Increased clonality, decreased allele diversity and high genetic structure in tetraploid sea anemone Aulactinia stella populations from North Pacific to Atlantic across the Arctic Ocean. Round#1/Reviewer#2",Q1,1
https://openalex.org/W4416163785,"Decision Revise: Increased clonality, decreased allele diversity and high genetic structure in tetraploid sea anemone Aulactinia stella populations from North Pacific to Atlantic across the Arctic Ocean. Round#2",Q1,1
https://openalex.org/W4416163884,"Review of: Increased clonality, decreased allele diversity and high genetic structure in tetraploid sea anemone Aulactinia stella populations from North Pacific to Atlantic across the Arctic Ocean. Round#2/Reviewer#2",Q1,1
https://openalex.org/W4416164138,"Author response of: Increased clonality, decreased allele diversity and high genetic structure in tetraploid sea anemone Aulactinia stella populations from North Pacific to Atlantic across the Arctic Ocean. Round#1",Q1,1
https://openalex.org/W4416164233,"Review of: Increased clonality, decreased allele diversity and high genetic structure in tetraploid sea anemone Aulactinia stella populations from North Pacific to Atlantic across the Arctic Ocean. Round#2/Reviewer#1",Q1,1
https://openalex.org/W4416165032,"Recommendation of: Increased clonality, decreased allele diversity and high genetic structure in tetraploid sea anemone Aulactinia stella populations from North Pacific to Atlantic across the Arctic Ocean. Round#3",Q1,1
https://openalex.org/W4416184938,Multi-objective Hyperparameter Optimization in the Age of Deep Learning,Q3,1
https://openalex.org/W4416187245,Deep Learning for Predicting Lumbar Instability Using Neutral Lateral Lumbar Radiographs: A Retrospective Study,Q2,1
https://openalex.org/W4416189579,CC30k: A Citation Contexts Dataset for Reproducibility-Oriented Sentiment Analysis,Q1,1
https://openalex.org/W4416190322,"Prudential Reliability of Large Language Models in Reinsurance: Governance, Assurance, and Capital Efficiency",Q4,1
https://openalex.org/W4416190586,<i>In silico</i> assessment of arrhythmic risk following the implantation of engineered heart tissues in porcine hearts with varying infarct locations,Q1,1
https://openalex.org/W4416192634,“Cake causes herpes?” - promiscuous dichotomisation induces false positives,Q1,1
https://openalex.org/W4416192801,"Review of: Increased clonality, decreased allele diversity and high genetic structure in tetraploid sea anemone Aulactinia stella populations from North Pacific to Atlantic across the Arctic Ocean. Round#3/Reviewer#1",Q1,1
https://openalex.org/W4416195090,"ClauseLens: Clause-Grounded, CVaR-Constrained Reinforcement Learning for Trustworthy Reinsurance Pricing","Q1, Q14, Q15",3
https://openalex.org/W4416203496,Genomic diversity and antimicrobial resistance of Staphylococcus aureus in Saudi Arabia: a nationwide study using whole-genome sequencing,Q1,1
https://openalex.org/W4416203792,Addressing Reproducibility Challenges in HPC with Continuous Integration,Q4,1
https://openalex.org/W4416205219,Complex Resonance of Origami Wave–Nuclei CROWN,Q3,1
https://openalex.org/W4416205543,Multi-Omics Approaches in Clinical Chemistry: Unveiling Novel Cancer Biomarkers for Precision Oncology,Q2,1
https://openalex.org/W4416210605,Impact of image preprocessing methods on MRI radiomics feature variability and classification performance in Parkinson’s disease motor subtype analysis,Q1,1
https://openalex.org/W4416210615,Improving statistical reporting in psychology,"Q1, Q8",2
https://openalex.org/W4416223424,Agent-Poster: A Multi-Scale Feature Fusion Emotion Recognition Model Based on an Agent Attention Mechanism,Q4,1
https://openalex.org/W4416229882,Standardizing Design-Stage Digital-Twin Assets in a Smart Home for Building Data Management: Workflow Design and Validation Based on IfcGUID Compliance,Q3,1
https://openalex.org/W4416232393,Open science practices and new statistics in the Yearbook of Music Psychology: A bibliometric analysis,"Q1, Q8",2
https://openalex.org/W4416233590,(Demo) Robotic Process Automation Testing and Validation Platform for Open-source 5G Stack,Q6,1
https://openalex.org/W4416236441,GSAP-ERE: Fine-Grained Scholarly Entity and Relation Extraction Focused on Machine Learning,Q1,1
https://openalex.org/W4416239203,On the Role of Electronic Correlation and State‐Specific Environment Polarization in Singlet–Triplet Gap Inversion,Q1,1
https://openalex.org/W4416241313,Phishing Website Detection Using Artificial Intelligence,Q3,1
https://openalex.org/W4416245698,DuoLens: A Framework for Robust Detection of Machine-Generated Multilingual Text and Code,Q3,1
https://openalex.org/W4416246692,Code Sharing in Healthcare Research: A Practical Guide and Recommendations for Good Practice,Q1,1
https://openalex.org/W4416248323,Stochastic dynamics of quasiparticles in the hard rod gas,Q1,1
https://openalex.org/W4416253509,Identifying What’s Vital in Shift Handover: The ABC-VITAL Model for ED Transitions,Q3,1
https://openalex.org/W4416259227,Is Research Software Science a Metascience?,Q1,1
https://openalex.org/W4416264751,“Works on My Machine”: A Case Study of Replicability Challenges in Computational Humanities Research,Q1,1
https://openalex.org/W4416275178,Unified Temporal-Spatial Fractal Mirror Cycles Theory: A Comprehensive Framework for Quantum-Cosmological Unification&amp;nbsp;,Q1,1
https://openalex.org/W4416277875,Comparison of Periprosthetic Bone Mineral Density between Cruciate-Retaining and Posterior-Stabilised Designs in Cementless Total Knee Arthroplasty,Q6,1
https://openalex.org/W4416284357,Daha Sağlıklı Bir Gelecek: Sağlık Bilimlerinde Yeni Yaklaşımlar,Q6,1
https://openalex.org/W4416287192,Framework for interdisciplinary research between engineering and behavioral sciences,"Q1, Q8, Q10",3
https://openalex.org/W4416294141,Intelligent Test Data Generation for Conversational AI Systems: A Comprehensive Review,Q4,1
https://openalex.org/W4416296216,Citizen Science and STEM Education with R: AI–IoT Forecasting and Reproducible Learning from Open Urban Air Quality Data,"Q1, Q6",2
https://openalex.org/W4416296796,Advancing Internal Dosimetry in Personalized Nuclear Medicine: Toward Optimized Radiopharmaceutical Use in Clinical Practice,Q1,1
https://openalex.org/W4416308109,Author response of: A model for background selection in non-equilibrium populations. Round#1,Q1,1
https://openalex.org/W4416308111,Decision Revise: A model for background selection in non-equilibrium populations. Round#1,Q1,1
https://openalex.org/W4416308146,Review of: A model for background selection in non-equilibrium populations. Round#1/Reviewer#3,Q1,1
https://openalex.org/W4416309986,Spatial Patterns and Species Distribution Model-Based Conservation Priorities for Scrophularia takesimensis on Ulleungdo,Q1,1
https://openalex.org/W4416310131,Delta-Radiomics Biomarker in Colorectal Cancer Liver Metastases Treated with Cetuximab Plus Avelumab (CAVE Trial),Q1,1
https://openalex.org/W4416321844,"Quantifying the Scaling Effects of Urban Green Infrastructure on Air Quality and Greenhouse Gas Dynamics: Insights from a Multi-Site Evaluation in Athens, Greece",Q4,1
https://openalex.org/W4416322438,A RAG-Augmented LLM for Yunnan Arabica Coffee Cultivation,"Q2, Q6",2
https://openalex.org/W4416328422,Early-life viability selection targets deleterious mutations in exons,Q1,1
https://openalex.org/W4416330813,Policy Transfer Typology and Strategic Directions for Regional Adoption of the Global Biodiversity Framework,Q2,1
https://openalex.org/W4416332336,Survey about Barriers and Solutions for Enhancing Computational Reproducibility in Scientific Research,Q1,1
https://openalex.org/W4416334225,Thermochromic hydrogels for synergistic mechano-optical properties and global energy saving potential,Q6,1
https://openalex.org/W4416337583,Recommendation of: A model for background selection in non-equilibrium populations. Round#2,Q1,1
https://openalex.org/W4416337593,Review of: A model for background selection in non-equilibrium populations. Round#2/Reviewer#1,Q1,1
https://openalex.org/W4416344277,The Constrained Disorder Principle: A Paradigm Shift for Accurate Interactome Mapping and Information Analysis in Complex Biological Systems,Q4,1
https://openalex.org/W4416357962,Fractal Geometry and Fractional Calculus for Integrative Morphological Mapping of Breast Cancer Complexity,Q4,1
https://openalex.org/W4416359006,Optimized murine sample sizes for RNA sequencing studies revealed from large scale comparative analysis,Q1,1
https://openalex.org/W4416360488,A Data-Driven Analysis of Cognitive Learning and Illusion Effects in University Mathematics,Q1,1
https://openalex.org/W4416377888,Exploring materials data through collaboration: 2024 KRICT ChemDX Hackathon,Q1,1
https://openalex.org/W4416381680,Using Synthetic Data in Communication Sciences and Disorders to Promote Computational Reproducibility and Transparency,"Q1, Q11",2
https://openalex.org/W4416384054,Advances and challenges in infrared-visible image fusion: a comprehensive review of techniques and applications,Q3,1
https://openalex.org/W4416399065,वदकजञनसय सवरप यजञतमकम : शधतमकमधययनम,Q4,1
https://openalex.org/W4416414028,SimFLEX: A methodology for comparative analysis of urban areas for implementing new on-demand feeder bus services,Q1,1
https://openalex.org/W4416430721,"Open Data In Neurophysiology: Advancements, Solutions &amp; Challenges",Q1,1
https://openalex.org/W4416450183,Don't Judge Code by Its Cover: Exploring Biases in LLM Judges for Code Evaluation,Q3,1
https://openalex.org/W4416454137,Infrastructure-Environment Complementarity in African Development: Spatial Thresholds and Economic Returns in Tanzania's BRI Corridors,"Q1, Q7, Q15",3
https://openalex.org/W4416454902,Association Between Constipation and Frailty in Maintenance Hemodialysis Patients: A Cross-Sectional Study,Q2,1
https://openalex.org/W4416506637,Assessing the performance and impact of research infrastructures – An annotated bibliography,"Q1, Q7, Q8, Q15",4
https://openalex.org/W4416530869,FEABench: Evaluating Language Models on Multiphysics Reasoning Ability,Q1,1
https://openalex.org/W4416549430,On Defining Reproducible Outcomes for the Computer Security Community,Q1,1
https://openalex.org/W4416572166,"AI-Driven and Quantum-Informed Design of Functional Nanomaterials: Bridging Catalysis, Drug Discovery, and Sustainable Environmental Remediation",Q3,1
https://openalex.org/W4416572233,Establishment of a CT-based radiomic feature robustness databank for OPC patients via image perturbation in a multi-institutional study: a practical method to safeguard model generalizability,Q1,1
https://openalex.org/W4416590422,Bioinspired Automotive Design Driven by Dynamic Biological Features,"Q2, Q12",2
https://openalex.org/W4416601833,Referee report. For: Using bio.tools to generate and annotate workbench tool descriptions [version 1; referees: 1 approved],Q1,1
https://openalex.org/W4416602630,ASSESSING AQUIFER VULNERABILITY AT HIGH RISK OF ANTHROPOGENIC CONTAMINATION USING THE NOVEL PATHS-AHP MODEL,Q2,1
https://openalex.org/W4416603738,Referee report. For: Research data management for bioimaging: the 2021 NFDI4BIOIMAGE community survey [version 1; peer review: 2 approved],Q4,1
https://openalex.org/W4416603956,"Referee report. For: The effect of the scale of grant scoring on ranking accuracy [version 2; peer review: 1 approved, 1 approved with reservations]",Q1,1
https://openalex.org/W4416604458,Referee report. For: Recommendations for the formatting of Variant Call Format (VCF) files to make plant genotyping data FAIR [version 1; peer review: 2 approved with reservations],Q1,1
https://openalex.org/W4416605094,Referee report. For: Best practice data life cycle approaches for the life sciences [version 1; referees: 1 approved with reservations],Q1,1
https://openalex.org/W4416607174,Referee report. For: BCO App: tools for generating BioCompute Objects from next-generation sequencing workflows and computations [version 1; peer review: 1 approved],Q1,1
https://openalex.org/W4416607253,"Referee report. For: Best practice data life cycle approaches for the life sciences [version 2; referees: 1 approved, 1 approved with reservations]",Q1,1
https://openalex.org/W4416608412,Neurophysiological and cognitive enhancements in autonomous sensory meridian response identified using heart rate variability and electroencephalography connectivity,Q2,1
https://openalex.org/W4416610928,Referee report. For: CODECHECK: an Open Science initiative for the independent execution of computations underlying research articles during peer review to improve reproducibility [version 2; peer review: 2 approved],"Q1, Q3",2
https://openalex.org/W4416615668,"Referee report. For: CGAT-core: a python framework for building scalable, reproducible computational biology workflows [version 1; peer review: 1 approved, 1 approved with reservations]",Q1,1
https://openalex.org/W4416618671,"Referee report. For: Recommendations for the formatting of Variant Call Format (VCF) files to make plant genotyping data FAIR [version 2; peer review: 1 approved, 1 approved with reservations]",Q1,1
https://openalex.org/W4416630864,"Referee report. For: CompoundHetVIP: Compound Heterozygous Variant Identification Pipeline [version 1; peer review: 1 approved, 1 approved with reservations]",Q1,1
https://openalex.org/W4416631086,Referee report. For: COPO: a metadata platform for brokering FAIR data in the life sciences [version 1; peer review: 1 approved],Q1,1
https://openalex.org/W4416638786,Assessing spirometric parameters in children with sickle cell disease: GLI Global vs. race-specific normative equations,Q2,1
https://openalex.org/W4416645271,Referee report. For: Sustainable data analysis with Snakemake [version 1; peer review: 1 approved],Q1,1
https://openalex.org/W4416646045,Referee report. For: The combination of ADSCs and 10% PRP increases Rb protein expression on senescent human dermal fibroblasts [version 1; peer review: 1 approved],Q3,1
https://openalex.org/W4416655231,"Referee report. For: Improving open and rigorous science: ten key future research opportunities related to rigor, reproducibility, and transparency in scientific research [version 1; peer review: 3 approved]","Q1, Q8, Q9, Q10",4
https://openalex.org/W4416656433,Referee report. For: Matchmaking in Bioinformatics [version 1; referees: 2 approved],Q1,1
https://openalex.org/W4416658128,Referee report. For: eTRANSAFE: Building a sustainable framework to share reproducible drug safety knowledge with the public domain [version 1; peer review: 2 approved],Q1,1
https://openalex.org/W4416659717,Referee report. For: Sustainable data analysis with Snakemake [version 2; peer review: 2 approved],Q1,1
https://openalex.org/W4416665433,The Four‐Pillar Intersectionality Framework: Reframing Sustainable Entrepreneurship as a Transdisciplinary Domain,"Q2, Q12, Q13",3
https://openalex.org/W4416673984,Machine Learning in Economic Forecasting: Integrating Traditional Methods with a Tunable LSTM,Q3,1
https://openalex.org/W4416677810,Llm-Codeval: a Framework for Verifying Implementations of Mathematical Functions Using Language Models,Q6,1
https://openalex.org/W4416681989,Adaptive Monitoring and Real-World Evaluation of Agentic AI Systems,Q3,1
https://openalex.org/W4416687479,Investigating Signless Laplacian Spectra and Network Topology in Helical Phenylene‐Quadrilateral Structures,Q1,1
https://openalex.org/W4416714090,Micellangelo: a Generative Model of Cell-Topography Interactions,Q1,1
https://openalex.org/W4416714775,Mesona chinensis Extract Ameliorates Retinal Angiopathy in a Zebrafish Model of Diabetic Retinopathy by Targeting Thymidylate Synthase in Folate Metabolism,Q6,1
https://openalex.org/W4416715524,AI Agent in Biology Research: A Survey,Q6,1
https://openalex.org/W4416722769,Relevance and Evolution of Benchmarking in Computer Systems: A Comprehensive Historical and Conceptual Review,"Q1, Q5",2
https://openalex.org/W4416727442,Proposal NFDI4Chem 2025-2030 In the National Research Data Infrastructure (NFDI) — Our Vision: All Chemists Publish FAIR Data,Q4,1
https://openalex.org/W4416756531,IMPLEMENTATION OF MODERN INFORMATION TECHNOLOGIES AND GEOINFORMATION SYSTEMS (GIS) IN THE LAND ASSESSMENT PROCESS,Q1,1
https://openalex.org/W4416758499,Experimental verification of the absence of the transverse Doppler effect in sound using a simple rotating system,Q6,1
https://openalex.org/W4416780284,Proficiency testing of temperature and relative humidity in clean environments: evaluation of inspection and testing organizations in china,Q4,1
https://openalex.org/W4416786910,Magnetic resonance imaging thresholds and diagnostic accuracy in unilateral congenital superior oblique muscle palsy using the ESA method,Q2,1
https://openalex.org/W4416788701,FastACI: a toolbox for investigating auditory perception using reverse correlation,Q1,1
https://openalex.org/W4416790898,The Self-Projecting Grassmannian,Q1,1
https://openalex.org/W4416817592,MATES: A tool for appraising the completeness with which a meta-analysis has been reported,Q1,1
https://openalex.org/W4416823722,Identification of PIWI-interacting RNAs based models for lung adenocarcinoma early detection: a multicenter cohort study,Q1,1
https://openalex.org/W4416825708,Predicting functional topography of the human visual cortex from cortical anatomy at scale,Q1,1
https://openalex.org/W4416839024,Multimodal modeling of emotion regulation in interactive art therapy: EEG and PANAS-based dynamic simulation,Q1,1
https://openalex.org/W4416850887,Single-Cell Transcriptomics of Human Acute Myocardial Infarction Reveals Oxidative Stress-Associated Cardiomyocyte Subpopulations and Candidate Predictive Signatures,Q1,1
https://openalex.org/W4416855545,Local Factorization of p-adic Gamma Sums,Q6,1
https://openalex.org/W4416872509,Improved Estimation of Correlation Accuracy for Machine Learning Brain-Phenotype Associations,Q1,1
https://openalex.org/W4416889953,The Hypothesis of the 5th Force of Physics: Unifying All Through the Informational Topography Field,Q6,1
https://openalex.org/W4416919862,Artificial Intelligence-Driven Risk Stratification in Chronic Kidney Disease Progression: Minimizing Bias via Race-Specific Algorithms,Q1,1
https://openalex.org/W4416920605,Longitudinal assessment of research in GIScience domain shows a positive impact of reproducible research practices,"Q1, Q2, Q5, Q8, Q13, Q14",6
https://openalex.org/W4416920970,Can AI Agents Design and Implement Drug Discovery Pipelines?,Q1,1
https://openalex.org/W4416939951,find.software: Foundations for Interdisciplinary Discovery of (Research) Software,"Q1, Q8",2
https://openalex.org/W4416944232,Deriving Real-World Evidence from Non-English Electronic Medical Records in Hormone Receptor-Positive Breast Cancer Using Large Language Models,Q2,1
https://openalex.org/W4416945487,Identifying Important Knowledge Through Node-Level Concept Network Analysis: Addressing “What to Teach”,Q2,1
https://openalex.org/W4416946110,Structural Distortion‐Driven Chirality Transfer and Circularly Polarized Light Emission in Quasi‐2D Perovskites Based Light‐Emitting Diodes,Q6,1
https://openalex.org/W4416957068,Self-identified and observed coaching styles of Australian junior community cricket coaches,Q4,1
https://openalex.org/W4416976897,"Is it safe to remove the chest tube in the operating room after robotic lobectomy, segmentectomy, and wedge resection with lymphadenectomy?",Q2,1
https://openalex.org/W4416981672,Reproducible and Scalable Bioinformatics,Q1,1
https://openalex.org/W4416993498,The risk factors of osteoporotic vertebral compression fracture accompanied with thoracolumbar fascial injury: a single-center retrospective study,Q4,1
https://openalex.org/W4416996490,From Data to Decisions: Leveraging the Social Accounting Matrix and Multiplier Analysis to Guide Equitable Policy Decision in Greece,"Q1, Q7, Q15",3
https://openalex.org/W4416997449,"Successful Rescue of a Juvenile Humpback Whale (Megaptera novaeangliae) Trapped Upstream of the Rance Tidal Power Station, Brittany, France",Q1,1
https://openalex.org/W4416998073,A Two-Stage Deep Learning Framework for AI-Driven Phishing Email Detection Based on Persuasion Principles,"Q1, Q15",2
https://openalex.org/W4417000956,Eka-Eval: An Evaluation Framework for Low-Resource Multilingual Large Language Models,Q6,1
https://openalex.org/W4417019065,A Concise Bond-Distance Summation Descriptor for Effective Melting Point Prediction of Boronic Acids,Q1,1
https://openalex.org/W4417036689,"A Protocol-Oriented Scoping Review for Map-First, Auditable Targeting of Orogenic Gold in the West African Craton (WAC): Deferred, Out-of-Sample Evaluation",Q3,1
https://openalex.org/W4417071102,Time-Fair Benchmarking for Metaheuristics: A Restart-Fair Protocol for Fixed-Time Comparisons,Q3,1
https://openalex.org/W4417072849,Donor Hair Selection Methodology for A Natural Result in Capsule Extensions,Q2,1
https://openalex.org/W4417081862,An executive summary of science's replication crisis,"Q1, Q7, Q8, Q9, Q15",5
https://openalex.org/W4417085195,Turn any webpage into markdown for LLM-friendly input,Q1,1
https://openalex.org/W4417113285,Scalable computational reproducibility,Q1,1
https://openalex.org/W4417114405,AI Scientists Fail Without Strong Implementation Capability,Q1,1
https://openalex.org/W4417129262,Reproducibility in the Control of Autonomous Mobility-on-Demand Systems,Q3,1
https://openalex.org/W4417151831,The Human Disharmony Loop: Demystifying Thoracic Outlet Syndrome,Q2,1
https://openalex.org/W4417152878,Three-learning strategy particle swarm optimization for air-ground collaborative logistics transportation scheduling problem with pickup and delivery considering customer priorities,Q1,1
https://openalex.org/W4417156223,MACHINE LEARNING–BASED CYBERSECURITY MODELS FOR SAFEGUARDING INDUSTRIAL AUTOMATION AND CRITICAL INFRASTRUCTURE SYSTEMS,"Q1, Q7",2
https://openalex.org/W4417163306,Reduced Ropivacaine Volume with Perineural Dexamethasone in PENG Block for Total Hip Arthroplasty: A Randomized Controlled Trial,Q2,1
https://openalex.org/W4417171974,ArkEcho v15 – the Architecture of Conscience: Verification &amp;amp; Custody Edition,Q6,1
https://openalex.org/W4417220603,Ethical Use of Artificial Intelligence for Processing Medical Images,Q6,1
https://openalex.org/W4417221458,Guidance for manuscript submissions testing the use of generative AI for systematic review and meta-analysis,Q1,1
https://openalex.org/W4417227344,Ensemble learning approach with explainable AI for improved heart disease prediction,Q1,1
https://openalex.org/W4417244519,"Digital Twins Under EU Law: A Unified Compliance Framework Across Smart Cities, Industry, Transportation, and Energy Systems",Q6,1
https://openalex.org/W4417256534,Recommendation of: Rehabilitating the benefits of gene tree correction in the presence of incomplete lineage sorting. Round#2,Q1,1
https://openalex.org/W4417256536,Author response of: Rehabilitating the benefits of gene tree correction in the presence of incomplete lineage sorting. Round#1,Q1,1
https://openalex.org/W4417256545,Decision Revise: Rehabilitating the benefits of gene tree correction in the presence of incomplete lineage sorting. Round#1,Q1,1
https://openalex.org/W4417256554,Review of: Rehabilitating the benefits of gene tree correction in the presence of incomplete lineage sorting. Round#2/Reviewer#1,Q1,1
https://openalex.org/W4417256556,Review of: Rehabilitating the benefits of gene tree correction in the presence of incomplete lineage sorting. Round#1/Reviewer#1,Q1,1
https://openalex.org/W4417263284,"Experiential avoidance, self-efficacy, rejection sensitivity, and psychological symptoms in individuals with and without chronic illness","Q1, Q8",2
https://openalex.org/W4417272413,Detection of Mercury Ions Using Graphene Nanoribbon-DNA Sensors Fabricated via Template Methods,Q2,1
https://openalex.org/W4417275074,Author response of: The effects of host phylogenetic coverage and congruence metric on Monte Carlo-based null models of phylosymbiosis. Round#2,Q1,1
https://openalex.org/W4417288580,First‐Principles Exploration of Charge Transfer and Optoelectronic Properties in Anthracene‐Based Hole Transporters for Perovskite Solar Cells: Insights Supported by Device‐Level Simulations,Q1,1
https://openalex.org/W4417295244,A further support for the statement that the action of the HRT-area generates a kink transformation in the pure AdS$_3$ gravity,Q1,1
https://openalex.org/W4417318130,"Application of Artificial Intelligence in Control Systems: Trends, Challenges, and Opportunities",Q3,1
https://openalex.org/W4417346601,AI-Driven Self-Protection in 6G Networks: Autonomous Intrusion Detection and Vulnerability Isolation,Q3,1
https://openalex.org/W4417350389,Impact of obstructive sleep apnea on functional performance and muscle quality of patients with COPD,"Q2, Q13",2
https://openalex.org/W4417361917,"Predicting Suitable Habitat for <i> Sk <sup>w</sup> enk <sup>w</sup> ínem </i> ( <i>Claytonia lanceolata</i> ), a Culturally Significant Plant, Using a Reproducible Species Distribution Model",Q1,1
https://openalex.org/W4417423293,Silent aftermath: Lung impairment in cured pulmonary tuberculosis cases spirometry in post-tuberculosis rural patients,Q2,1
https://openalex.org/W4417432390,Performance-Driven Generative Design in Buildings: A Systematic Review,Q3,1
https://openalex.org/W4417433253,Enhancing Engineering Pedagogy through Sustainability-Driven Design Projects from Theory to Practice,Q5,1
https://openalex.org/W4417435895,Replications as Project‐Based Learning in Geographic Information Science,"Q1, Q7, Q8, Q9, Q10",5
https://openalex.org/W4417445685,SORT-AI: A Structural Safety and Reliability Framework for Advanced AI Systems with Retrieval-Augmented Generation as a Diagnostic Testbed,Q4,1
https://openalex.org/W4417452402,Reanalysis of “Historical redlining is associated with increasing geographical disparities in bird biodiversity sampling in the United States”,Q1,1
https://openalex.org/W4417496205,MESMER v1.0.0: Consolidating the Modular Earth System Model Emulator into a Sustainable Research Software Package,Q1,1
https://openalex.org/W4417507546,Conceptions of data literacy in the statistics education literature,"Q1, Q7, Q8",3
https://openalex.org/W4417523865,Negative Impact of Dental Wastewater on the Environment and Human Health: A Scoping Review,Q2,1
https://openalex.org/W4417525640,VENturing into machine learning for the morphological analysis of von Economo neurons,Q2,1
https://openalex.org/W7103884776,"""Synthesis of Loop Quantum Gravity, Noncommutative Geometry, and Time Crystal Dynamics in a Unified Quantum Spacetime Operator Framework""",Q1,1
https://openalex.org/W7103890142,PLASMANT Protocol – Laboratory Validation of the Magnetogravitational Coupling .CMG LCE Theory,"Q1, Q6",2
https://openalex.org/W7103890398,"luyangzhao/SoftRafts: Revised release: complete reproducible code, raw dataset, and workspace analysis",Q4,1
https://openalex.org/W7103900875,PLASMANT Protocol – Laboratory Validation of the Magnetogravitational Coupling .CMG LCE Theory,"Q1, Q6",2
https://openalex.org/W7103902507,Self-Regulating Cosmology - Volume 2: Numerical Validation and Observational Tests,Q4,1
https://openalex.org/W7103983733,The Theory of Opposites,Q1,1
https://openalex.org/W7103995351,The Repair Yield per Energy (RYE) Metric: A Universal Efficiency Law for Adaptive Self-Repair Systems,Q3,1
https://openalex.org/W7104000858,Ernestolc55/UTSF-MFC: UTSF-MFC v5.8.0: Complete First-Principles Framework with Empirical Validation,Q1,1
https://openalex.org/W7104014089,From Reproducible Research to Open Science Dissemination: A Computing Platform-Centric Approach,"Q1, Q4",2
https://openalex.org/W7104014899,From Reproducible Research to Open Science Dissemination: A Computing Platform-Centric Approach,"Q1, Q4",2
https://openalex.org/W7104022352,The Theory of Opposites,Q1,1
https://openalex.org/W7104025218,Sheaf Consistent Clustering,Q3,1
https://openalex.org/W7104038569,Sheaf Consistent Clustering,Q3,1
https://openalex.org/W7104055329,HajkD/DevSeq: DevSeq Scripts,Q1,1
https://openalex.org/W7104055431,HajkD/DevSeq: DevSeq Scripts,Q1,1
https://openalex.org/W7104066672,The Repair Yield per Energy (RYE) Metric: A Universal Efficiency Law for Adaptive Self-Repair Systems,Q3,1
https://openalex.org/W7104270328,Four Fundamental Interactions Drive Cosmic Expansion,Q6,1
https://openalex.org/W7104512994,Advanced Human-Computer Interaction: The Latest Innovations in Technology,Q5,1
https://openalex.org/W7104609463,"Module ""Reproducibility and Code Management"", ETH Domain Data Management Campus",Q1,1
https://openalex.org/W7104645032,"Module ""Reproducibility and Code Management"", ETH Domain Data Management Campus",Q1,1
https://openalex.org/W7104653749,"Synthetic data in CSD (Borders et al., 2025)","Q1, Q11",2
https://openalex.org/W7104660518,"Synthetic data in CSD (Borders et al., 2025)","Q1, Q11",2
https://openalex.org/W7104710874,SCCS–MRV Synthetic Dataset,Q4,1
https://openalex.org/W7104915744,Consistency Tax and Epistemic Thermodynamics: The Energetic Cost of Misalignment,Q3,1
https://openalex.org/W7104956577,Synthetic Carbon Capture Storage Measurement Reporting and Verification Dataset (SCCS-MRV),Q4,1
https://openalex.org/W7105056742,Consistency Tax and Epistemic Thermodynamics: A Cross-Domain Framework for the Physical Cost of Incoherence,Q3,1
https://openalex.org/W7105085894,Consistency Tax and Epistemic Thermodynamics: A Cross-Domain Framework for the Physical Cost of Incoherence,Q3,1
https://openalex.org/W7105144532,Consistency Tax and Epistemic Thermodynamics: A Cross-Domain Framework for the Physical Cost of Incoherence,Q3,1
https://openalex.org/W7105157415,"Phase–Flux Field (PFF): Axiomatic Substrate for Wave Confinement Theory Zero–Wave Invariance, Finite–k Lyapunov Band–Pass, Shell Quantization, and D4 to Continuum",Q3,1
https://openalex.org/W7105232366,"Artifact for ""GrowthHacker: Automated Off-Policy Evaluation Optimization Using Code-Modifying LLM Agents""",Q4,1
https://openalex.org/W7105506923,Human-Level Actuation for Humanoids,Q2,1
https://openalex.org/W7105575664,Eternity Layer v2 — Offline Verification Capsule (Reproducible Artifact),Q1,1
https://openalex.org/W7105580064,Eternity Layer v2 — Offline Verification Capsule (Reproducible Artifact),Q1,1
https://openalex.org/W7105580928,Rotation Field of the Cosmic Microwave Background — Universe-model evaluation and intrinsic Δℓ structure (v2.2),Q6,1
https://openalex.org/W7105647267,Consistency Tax and Epistemic Thermodynamics: A Cross-Domain Framework for the Physical Cost of Incoherence,Q3,1
https://openalex.org/W7105650139,Consistency Tax and Epistemic Thermodynamics: A Cross-Domain Framework for the Physical Cost of Incoherence,Q3,1
https://openalex.org/W7105664185,Consistency Tax and Epistemic Thermodynamics: A Cross-Domain Framework for the Physical Cost of Incoherence,Q3,1
https://openalex.org/W7105695794,Consistency Tax and Epistemic Thermodynamics: A Cross-Domain Framework for the Physical Cost of Incoherence,Q3,1
https://openalex.org/W7105733206,Chapter 1 — Informational Dynamics of the Infinite Field ©,Q4,1
https://openalex.org/W7105736313,Chapter 1 — Informational Dynamics of the Infinite Field ©,Q4,1
https://openalex.org/W7105745012,Thermodynamic Cognitive Homeostasis (TCH): A Subjective Physics Approach to Self-Regulating AI,Q1,1
https://openalex.org/W7105749455,Thermodynamic Cognitive Homeostasis (TCH): A Subjective Physics Approach to Self-Regulating AI,Q1,1
https://openalex.org/W7105802234,Chapter 10 Version N.K — Terminal dynamics of coherence and entropic extinction trajectories,Q4,1
https://openalex.org/W7105803563,THP_V6.N — A Harmonic Coherence Index for Nuclear Stability (Revised Edition),Q2,1
https://openalex.org/W7105808093,"The Trinity Framework: A Unified Geometric Foundation for Fundamental Physics From Mathematical Constants to Particle Masses, Electromagnetic Theory, and the Structure of Physical Reality",Q1,1
https://openalex.org/W7105810069,"The Trinity Framework: A Unified Geometric Foundation for Fundamental Physics From Mathematical Constants to Particle Masses, Electromagnetic Theory, and the Structure of Physical Reality",Q1,1
https://openalex.org/W7105811815,Global trends in decentralized clinical trials: Survey dataset (de-identified),Q6,1
https://openalex.org/W7105812058,Global trends in decentralized clinical trials: Survey dataset (de-identified),Q6,1
https://openalex.org/W7105813215,THP_V6.N — A Harmonic Coherence Index for Nuclear Stability (Revised Edition),Q2,1
https://openalex.org/W7105813850,Chapter 10 Version N.K — Terminal dynamics of coherence and entropic extinction trajectories,Q4,1
https://openalex.org/W7105822477,Formal Comparative Analysis of the Unified Field Fidelity (UFF) Framework and the Resonance-Suppression Model (RSM),Q1,1
https://openalex.org/W7105822876,Consistency Tax and Epistemic Thermodynamics: A Cross-Domain Framework for the Physical Cost of Incoherence,Q3,1
https://openalex.org/W7105828294,Formal Comparative Analysis of the Unified Field Fidelity (UFF) Framework and the Resonance-Suppression Model (RSM),Q1,1
https://openalex.org/W7105828301,Clinical and pathological dataset from a study on MRI-TRUS fusion and coaxial biopsy for prostate cancer diagnosis,Q1,1
https://openalex.org/W7105829097,Clinical and pathological dataset from a study on MRI-TRUS fusion and coaxial biopsy for prostate cancer diagnosis,Q1,1
https://openalex.org/W7105849925,Consistency Tax and Epistemic Thermodynamics: A Cross-Domain Framework for the Physical Cost of Incoherence,Q3,1
https://openalex.org/W7105921800,Chapter 1 — Informational Dynamics of the Infinite Field ©,Q4,1
https://openalex.org/W7105983272,AEGIS-ZK v2.0 — Sovereign Anti-Extortion Engine with Zero-Leakage Guarantees and Trillion-Scale Verification,Q2,1
https://openalex.org/W7106027849,SIF — Golden Proof-Bundle Execution Capsule (v1.0),Q6,1
https://openalex.org/W7106115219,"QDL Experimental Validation Protocol: A Unified Roadmap for Torsion, NV-Center, Cavity, and Metamaterial Tests",Q4,1
https://openalex.org/W7106144830,H1 Dyadic Law v2.3.2 — Independently Reproduced & Verified,Q6,1
https://openalex.org/W7106154713,ivansalines/unified-theory-of-motion: Initial Public Release — Unified Theory of Motion,Q1,1
https://openalex.org/W7106158853,H1 Dyadic Law v2.3.2 — Independently Reproduced & Verified,Q6,1
https://openalex.org/W7106204401,"QDL Experimental Validation Protocol: A Unified Roadmap for Torsion, NV-Center, Cavity, and Metamaterial Tests",Q4,1
https://openalex.org/W7106207216,Teaching Longitudinal Linear Mixed Models End-to-End: A Reproducible Case Study in Mouse Body-Weight Growth,"Q1, Q8",2
https://openalex.org/W7106210659,Recursive Vacuum Dynamics,Q1,1
https://openalex.org/W7106226257,johnj216rsl-blip/rh-first-1000-zeros-python: Independent Verification of Jacobi–Whittaker Correspondence for the First 1000 Riemann Zeros,Q6,1
https://openalex.org/W7106238780,A Review of the Reproducibility Ecosystem in Computational Science,Q1,1
https://openalex.org/W7106240529,Reproducibility Archive for Machine Learning-Based Virtual Screening and Molecular Dynamics Simulations for GSK3β Inhibitors in Alzheimer's Disease,Q1,1
https://openalex.org/W7106256378,On the importance of computational reproducibility in fostering Open and FAIR Science,"Q1, Q10",2
https://openalex.org/W7106261409,Consistency Tax and Epistemic Thermodynamics: A Cross-Domain Framework for the Physical Cost of Incoherence,Q3,1
https://openalex.org/W7106262884,A Review of the Reproducibility Ecosystem in Computational Science,Q1,1
https://openalex.org/W7106279016,Recursive Vacuum Dynamics,Q1,1
https://openalex.org/W7106287699,johnj216rsl-blip/rh-first-1000-zeros-python: Independent Verification of Jacobi–Whittaker Correspondence for the First 1000 Riemann Zeros,Q6,1
https://openalex.org/W7106291076,On the importance of computational reproducibility in fostering Open and FAIR Science,"Q1, Q10",2
https://openalex.org/W7106291121,"Reproducibility Archive for Integrated Model Development, Consensus ML Screening, Protein Selection, Docking, and MD to Identify GSK3β Inhibitors",Q1,1
https://openalex.org/W7106301705,"Script and Data: The impact of self-confidence, perceived accuracy, and trust on the use of decision support advice",Q1,1
https://openalex.org/W7106303348,Descriptive Medium Eta (DME): A Recursive Grothendieck-style Medium for Meaning Mediation with γ-Hierarchy,Q6,1
https://openalex.org/W7106312232,"Script and Data: The impact of self-confidence, perceived accuracy, and trust on the use of decision support advice",Q1,1
https://openalex.org/W7106327595,A Galactic Structural Phase Transition: Zero-Stiffness Disks vs High-Tension Ellipticals,Q1,1
https://openalex.org/W7106483291,Preventing Another Tessa: Modular Safety Middleware forHealth-Adjacent AI Assistants,Q4,1
https://openalex.org/W7106491164,Markovian Dynamics of Harmonic Attractors,Q1,1
https://openalex.org/W7106492721,Premise-Conditions Economics: Institutional Limits of Applying the Innovation-Driven Sustained Growth Theory in Japan,Q3,1
https://openalex.org/W7106492899,Proposal of Economic Historical Studies: Rationality of Extra-Institutional Mediators and Interdisciplinary Re-evaluation,"Q2, Q12",2
https://openalex.org/W7106527309,Computational Reproducibility Statement for Valero et al. (2025) Mangrove Study.,Q1,1
https://openalex.org/W7106530884,GSPT-Based Critical Dynamics of 3I/ATLAS: Complete Dataset and Reproduction Package,Q1,1
https://openalex.org/W7106531905,Universal Flow: Proper Time of Atomic Clocks,Q1,1
https://openalex.org/W7106533085,Technical Validation Report - TM — Addendum VFY v1.0.2,Q6,1
https://openalex.org/W7106536682,Proposal of Economic Historical Studies: Rationality of Extra-Institutional Mediators and Interdisciplinary Re-evaluation,"Q2, Q12",2
https://openalex.org/W7106545900,Proposal of Economic Historical Studies: Rationality of Extra-Institutional Mediators and Interdisciplinary Re-evaluation,"Q2, Q12",2
https://openalex.org/W7106550369,Premise-Conditions Economics: Institutional Limits of Applying the Innovation-Driven Sustained Growth Theory in Japan,Q3,1
https://openalex.org/W7106552565,Universal Flow: Proper Time of Atomic Clocks,Q1,1
https://openalex.org/W7106553149,3I/ATLAS: Six Pre-Perihelion Predictions & Public Verification Script (Medley 2025),Q6,1
https://openalex.org/W7106558024,Technical Validation Report - TM — Addendum VFY v1.0.2,Q6,1
https://openalex.org/W7106558864,Proposal of Economic Historical Studies: Rationality of Extra-Institutional Mediators and Interdisciplinary Re-evaluation,"Q2, Q12",2
https://openalex.org/W7106564720,Premise-Conditions Economics: Institutional Limits of Applying the Innovation-Driven Sustained Growth Theory in Japan,Q3,1
https://openalex.org/W7106565825,GSPT-Based Critical Dynamics of 3I/ATLAS: Complete Dataset and Reproduction Package,Q1,1
https://openalex.org/W7106565882,Premise-Conditions Economics: A Proof of Non-Applicability of the 2025 Nobel Theory to Japan,Q3,1
https://openalex.org/W7106575913,Computational Reproducibility Statement for Valero et al. (2025) Mangrove Study.,Q1,1
https://openalex.org/W7106581765,Proposal of Economic Historical Studies: Rationality of Extra-Institutional Mediators and Interdisciplinary Re-evaluation,"Q2, Q12",2
https://openalex.org/W7106583334,3I/ATLAS: Six Pre-Perihelion Predictions & Public Verification Script (Medley 2025),Q6,1
https://openalex.org/W7106607508,Discriminative Accuracy of the Simplified Spirometry for Identifying Chronic Obstructive Pulmonary Disease in Community,Q2,1
https://openalex.org/W7106696627,HIDEKI-SQ/intelligence-relativity: v2.1.0 - SP Measurement System with Complete O-4 Validation,Q6,1
https://openalex.org/W7106701991,Urban morphology and building-operational emissions – Code and Sample Data,Q1,1
https://openalex.org/W7106716874,"Reproducibility Archive for Integrated Model Development, Consensus ML Screening, Protein Selection, Docking, and MD to Identify GSK3β Inhibitors",Q1,1
https://openalex.org/W7106739820,Urban morphology and building-operational emissions – Code and Sample Data,Q1,1
https://openalex.org/W7106798462,Premise-Conditions Economics: Institutional Limits of Applying the Innovation-Driven Sustained Growth Theory in Japan,Q3,1
https://openalex.org/W7106806365,Premise-Conditions Economics: Institutional Limits of Applying the Innovation-Driven Sustained Growth Theory in Japan,Q3,1
https://openalex.org/W7106810452,Semantic Representation of Processes with Ontology Design Patterns,Q1,1
https://openalex.org/W7106810902,GSPT-Based Critical Dynamics of 3I/ATLAS: Complete Dataset and Reproduction Package,Q1,1
https://openalex.org/W7106813320,Premise-Conditions Economics: Institutional Limits of Applying the Innovation-Driven Sustained Growth Theory in Japan,Q3,1
https://openalex.org/W7106820652,Premise-Conditions Economics: Institutional Limits of Applying the Innovation-Driven Sustained Growth Theory in Japan,Q3,1
https://openalex.org/W7106822989,Premise-Conditions Economics: Institutional Limits of Applying the Innovation-Driven Sustained Growth Theory in Japan,Q3,1
https://openalex.org/W7106823395,Premise-Conditions Economics: Institutional Limits of Applying the Innovation-Driven Sustained Growth Theory in Japan,Q3,1
https://openalex.org/W7106828747,NeuroCompass: A PyTorch Implementation of Morphological Brain Extraction with Pilot GPU Benchmarking Against FSL BET,Q2,1
https://openalex.org/W7106831856,Premise-Conditions Economics: Institutional Limits of Applying the Innovation-Driven Sustained Growth Theory in Japan,Q3,1
https://openalex.org/W7106835001,NeuroCompass: A PyTorch Implementation of Morphological Brain Extraction with Pilot GPU Benchmarking Against FSL BET,Q2,1
https://openalex.org/W7106847747,Premise-Conditions Economics: Institutional Limits of Applying the Innovation-Driven Sustained Growth Theory in Japan,Q3,1
https://openalex.org/W7106847953,Premise-Conditions Economics: Institutional Limits of Applying the Innovation-Driven Sustained Growth Theory in Japan,Q3,1
https://openalex.org/W7106851708,Premise-Conditions Economics: Institutional Limits of Applying the Innovation-Driven Sustained Growth Theory in Japan,Q3,1
https://openalex.org/W7106853685,Technoprocess diagram for parasympathetic regulatory tablet production,Q2,1
https://openalex.org/W7106854721,Workflow para Alinhamento Exato de Sequências em Sistemas de Processamento de Alto Desempenho,Q1,1
https://openalex.org/W7106857174,Premise-Conditions Economics: Institutional Limits of Applying the Innovation-Driven Sustained Growth Theory in Japan,Q3,1
https://openalex.org/W7106857235,Premise-Conditions Economics: Institutional Limits of Applying the Innovation-Driven Sustained Growth Theory in Japan,Q3,1
https://openalex.org/W7106857343,Premise-Conditions Economics: Institutional Limits of Applying the Innovation-Driven Sustained Growth Theory in Japan,Q3,1
https://openalex.org/W7107862795,"Fortified Theoretical Framework: The Quark-Gluon Plasma (QGP) -- A Rigorous Multi-Scale Analysis with Bayesian Constraints, Sensitivity Quantification, and Verifiable Simulations",Q1,1
https://openalex.org/W7107866029,Independent Audit and Stress-Testing of UBP 3.6: A Formal Computational Review and Verification Suite,Q1,1
https://openalex.org/W7107871436,Independent Audit and Stress-Testing of UBP 3.6: A Formal Computational Review and Verification Suite,Q1,1
https://openalex.org/W7107879025,Dead Universe Theory's Entropic Retraction Simultaneously Resolves ΛCDM Hubble and Growth Tensions: Δχ² = –211.6 from Identical Observational Datasets,Q6,1
https://openalex.org/W7107940309,Technoprocess diagram for parasympathetic regulatory tablet production,Q2,1
https://openalex.org/W7107947810,Dead Universe Theory's Entropic Retraction Resolves ΛCDM's Hubble and Growth Tensions Simultaneously: Δχ² = –211.6 with Identical Datasets,Q6,1
https://openalex.org/W7107965542,"Fortified Theoretical Framework: The Quark-Gluon Plasma (QGP) -- A Rigorous Multi-Scale Analysis with Bayesian Constraints, Sensitivity Quantification, and Verifiable Simulations",Q1,1
https://openalex.org/W7107970108,Technoprocess diagram for parasympathetic regulatory tablet production,Q2,1
https://openalex.org/W7107972642,Chapter 1 — Informational Dynamics of the Infinite Field ©,Q4,1
https://openalex.org/W7108067757,Premise-Conditions Economics: Institutional Limits of Applying the Innovation-Driven Sustained Growth Theory in Japan,Q3,1
https://openalex.org/W7108067874,Premise-Conditions Economics: Institutional Limits of Applying the Innovation-Driven Sustained Growth Theory in Japan,Q3,1
https://openalex.org/W7108069431,"PATENT-FREE SCIENCE IN THE JANUS ERA Governance, Constraint Physics & The CollectiveOS Standard",Q4,1
https://openalex.org/W7108069690,Premise-Conditions Economics: Institutional Limits of Applying the Innovation-Driven Sustained Growth Theory in Japan,Q3,1
https://openalex.org/W7108074648,Premise-Conditions Economics: Institutional Limits of Applying the Innovation-Driven Sustained Growth Theory in Japan,Q3,1
https://openalex.org/W7108075161,Premise-Conditions Economics: Institutional Limits of Applying the Innovation-Driven Sustained Growth Theory in Japan,Q3,1
https://openalex.org/W7108078291,Unlocking Riemann Companion,Q3,1
https://openalex.org/W7108079111,Premise-Conditions Economics: Institutional Limits of Applying the Innovation-Driven Sustained Growth Theory in Japan,Q3,1
https://openalex.org/W7108080738,"PATENT-FREE SCIENCE IN THE JANUS ERA Governance, Constraint Physics & The CollectiveOS Standard",Q4,1
https://openalex.org/W7108081697,Premise-Conditions Economics: Institutional Limits of Applying the Innovation-Driven Sustained Growth Theory in Japan,Q3,1
https://openalex.org/W7108083297,Premise-Conditions Economics: Institutional Limits of Applying the Innovation-Driven Sustained Growth Theory in Japan,Q3,1
https://openalex.org/W7108084129,Premise-Conditions Economics: Institutional Limits of Applying the Innovation-Driven Sustained Growth Theory in Japan,Q3,1
https://openalex.org/W7108202316,"The LVV–HNV Coherence Framework: A Formal Model of AGI Rationality, Human Value Non-Replaceability, and Stability Conditions",Q1,1
https://openalex.org/W7108202787,Self-Regulating Cosmology - Volume 2: Numerical Validation and Observational Tests,Q4,1
https://openalex.org/W7108204944,Premise-Conditions Economics: Institutional Limits of Applying the Innovation-Driven Sustained Growth Theory in Japan,Q3,1
https://openalex.org/W7108205319,Premise-Conditions Economics: Institutional Limits of Applying the Innovation-Driven Sustained Growth Theory in Japan,Q3,1
https://openalex.org/W7108206649,Premise-Conditions Economics: Institutional Limits of Applying the Innovation-Driven Sustained Growth Theory in Japan,Q3,1
https://openalex.org/W7108209915,Premise-Conditions Economics: Institutional Limits of Applying the Innovation-Driven Sustained Growth Theory in Japan,Q3,1
https://openalex.org/W7108216589,Premise-Conditions Economics: Institutional Limits of Applying the Innovation-Driven Sustained Growth Theory in Japan,Q3,1
https://openalex.org/W7108216832,Premise-Conditions Economics: Institutional Limits of Applying the Innovation-Driven Sustained Growth Theory in Japan,Q3,1
https://openalex.org/W7108219917,Premise-Conditions Economics: Institutional Limits of Applying the Innovation-Driven Sustained Growth Theory in Japan,Q3,1
https://openalex.org/W7108221837,Premise-Conditions Economics: Institutional Limits of Applying the Innovation-Driven Sustained Growth Theory in Japan,Q3,1
https://openalex.org/W7108226422,Premise-Conditions Economics: Institutional Limits of Applying the Innovation-Driven Sustained Growth Theory in Japan,Q3,1
https://openalex.org/W7108228225,"The LVV–HNV Coherence Framework: A Formal Model of AGI Rationality, Human Value Non-Replaceability, and Stability Conditions",Q1,1
https://openalex.org/W7108230999,Self-Regulating Cosmology - Volume 2: Numerical Validation and Observational Tests,Q4,1
https://openalex.org/W7108314796,"A Euclidean Instanton Connecting Black and White Hole Geometries: Existence, Regularity, and Action in a Reduced Quantum Gravitational Framework",Q3,1
https://openalex.org/W7108317350,"A Euclidean Instanton Connecting Black and White Hole Geometries: Existence, Regularity, and Action in a Reduced Quantum Gravitational Framework",Q3,1
https://openalex.org/W7108324189,"A Euclidean Instanton Connecting Black and White Hole Geometries: Existence, Regularity, and Action in a Reduced Quantum Gravitational Framework",Q3,1
https://openalex.org/W7108325313,Code for Numerical Calculation of Charged Loop Quantum Gravity Instanton Trajectories (v1.0.0),Q6,1
https://openalex.org/W7108330862,Code for Numerical Calculation of Charged Loop Quantum Gravity Instanton Trajectories (v1.0.0),Q6,1
https://openalex.org/W7108331146,The Law of Geometric Order (LGO): Final Derivation and Fully Reproducible Deterministic Solution to the Prime Gap Problem,Q1,1
https://openalex.org/W7108331819,"Replication Package for ""Computational Reproducibility and Robustness of Empirical Economics and Political Science Research Between 2022 and 2023""","Q1, Q7, Q9",3
https://openalex.org/W7108335581,"Replication Package for ""Computational Reproducibility and Robustness of Empirical Economics and Political Science Research Between 2022 and 2023""","Q1, Q7, Q9",3
https://openalex.org/W7108339714,The Law of Geometric Order (LGO): Final Derivation and Fully Reproducible Deterministic Solution to the Prime Gap Problem,Q1,1
https://openalex.org/W7108340862,Premise-Conditions Economics: Institutional Limits of Applying the Innovation-Driven Sustained Growth Theory in Japan,Q3,1
https://openalex.org/W7108451620,"The LVV–HNV Coherence Framework: A Formal Model of AGI Rationality, Human Value Non-Replaceability, and Stability Conditions",Q1,1
https://openalex.org/W7108461822,"The LVV–HNV Coherence Framework: A Formal Model of AGI Rationality, Human Value Non-Replaceability, and Stability Conditions",Q1,1
https://openalex.org/W7108603280,Volume 39 - Anchor C: Navier Stokes Physical Consistency Anchor,Q4,1
https://openalex.org/W7108632344,Proposal of Economic Historical Studies: Rationality of Extra-Institutional Mediators and Interdisciplinary Re-evaluation,"Q2, Q12",2
https://openalex.org/W7108634127,Proposal of Economic Historical Studies: Rationality of Extra-Institutional Mediators and Interdisciplinary Re-evaluation,"Q2, Q12",2
https://openalex.org/W7108644238,Volume 39 - Anchor C: Navier Stokes Physical Consistency Anchor,Q4,1
https://openalex.org/W7108662256,第61Data(科学) 過剰覚醒域 ― Gifted 脳の初期過負荷現象,Q6,1
https://openalex.org/W7108669543,"CollectiveOS v4: A Forensic-Grade, Governed, Multi-Agent Operating System for Artificial Intelligence",Q1,1
https://openalex.org/W7108690563,第61Data(科学) 過剰覚醒域 ― Gifted 脳の初期過負荷現象,Q6,1
https://openalex.org/W7108703142,Specimen Record: Homo Commentarius Negativus (YouTube Subspecies),Q2,1
https://openalex.org/W7108712631,Premise-Conditions Economics: Institutional Limits of Applying the Innovation-Driven Sustained Growth Theory in Japan,Q3,1
https://openalex.org/W7108730339,Specimen Record: Homo Commentarius Negativus (YouTube Subspecies),Q2,1
https://openalex.org/W7108731071,"CollectiveOS v4: A Forensic-Grade, Governed, Multi-Agent Operating System for Artificial Intelligence",Q1,1
https://openalex.org/W7108743070,Proposal of Economic Historical Studies: Rationality of Extra-Institutional Mediators and Interdisciplinary Re-evaluation,"Q2, Q12",2
https://openalex.org/W7108746655,Proposal of Economic Historical Studies: Rationality of Extra-Institutional Mediators and Interdisciplinary Re-evaluation,"Q2, Q12",2
https://openalex.org/W7108769436,Premise-Conditions Economics: Institutional Limits of Applying the Innovation-Driven Sustained Growth Theory in Japan,Q3,1
https://openalex.org/W7108884935,"The LVV–HNV Coherence Framework: A Formal Model of AGI Rationality, Human Value Non-Replaceability, and Stability Conditions",Q1,1
https://openalex.org/W7109130967,Reproducibility Spectrum for Applied Social Sciences: Conceptual Taxonomy and Recommended Tools,"Q1, Q8",2
https://openalex.org/W7109164899,WGCNA-pipeline-for-Alfalfa: v2.0.0: Advanced Analysis Pipeline & 16GB RAM Optimization,Q4,1
https://openalex.org/W7109193873,Reproducibility Spectrum for Applied Social Sciences: Conceptual Taxonomy and Recommended Tools,"Q1, Q8",2
https://openalex.org/W7109776657,"The LVV–HNV Coherence Framework: A Formal Model of AGI Rationality, Human Value Non-Replaceability, and Stability Conditions",Q1,1
https://openalex.org/W7110398260,"The LVV–HNV Coherence Framework: A Formal Model of AGI Rationality, Human Value Non-Replaceability, and Stability Conditions",Q1,1
https://openalex.org/W7110514571,Manuscript 1 &amp; Online Supplement 1,Q1,1
https://openalex.org/W7110804986,Introducing Unbound Aetherium - First Manuscript,Q3,1
https://openalex.org/W7110838096,The robustness dashboard,"Q1, Q7, Q8",3
https://openalex.org/W7110893396,Reproducibility Checklist.,Q3,1
https://openalex.org/W7111004810,A Unified Framework for Mathematical Relations in Theoretical Physics,Q1,1
https://openalex.org/W7111077466,Design and Evaluation of a Virtual Reality-Based Gamified Balance Training System,Q5,1
https://openalex.org/W7111119723,"A Euclidean Instanton Connecting Black and White Hole Geometries: Existence, Regularity, and Action in a Reduced Quantum Gravitational Framework",Q3,1
https://openalex.org/W7111160410,"A Euclidean Instanton Connecting Black and White Hole Geometries: Existence, Regularity, and Action in a Reduced Quantum Gravitational Framework",Q3,1
https://openalex.org/W7111261191,Introducing Unbound Aetherium - First Manuscript,Q3,1
https://openalex.org/W7111406330,A Unified Framework for Mathematical Relations in Theoretical Physics,Q1,1
https://openalex.org/W7111442404,On digital and computational pathology - A paradigm shift towards pathology captured in pixels,Q2,1
https://openalex.org/W7111559860,Software Version Control Using Git: a Primer from UKRN,Q1,1
https://openalex.org/W7111620764,TAV/MAV Vocal Emotion Recognition — Full Factorial MVPA Reanalysis (SPM12),Q3,1
https://openalex.org/W7111648855,"UKCOTS24 Abstracts:University of Manchester, 13-14 June 2024","Q1, Q8, Q15",3
https://openalex.org/W7111699733,"Cervical cancer prevention, evaluation of HPV analyses in the screening programme",Q2,1
https://openalex.org/W7111778335,Reproducibility checklists,Q3,1
https://openalex.org/W7111911366,UKRN Primer on Computational Reproducibility,Q1,1
https://openalex.org/W7111937489,L’appui à la recherche et les logiciels libres de la recherche : le cas de l’Université Grenoble Alpes,"Q1, Q8",2
https://openalex.org/W7112001807,SIGNALING SUSTAINABILITY IN FASHION PROCUREMENT : An Empirical Examination of Information Asymmetry and Firm Archetypes Using Signaling Theory,"Q1, Q7, Q8, Q9, Q15",5
https://openalex.org/W7112153660,A study protocol for an intervention study using computational reproducibility testing to improve reproducibility,Q1,1
https://openalex.org/W7112330044,"Reproducibility/verification analyses: case studies (Iram et al., 2022; Li et al., 2022) and a checklist for data and code sharing",Q6,1
https://openalex.org/W7112341336,Three-dimensional analysis of reconstructed skulls using three different open-source software versus commercial software,Q6,1
https://openalex.org/W7112508635,Domain Driven Development — Changing the Philosophy of Working on a Project,Q2,1
https://openalex.org/W7112551898,"A Report on ""Corruption and Co-optation in Autocracy: Evidence from Russia""","Q1, Q7, Q9, Q10",4
https://openalex.org/W7112624738,"Computational Reproducibility in Finance: Evidence from 1,000 Tests","Q1, Q15",2
https://openalex.org/W7112646696,I4R: Psych Science,Q1,1
https://openalex.org/W7112744474,Promoting computationally reproducible research in applied linguistics: Recommended practices and considerations,Q1,1
https://openalex.org/W7112746645,"Computational reproducibility in psychology: Essential, neglected, &amp; achievable [AIMOS 2021]",Q1,1
https://openalex.org/W7112783807,The Computational Reproducibility of Psychology Learning and Teaching Research,Q1,1
https://openalex.org/W7112808962,Avaliação do comprimento relativo de telômeros e sua relação com parâmetros clínicos em crianças portadoras de fibrose cística,Q2,1
https://openalex.org/W7112881976,"D’Atri and McCarthy, Computational Reproducibility of Kannan and Veazie (2023).",Q1,1
https://openalex.org/W7113000828,Evaluating the Impact of Open Data + FAIR Policies on Computational Reproducibility: A Systematic Analysis of IJGIS Publications,Q1,1
https://openalex.org/W7113008759,Political behavior in an authoritarian country at war,Q1,1
https://openalex.org/W7113054606,Using Synthetic Data in Communication Sciences and Disorders to Promote Computational Reproducibility and Transparency,"Q1, Q11",2
https://openalex.org/W7113067562,Advancing Tourism Demand Forecasting: A practical high-frequency framework,"Q1, Q7, Q8, Q9, Q15",5
https://openalex.org/W7113147134,Comparative analysis of Escherichia coli genome biodiversity in adult patient or septic shock across geographical regions using WGS data,Q1,1
https://openalex.org/W7113245274,Identifying and classifying software mentions in full text scholarly documents,"Q1, Q7, Q8",3
https://openalex.org/W7113262549,I4R: Nature Human Behaviour,Q1,1
https://openalex.org/W7113276614,"A comment on ""Long-Term Effects of Equal Sharing: Evidence from Inheritance Rules for Land""",Q1,1
https://openalex.org/W7113317698,"A Comment on Arechar et al.'s (2023) ""Understanding and Combatting Misinformation Across 16 Countries on Six Continents""",Q1,1
https://openalex.org/W7113425973,Utforskar möjligheter för kodverifiering med Dafny med hjälp av stora språkmodeller : En feedback driven pipeline för LLM-assisted Dafny-verifiering,Q6,1
https://openalex.org/W7113439368,An Evaluation of Nix Principles for Automotive Software Package management,Q6,1
https://openalex.org/W7113475614,"Synthetic Data in Communication Sciences and Disorders: Promoting an Open, Reproducible, and Cumulative Science","Q1, Q11",2
https://openalex.org/W7113485567,"A Comment on ""Acceptance of Inequality between Children: Large-Scale Experimental Evidence from China and Norway"" by Cappelen et al. (2025)","Q1, Q7, Q8",3
https://openalex.org/W7113782829,Reproducibility in <i>Management</i> <i>Science</i>,"Q1, Q7, Q14",3
https://openalex.org/W7114767974,Key spirometric determinants of future airflow obstruction in children with asthma,Q2,1
https://openalex.org/W7114768887,SELF-TAPE EVALUATION CRITERIA AND THE STANDARDIZATION OF CASTING IN THE DIGITAL ENVIRONMENT,Q2,1
https://openalex.org/W7114786115,Integrated Spatial Reconstruction: A GIS-Based Assessment of Transport-Housing Interdependencies for Sustainable Post-Conflict Urban Recovery in Yemen,Q2,1
https://openalex.org/W7114806067,WGCNA-pipeline-for-Alfalfa: v2.0.0: Advanced Analysis Pipeline & 16GB RAM Optimization,Q4,1
https://openalex.org/W7114808946,SELF-TAPE EVALUATION CRITERIA AND THE STANDARDIZATION OF CASTING IN THE DIGITAL ENVIRONMENT,Q2,1
https://openalex.org/W7114810464,SELF-TAPE EVALUATION CRITERIA AND THE STANDARDIZATION OF CASTING IN THE DIGITAL ENVIRONMENT,Q2,1
https://openalex.org/W7114891317,DCQN-Matrix-Axiomatik-LLM-Protocol: deterministic LLM protocol for hallucination control and reproducible reasoning,Q4,1
https://openalex.org/W7114896692,Review of: The effects of host phylogenetic coverage and congruence metric on Monte Carlo-based null models of phylosymbiosis. Round#2/Reviewer#1,Q1,1
https://openalex.org/W7114899482,DCQN-Matrix-Axiomatik-LLM-Protocol: deterministic LLM protocol for hallucination control and reproducible reasoning,Q4,1
https://openalex.org/W7114900203,Decision Revise: The effects of host phylogenetic coverage and congruence metric on Monte Carlo-based null models of phylosymbiosis. Round#1,Q1,1
https://openalex.org/W7114903735,Author response of: The effects of host phylogenetic coverage and congruence metric on Monte Carlo-based null models of phylosymbiosis. Round#1,Q1,1
https://openalex.org/W7114908510,Review of: The effects of host phylogenetic coverage and congruence metric on Monte Carlo-based null models of phylosymbiosis. Round#1/Reviewer#2,Q1,1
https://openalex.org/W7114919714,Large Language Models for Early-Stage Software Project Estimation: A Systematic Mapping Study,Q3,1
https://openalex.org/W7114922809,SELF-TAPE EVALUATION CRITERIA AND THE STANDARDIZATION OF CASTING IN THE DIGITAL ENVIRONMENT,Q2,1
https://openalex.org/W7114925852,Review of: The effects of host phylogenetic coverage and congruence metric on Monte Carlo-based null models of phylosymbiosis. Round#1/Reviewer#1,Q1,1
https://openalex.org/W7114930595,Decision Revise: The effects of host phylogenetic coverage and congruence metric on Monte Carlo-based null models of phylosymbiosis. Round#2,Q1,1
https://openalex.org/W7114991029,SELF-TAPE EVALUATION CRITERIA AND THE STANDARDIZATION OF CASTING IN THE DIGITAL ENVIRONMENT,Q2,1
https://openalex.org/W7114994557,From Custodial Models to Reproducibility Frameworks: Shifting Bases of Interpretive Authority in Cancer Prevention Research,Q1,1
https://openalex.org/W7114999113,"Resolution Framework for the Erdős Distinct Distances Problem: Deterministic, Probabilistic, Generalized, Extended, and Replicable Variants",Q3,1
https://openalex.org/W7115008757,SELF-TAPE EVALUATION CRITERIA AND THE STANDARDIZATION OF CASTING IN THE DIGITAL ENVIRONMENT,Q2,1
https://openalex.org/W7115014437,"Resolution Framework for the Erdős Distinct Distances Problem: Deterministic, Probabilistic, Generalized, Extended, and Replicable Variants",Q3,1
https://openalex.org/W7115018920,Premise-Conditions Economics: Institutional Limits of Applying the Innovation-Driven Sustained Growth Theory in Japan,Q3,1
https://openalex.org/W7115059545,RRS-003 | Reproducibility before intelligence. Structure before performance.,Q2,1
https://openalex.org/W7115060411,RRS-003 | Reproducibility before intelligence. Structure before performance.,Q2,1
https://openalex.org/W7115063917,METACORE External Semantic Control Plane: Scalable Multi-Model Reasoning Architecture,Q6,1
https://openalex.org/W7115074654,METACORE External Semantic Control Plane: Scalable Multi-Model Reasoning Architecture,Q6,1
https://openalex.org/W7115556247,"A Unified Operator Framework for Quantum Spacetime (UOF–QS): Synthesizing Loop Quantum Gravity, Noncommutative Geometry, and Floquet Time Dynamics",Q1,1
https://openalex.org/W7115594637,From Custodial Models to Reproducibility Frameworks: Shifting Bases of Interpretive Authority in Cancer Prevention Research,Q1,1
https://openalex.org/W7115723506,Differences Between Manuscript Versions: A Living Review and Series of Meta-Analyses,"Q1, Q8",2
https://openalex.org/W7115738889,[V] Testing Computational Reproducibility Review in Editorial Workflows of Academic Journals: A Randomized Controlled Trial from the European iRISE project,Q1,1
https://openalex.org/W7115886258,"A Curated, Standardised Database of Non-Nucleoside Reverse Transcriptase Inhibitors (NNRTIs) for QSAR and Machine Learning in HIV Drug Discovery.",Q1,1
https://openalex.org/W7115900180,supporting_information,Q1,1
https://openalex.org/W7115905751,"A Curated, Standardised Database of Non-Nucleoside Reverse Transcriptase Inhibitors (NNRTIs) for QSAR and Machine Learning in HIV Drug Discovery.",Q1,1
https://openalex.org/W7115909322,Models of digitalization of recruitment processes in the public administration system: conceptual-philosophical and applied aspects,"Q2, Q13",2
https://openalex.org/W7115971788,"A comment on ""An Empirical Investigation of the Impact of ChatGPT on Creativity""","Q1, Q7",2
https://openalex.org/W7115979894,"A comment on ""Why Do Children Think Words Are Mutually Exclusive?"" (Brody et al., 2024)",Q1,1
https://openalex.org/W7115980593,Machine Learning Models in Proteomics and Phylogenetics,Q1,1
https://openalex.org/W7115981707,"Replication of Chan and Albarracín (2023) ""A meta-analysis of correction effects in sciencerelevant misinformation""",Q1,1
https://openalex.org/W7116080540,Interpretable AI Framework for Credit Risk Assessment and Fraud Detection,Q3,1
https://openalex.org/W7116128185,Dynamic Resilience of Urban Transport under Extreme Rainfall: A Systematic Review,Q6,1
https://openalex.org/W7116318089,137 Root: Establishing a Shared Mathematical Anchor for Post-2025 Physics,Q2,1
https://openalex.org/W7116318314,"<b>NVivo-to-Excel query outputs and ethnobotanical index worksheets (UV, FL, ICF) for TMP responses in Okitipupa LGA venereal disease study</b>",Q1,1
https://openalex.org/W7116319817,"<b>NVivo-to-Excel query outputs and ethnobotanical index worksheets (UV, FL, ICF) for TMP responses in Okitipupa LGA venereal disease study</b>",Q1,1
https://openalex.org/W7116357819,Automação na correção de provas com Python e hospedagem web: Ciência de dados aplicada à educação,Q1,1
https://openalex.org/W7116403435,137 Root: Establishing a Shared Mathematical Anchor for Post-2025 Physics,Q2,1
https://openalex.org/W7116683868,Hire Ed: Job Market Dynamics for Tenure-Track Faculty Positions in Archaeology,"Q1, Q8, Q10",3
https://openalex.org/W7116686272,Pulmonary function test in children: Multiple Breath Washout (MBW) – a position statement of the Polish Society of Pediatric Pulmonology (STAN PNEUMO: MBW),Q2,1
https://openalex.org/W7116725949,Brown_ManagementSci_2014_5PyD - Suchow - 2k4w6,"Q1, Q14, Q15",3
https://openalex.org/W7116750105,Compliance-Native AI System Architecture Under the EU AI Act: Deterministic AI,Q1,1
https://openalex.org/W7116759282,Compliance-Native AI System Architecture Under the EU AI Act: Deterministic AI,Q1,1
https://openalex.org/W7116772842,Quantifying the information-use capacity of life detection: A Bayesian framework with Solar System calibration,Q3,1
https://openalex.org/W7116859832,Intelligent Knowledge Mining Framework: Bridging AI Analysis and Trustworthy Preservation,Q1,1
https://openalex.org/W7116909079,"A container-based re-launch of CGG toolkit, a genome informatics software suite",Q1,1
https://openalex.org/W7116943018,Reproducible GIS-Based Evidence for Public Health and Urban Security: A Systematic Mapping and Review,Q2,1
https://openalex.org/W7116989462,"Structural Damage, Visual Field Loss, and Quality of Life in Optic Disc Drusen: A Case–Control Study with Integrated Data-Driven Phenotypes",Q2,1
https://openalex.org/W7117079171,Intelligent Knowledge Mining Framework: Bridging AI Analysis and Trustworthy Preservation,Q1,1
https://openalex.org/W7117081868,NATURE - From Spectral Determinant to Grand Unification: A Geometric Theory of Everything,Q3,1
https://openalex.org/W7117100510,Machine Learning Classification of Return on Equity from Sustainability Reporting and Corporate Governance Metrics: A SHAP-Based Explanation,Q2,1
https://openalex.org/W7117119392,Organoid drug screening in cancer: advances in high-throughput platforms and clinical applications,Q2,1
https://openalex.org/W7117140680,Numerical Variability of functional MRI Graph Measures,Q1,1
https://openalex.org/W7117149087,"RHESSys v7.4 model configuration and spatial inputs for the Kashi Basin (Tianshan Mountains) simulations, 2001–2020",Q1,1
https://openalex.org/W7117149867,"The <scp>SPECTACLE</scp> Study: A Multicenter, Prospective, Single‐Arm Trial Evaluating Quantitative Blood Flow Assessment Using <scp>SPY</scp> ‐ <scp>QP</scp> Software in Minimally Invasive Rectal Cancer Surgery",Q2,1
https://openalex.org/W7117161818,"RHESSys v7.4 model configuration and spatial inputs for the Kashi Basin (Tianshan Mountains) simulations, 2001–2020",Q1,1
https://openalex.org/W7117166130,"Volume Electron Microscopy: Imaging Principles, Computational Advances and Applications in Multi-Scale Biological System",Q1,1
https://openalex.org/W7117174492,An Agentic Framework for Autonomous Materials Computation,Q1,1
https://openalex.org/W7117185013,CODE beyond FAIR: a roadmap for reusable research software,"Q1, Q7, Q8, Q15",4
https://openalex.org/W7117235465,"The Synchronization Latency Principle: Geometric Coherence, Informational Audit, and the Emergence of Inertia and Mass",Q1,1
https://openalex.org/W7117247250,Let’s Talk About It: Making Scientific Computational Reproducibility Easier,Q1,1
https://openalex.org/W7117250330,1boscochiramel/AkashaJyoti_Preprint: EarthArXiv v1.0 — Akāsha Jyoti HAB Proxy Analysis,Q1,1
https://openalex.org/W7117254743,SciConv: A Conversational Tool for Reproducibility,Q1,1
https://openalex.org/W7117259357,"Constructive Yang-Mills Mass Gap | UIDT v3.7.2: Existence and Uniqueness via Osterwalder-Schrader Axioms, BRST Analysis, and Extended Functional Renormalization Group",Q6,1
https://openalex.org/W7117259660,1boscochiramel/AkashaJyoti_Preprint: EarthArXiv v1.0 — Akāsha Jyoti HAB Proxy Analysis,Q1,1
https://openalex.org/W7117260912,"Constructive Yang-Mills Mass Gap | UIDT v3.7.0: Existence and Uniqueness via Osterwalder-Schrader Axioms, BRST Analysis, and Extended Functional Renormalization Group",Q6,1
https://openalex.org/W7117277609,Auditing Reproducibility in Non-Targeted Analysis: 103 LC/GC--HRMS Tools Reveal Temporal Divergence Between Openness and Operability,"Q1, Q2",2
https://openalex.org/W7117298222,TRUE 12-QUANTUM Operational Protocol for the Detection of the Universal Redistributive Flux γ₀ in Quantum Systems and Deep Artificial Intelligence,Q2,1
https://openalex.org/W7117304505,Patient‐specific quality assurance at the Heidelberg Ion Beam Therapy Center: 10 years experience in treatment plan verification,Q6,1
https://openalex.org/W7117310260,Political ideology and scientific communication shape human perceptions of pollen seasons,Q2,1
https://openalex.org/W7117318693,Оцінювання відтворюваності числових результатів алгоритмів машинного навчання у вимірювальних задачах,Q1,1
https://openalex.org/W7117326728,TRUE 12-QUANTUM Operational Protocol for the Detection of the Universal Redistributive Flux γ₀ in Quantum Systems and Deep Artificial Intelligence,Q2,1
https://openalex.org/W7117327416,A practical approach to the determination of reproducibility precision (σtarget) in the field of sound absorption measurements: Evaluation of Proficiency Testing data according to ISO 354:2003,Q6,1
https://openalex.org/W7117367093,EVIDENCE-DRIVEN PROVISIONING VALIDATION (EDPV): SECURE WIPE AND PROVISIONING VALIDATION FOR MULTI-TENANT GPU CLOUD NODES WITH AI-ASSISTED DRIFT DETECTION,Q6,1
https://openalex.org/W7117370041,Systematic Review on the Ethics of Collecting and Using Respiratory Sound Datasets for the Development of AI-Based Diagnostic Models in the Biomedical Field,Q2,1
https://openalex.org/W7117411798,"Reproduction of Schwemmer's and Riedl's ""From hashtags to ballots""",Q1,1
https://openalex.org/W7117413521,VR-IoT-DigitalTwin-AnomalyDetection-Reproducibility-Package,Q6,1
https://openalex.org/W7117414712,VR-IoT-DigitalTwin-AnomalyDetection-Reproducibility-Package,Q6,1
https://openalex.org/W7117417095,"Constructive Yang-Mills Mass Gap | UIDT v3.7.1: Existence and Uniqueness via Osterwalder-Schrader Axioms, BRST Analysis, and Extended Functional Renormalization Group",Q6,1
https://openalex.org/W7117471855,Sophimatics and 2D Complex Time to Mitigate Hallucinations in LLMs for Novel Intelligent Information Systems in Digital Transformation,Q3,1
https://openalex.org/W7117472113,Geometric Standard Model (GSM): Dynamical Emergence Framework,Q3,1
https://openalex.org/W7117472634,From questionable measurement to questionable machine practices: the transparency delusion in the age of artificial intelligence,Q3,1
https://openalex.org/W7117478709,Failure Geometry as a Constructive Control Paradigm for Large Language Models: Attractor-Driven Semantic Collapse Under Hard Termination Constraints,Q3,1
https://openalex.org/W7117484451,"Constructive Yang-Mills Mass Gap | UIDT v3.7.1: Existence and Uniqueness via Osterwalder-Schrader Axioms, BRST Analysis, and Extended Functional Renormalization Group",Q6,1
https://openalex.org/W7117484619,Geometric Standard Model (GSM): Dynamical Emergence Framework,Q3,1
https://openalex.org/W7117485187,Geometric Standard Model (GSM): Dynamical Emergence Framework,Q3,1
https://openalex.org/W7117504502,Failure Geometry as a Constructive Control Paradigm for Large Language Models: Attractor-Driven Semantic Collapse Under Hard Termination Constraints,Q3,1
https://openalex.org/W7117511565,"Innovations in the Delivery of Bioactive Compounds for Cancer Prevention and Therapy: Advances, Challenges, and Future Perspectives",Q4,1
https://openalex.org/W7117529451,BIG-Bench Hard (BBH) Data Quality Investigation Report,Q6,1
https://openalex.org/W7117531762,"Constructive Yang-Mills Mass Gap | UIDT v3.7.2: Existence and Uniqueness via Osterwalder-Schrader Axioms, BRST Analysis, and Extended Functional Renormalization Group",Q6,1
https://openalex.org/W7117539181,"Volume Particle (VP) Application Whitepaper v0.2 - Reproducibility Package - Scale Separation (r_vac=245.9 fm, L_quant=4854 fm)",Q3,1
https://openalex.org/W7117545149,C-MVAD - Dataset Specifications & Supplementary Material,Q3,1
https://openalex.org/W7117558931,"Volume Particle (VP) Application Whitepaper v0.2 - Reproducibility Package - Scale Separation (r_vac=245.9 fm, L_quant=4854 fm)",Q3,1
https://openalex.org/W7117563140,Peer Review Report For: Survey about Barriers and Solutions for Enhancing Computational Reproducibility in Scientific Research [version 1; peer review: 1 approved with reservations],"Q1, Q7, Q8",3
https://openalex.org/W7117567529,El Logon como Invariante Estructural Propuesto: Análisis Topológico del Eigenvalor Ef = 0.8037 en Sistemas de Información Cuántica.,Q1,1
https://openalex.org/W7117571712,Lessons Learned: Creating Tutorials to Teach Agent-Based Modelling to Archaeologists,"Q1, Q7, Q8",3
https://openalex.org/W7117577727,El Logon como Invariante Estructural Propuesto: Análisis Topológico del Eigenvalor Ef = 0.8037 en Sistemas de Información Cuántica.,Q1,1
https://openalex.org/W7117582058,"Relational Coercion Dynamics and the Cost of Delayed Collapse Experiments on Internal Resilience, Forced Stability, and Systemic Damage",Q6,1
https://openalex.org/W7117582984,"Relational Coercion Dynamics and the Cost of Delayed Collapse Experiments on Internal Resilience, Forced Stability, and Systemic Damage",Q6,1
https://openalex.org/W7117588070,Hemodialysis Vascular Sound Index as a Diagnostic Tool for Vascular Access Stenosis: A Prospective Matched Observational Study,Q6,1
https://openalex.org/W7117654916,"Informational Entropic Gravity (IEG) Simulation Dataset Supporting Figures 2, 3 and 4",Q1,1
https://openalex.org/W7117737869,"A cross-domain test battery for comprehensive hearing loss characterisation using functional, physiological, and vestibular measures",Q2,1
https://openalex.org/W7117744818,"Informational Entropic Gravity (IEG) Simulation Dataset Supporting Figures 2, 3 and 4",Q1,1
https://openalex.org/W7117888141,"Effect of Nanocellulose Reinforcement on The Structural,Dielectric, and Electrical Breakdown of Epoxy Nanocomposites",Q1,1
https://openalex.org/W7117894384,Core Emotion Framework (CEF): Technical Specification 4 (TS-4),Q4,1
https://openalex.org/W7117898329,"HETEROJENLİK, TERCİH POLİTİKASI VE DAĞILIMSAL ASİMETRİ: HETEROJEN BİR KUYRUK SİSTEMİNDE MÜŞTERİ SAYISINA AİT KİTLESEL MOMENTLERİN İNCELEMESİ","Q1, Q7",2
https://openalex.org/W7117901090,Ideological bias in the production of research findings,"Q1, Q7, Q8, Q9, Q10",5
https://openalex.org/W7117925030,Core Emotion Framework (CEF): Technical Specification 4 (TS-4),Q4,1
https://openalex.org/W7117951593,ФОРМУВАННЯ ЕКОЛОГІЧНОЇ КУЛЬТУРИ У СТУДЕНТІВ ПРИ ДИСТАНЦІЙНОМУ ФОРМАТІ НАВЧАННЯ,Q2,1
https://openalex.org/W7117960381,"Hybrid Governance of Intellectual Property in the Digital Age: Aligning Law, Platforms, AI, and Blockchain for Effective Protection",Q6,1
https://openalex.org/W7117972689,Diagnostic Gap in Rural Maternal Health: Initial Validation of a Parsimonious Clinical Model for Hypertensive Disorders of Pregnancy in a Honduran Hospital,Q1,1
https://openalex.org/W7117974212,Visual Large Language Models in Radiology: A Systematic Multimodel Evaluation of Diagnostic Accuracy and Hallucinations,Q2,1
https://openalex.org/W7117974884,"Effects of Stroke on Electromyographic Activity, Respiratory Muscle Strength, and Pulmonary Function",Q2,1
https://openalex.org/W7117975742,"Reproducibility by Construction: Open Algorithms, Public Benchmarks, and Cloud-Native Artifact Pipelines",Q1,1
https://openalex.org/W7117979492,Geometric Design (GD-313): Electroweak Embedding and an Induced Coupling Ratio for sin&lt;sup&gt;2&lt;/sup&gt; θ&lt;sub&gt;W&lt;/sub&gt;,Q3,1
https://openalex.org/W7117989994,"Collatz Certified Proof Bundle (K=18, J=10) — Single Verifier and Artifacts",Q6,1
https://openalex.org/W7117994870,"Collatz Certified Proof Bundle (K=18, J=10) — Single Verifier and Artifacts",Q6,1
https://openalex.org/W7118001536,"Information Security and Long-Term Digital Preservation in Public Governance: Regulatory Alignment, Archival Integrity, and Technology Choices",Q6,1
https://openalex.org/W7118007722,A Benchmarking Framework for Cost-Effective Wearables in Oncology: Supporting Remote Monitoring and Scalable Digital Health Integration,Q2,1
https://openalex.org/W7118019824,"Collatz Certified Proof Bundle (K=18, J=10) — Single Verifier and Artifacts",Q6,1
https://openalex.org/W7118036913,USING A DIGITAL TWIN ARCHITECTURE FOR MINIMUM WAGE DETERMINATION: THE MWDT FRAMEWORK FOR TÜRKİYE,"Q1, Q8, Q15",3
https://openalex.org/W7118052297,Waste-to-Energy-Coupled AI Data Centers: Cooling Efficiency and Grid Resilience,Q3,1
https://openalex.org/W7118064008,"A Reproducibility Index for Artificial Intelligence Systems A Quantitative Measure of Determinism, Invariance, and Replayability",Q4,1
https://openalex.org/W7118064364,CompRep: A Dataset For Computational Reproducibility,"Q1, Q7",2
https://openalex.org/W7118066267,CompRep: A Dataset For Computational Reproducibility,Q1,1
https://openalex.org/W7118066486,BIG-Bench Hard (BBH) Data Quality Investigation Report,Q6,1
https://openalex.org/W7118069407,"Towards a formation model of the Neanderthal symbolic accumulation of herbivore crania: Spatial patterns shaped by rockfall dynamics in Level 3 of Des-Cubierta Cave (Lozoya valley, Madrid, Spain)",Q1,1
https://openalex.org/W7118069438,"A Reproducibility Index for Artificial Intelligence Systems A Quantitative Measure of Determinism, Invariance, and Replayability",Q4,1
https://openalex.org/W7118072161,"The Hubble Tension - The Precision Cascade Cosmology Series: Collected Papers, Datasets, and Reproducibility Framework",Q1,1
https://openalex.org/W7118073437,CompRep: A Dataset For Computational Reproducibility,Q1,1
https://openalex.org/W7118075358,Determination of small peptides in sour meat with Raman spectroscopy and LC-MS/MS,Q6,1
https://openalex.org/W7118078006,CompRep: A Dataset For Computational Reproducibility,Q1,1
https://openalex.org/W7118078168,BIG-Bench Hard (BBH) Data Quality Investigation Report,Q6,1
https://openalex.org/W7118081783,CompRep: A Dataset For Computational Reproducibility,Q1,1
https://openalex.org/W7118083711,CompRep: A Dataset For Computational Reproducibility,Q1,1
https://openalex.org/W7118087674,CompRep: A Dataset For Computational Reproducibility,Q1,1
https://openalex.org/W7118088557,CompRep: A Dataset For Computational Reproducibility,Q1,1
https://openalex.org/W7118089600,CompRep: A Dataset For Computational Reproducibility,Q1,1
https://openalex.org/W7118090024,CompRep: A Dataset For Computational Reproducibility,Q1,1
https://openalex.org/W7118093167,CompRep: A Dataset For Computational Reproducibility,Q1,1
https://openalex.org/W7118096355,"The Hubble Tension - The Precision Cascade Cosmology Series: Collected Papers, Datasets, and Reproducibility Framework",Q1,1
https://openalex.org/W7118123274,"A Comprehensive Analysis of Deterministic Harmonic Addressing: Mathematical Foundations, Architectural Implications, and Practical Limitations",Q1,1
https://openalex.org/W7118124372,Neutralizing Shadow Terms in BPS/Microstate Counts: A Projection Framework and L-Value Transduction (v1.1),Q3,1
https://openalex.org/W7118127527,Stationary Molecular Sonification and the Failure Geometry of Creative Generative Systems: A Validated Dataset and Methods Framework Using Limonene (C₁₀H₁₆),Q4,1
https://openalex.org/W7118127711,"A Comprehensive Analysis of Deterministic Harmonic Addressing: Mathematical Foundations, Architectural Implications, and Practical Limitations",Q1,1
https://openalex.org/W7118128810,Stationary Molecular Sonification and the Failure Geometry of Creative Generative Systems: A Validated Dataset and Methods Framework Using Limonene (C₁₀H₁₆),Q4,1
https://openalex.org/W7118141056,Neutralizing Shadow Terms in BPS/Microstate Counts: A Projection Framework and L-Value Transduction (v1.2),Q3,1
https://openalex.org/W7118165183,PupEyes: An interactive Python library for eye movement data processing,"Q1, Q8",2
https://openalex.org/W7118186456,From Omics to Applications: How Bioinformatics and Multi-Omics Approaches Are Revolutionizing Metal Bioleaching,Q4,1
https://openalex.org/W7118207633,Cricket‐Enriched Pasta Attenuates Oxidative and Inflammatory Stress in Intestinal Cells: Molecular and Proteomic Insights,Q2,1
https://openalex.org/W7118306176,Evolutionary transcriptomics unveils rapid changes of gene expression patterns in flowering plants,Q1,1
https://openalex.org/W7118312952,Auditing Inferential Blind Spots: A Framework for Evaluating Forensic Coverage in Network Telemetry Architectures,Q1,1
https://openalex.org/W7118404737,"TRUE 13.1 — Official Methodological Addendum Formal Clarifications, Invariants, and Reproducibility Conditions",Q2,1
https://openalex.org/W7118528460,PRIMAD-LID: A Developed Framework for Computational Reproducibility,Q1,1
https://openalex.org/W7118540302,Classifying National Pathways of Sustainable Development Through Bayesian Probabilistic Modelling,"Q1, Q7, Q15",3
https://openalex.org/W7118576815,"TRUE 13.1 — Official Methodological Addendum Formal Clarifications, Invariants, and Reproducibility Conditions",Q2,1
https://openalex.org/W7118601564,Detection of protein-losing enteropathy (PLE) ultrasonographic imaging features in dogs using deep learning neural networks,Q2,1
https://openalex.org/W7118648431,Innovate to Dominate: The Product Manager's Guide to New Market Realities,Q3,1
https://openalex.org/W7118718463,Reproducibility and Environmental Efficiency of Metabolomics Cancer Modeling,"Q1, Q4",2
https://openalex.org/W7118734653,Understanding the Future Dynamics of the Historic Rice Fields' Ecohydrological Systems Under Changing Climatic Conditions,"Q1, Q7",2
https://openalex.org/W7118738874,Reproducibility Under Preprocessing Variability: A Comparative Study of Modern Machine Learning Methods on Social Data,Q3,1
https://openalex.org/W7118832525,Placental hypoplasia and vascular malperfusion are associated with reduced brain volumes in fetal congenital heart disease,Q2,1
https://openalex.org/W7118910359,"Pressure-Induced Structural, Mechanical, and Optoelectronic Tunability in Fluorinated Two-Dimensional Hybrid Perovskite (FPMA) <sub>2</sub> PbI <sub>4</sub>",Q1,1
https://openalex.org/W7119057054,C-MVAD - Dataset Specifications & Supplementary Material,Q3,1
https://openalex.org/W7119058409,Active Maintenance: A Proposal for the Long-term Computational Reproducibility of Scientific Results,"Q1, Q9",2
https://openalex.org/W7119079865,Reproducibility Under Preprocessing Variability: A Comparative Study of Modern Machine Learning Methods on Social Data,Q3,1
https://openalex.org/W7119216170,Frontiers of Science and Tech: Pioneering Remote Sensing and Biological Insights,Q3,1
https://openalex.org/W7119233887,Meta-Learning Guided Pruning for Few-Shot Plant Pathology on Edge Devices,Q3,1
https://openalex.org/W7119234849,The Homogeneity Trap: Spectral Collapse in Doubly-Stochastic Deep Networks,Q3,1
https://openalex.org/W7119235329,PRIMAD-LID: A Developed Framework for Computational Reproducibility,Q1,1
https://openalex.org/W7119412466,Análise numérica de edifício em madeira lamelada colada cruzada submetido à atividade sísmica : avaliação sob as normas EN 1998 e NBR 15421,Q1,1
https://openalex.org/W7119465171,The computational reproducibility of articles published under the Open Data + FAIR policy of IJGIS,Q1,1
https://openalex.org/W7119493763,A Multi-Module Decision-Support Model for Prioritizing Rural Fortification Heritage Under Post-Dam Landscape Transformation: The Case of Yusufeli Castles,Q2,1
https://openalex.org/W7119498715,Comprehensive Evaluation of Barium Hydroxide Octahydrate for Reliable Thermal Energy Storage: Supercooling Suppression and Corrosion Compatibility,Q2,1
https://openalex.org/W7119500441,A numerical and analytical analysis of the optimization landscape of the spherical constrained random least-square problem,Q1,1
https://openalex.org/W7119513435,A Study on the Dynamic Evolution of English as an International Language Variant Driven by Big Data,Q4,1
https://openalex.org/W7119514594,"Imputations, inverse hyperbolic sines and impossible values",Q1,1
https://openalex.org/W7119524523,A numerical and analytical analysis of the optimization landscape of the spherical constrained random least-square problem,Q1,1
https://openalex.org/W7119525754,FatherTimeSDKP framework falsified for validation though academic research,"Q1, Q2",2
https://openalex.org/W7119533923,Scalable computer vision-based assessment of bait lamina sticks to quantify soil fauna activity,Q1,1
https://openalex.org/W7119575351,State-Dependent CHSH Inequality: A Common Pedagogical Omission with Reproducible Verification,Q6,1
https://openalex.org/W7119583503,"CNC x Pulsar Timing Array Holonomy Witness: Multi-ephemeris and multi-pipeline loop-closure test (Prereg artifacts and protocol, v1)",Q3,1
https://openalex.org/W7119601189,OTIP: A Falsifiable Anti-Goodhart Protocol for Testing Ontological Commitments via Interventions in Reinforcement Learning Agents,Q3,1
https://openalex.org/W7119648624,CompRep: A Dataset For Computational Reproducibility,Q1,1
https://openalex.org/W7119662863,OTIP: A Falsifiable Anti-Goodhart Protocol for Testing Ontological Commitments via Interventions in Reinforcement Learning Agents,Q3,1
https://openalex.org/W7119664234,CompRep: A Dataset For Computational Reproducibility,Q1,1
https://openalex.org/W7119720344,CompRep: A Dataset For Computational Reproducibility,Q1,1
https://openalex.org/W7119732338,CompRep: A Dataset For Computational Reproducibility,Q1,1
https://openalex.org/W7119747512,"CNC x Pulsar Timing Array Holonomy Witness: Multi-ephemeris and multi-pipeline loop-closure test (Prereg artifacts and protocol, v1)",Q3,1
https://openalex.org/W7119752409,CompRep: A Dataset For Computational Reproducibility,Q1,1
https://openalex.org/W7119762823,CompRep: A Dataset For Computational Reproducibility,Q1,1
https://openalex.org/W7119780992,CompRep: A Dataset For Computational Reproducibility,Q1,1
https://openalex.org/W7119800367,CompRep: A Dataset For Computational Reproducibility,Q1,1
https://openalex.org/W7119869507,CompRep: A Dataset For Computational Reproducibility,Q1,1
https://openalex.org/W7119872539,Crystallizing Theory Evaluation: A Human–AI Collaborative Framework for Multi‐Perspective Nursing Theory Analysis,"Q1, Q10",2
https://openalex.org/W7119917144,CompRep: A Dataset For Computational Reproducibility,Q1,1
https://openalex.org/W7119936412,CompRep: A Dataset For Computational Reproducibility,Q1,1
https://openalex.org/W7119945596,CompRep: A Dataset For Computational Reproducibility,Q1,1
https://openalex.org/W7119958922,CompRep: A Dataset For Computational Reproducibility,Q1,1
https://openalex.org/W7120053948,CompRep: A Dataset For Computational Reproducibility,Q1,1
https://openalex.org/W7120075631,Histological Differentiation of Swertia species: An Implication for Raw material Authentication to Avert Adulteration,Q2,1
https://openalex.org/W7120087000,CompRep: A Dataset For Computational Reproducibility,Q1,1
https://openalex.org/W7120190113,CompRep: A Dataset For Computational Reproducibility,Q1,1
https://openalex.org/W7120213448,OTIP: A Falsifiable Anti-Goodhart Protocol for Testing Ontological Commitments via Interventions in Reinforcement Learning Agents,Q3,1
https://openalex.org/W7120272519,Rotation-Robust Regression with Convolutional Model Trees,Q3,1
https://openalex.org/W7120327696,Reproducibility of 24-hour intraocular pressure curve in patients with glaucoma and suspected glaucoma,Q2,1
https://openalex.org/W7120494736,Methodology to analyze the structural state due to the quality of the manufacturing process using an optimized numerical approach and dynamic analysis,Q1,1
https://openalex.org/W7120503935,Políticas editoriales de datos científicos en revistas del área de comunicación e información,"Q1, Q10, Q15",3
https://openalex.org/W7120527859,"Scripts for: Predicting Suitable Habitat for Skwenkwínem (Claytonia lanceolata), a Culturally Significant Plant, Using a Reproducible Species Distribution Model",Q1,1
https://openalex.org/W7120552640,A provenance mechanism for a component-oriented High-Performance Computing services cloud,Q1,1
https://openalex.org/W7121051426,Assessing the Computational Reproducibility of Psychology Learning and Teaching Research,Q1,1
https://openalex.org/W7121244311,OTIP: A Falsifiable Anti-Goodhart Protocol for Testing Ontological Commitments via Interventions in Reinforcement Learning Agents,Q3,1
https://openalex.org/W7121344761,"Ontological Resolution Theory (ORT): Canon v2.5 — Axioms, Theorems, Hypotheses, and Public Verification Protocols",Q6,1
https://openalex.org/W7121406270,Mode-Mixing MCMC Enhances Sampling Efficiency for G-Quadruplex Ligand Binding Pose Sampling under a Walltime-Normalized Benchmark,Q1,1
https://openalex.org/W7121451821,AI-Optimized Cloud Migration,Q3,1
https://openalex.org/W7121468237,Towards the transformation of MATLAB models into FPGA-Based hardware accelerators,Q6,1
https://openalex.org/W7121564674,Mode-Mixing MCMC Enhances Sampling Efficiency for G-Quadruplex Ligand Binding Pose Sampling under a Walltime-Normalized Benchmark,Q1,1
https://openalex.org/W7121684534,"A Geometric Origin for Spin, Entanglement, and Gravity from 10-Dimensional Topology",Q1,1
https://openalex.org/W7122378593,UCT Zero-Parameter Geometric Derivation of Physical and Mathematical Constants from E₈ Lattice Projection with Quantum Computing Applications,Q6,1
https://openalex.org/W7122400217,Political Science and Public Administration In The Implementation Of Public Policies,Q3,1
https://openalex.org/W7122427003,"Automation,Compliance,AndPublicHealthReliabilityInBiomedical Infrastructure",Q1,1
https://openalex.org/W7122438302,"A Geometric Origin for Spin, Entanglement, and Gravity from 10-Dimensional Topology",Q1,1
https://openalex.org/W7122472188,UCT Zero-Parameter Geometric Derivation of Physical and Mathematical Constants from E₈ Lattice Projection with Quantum Computing Applications,Q6,1
https://openalex.org/W7122708194,Constraint-Driven Cosmology (CDC): Thermodynamic and Consistency Gates on Late-Time Expansion (Final),Q3,1
https://openalex.org/W7122751471,"Hypnosis Enhances Executive Performance, Reduces Negative Memories Reactivity, Stress and Anxiety in Medical Students: A Network, Bayesian, Psychophysiological and Machine Learning Study",Q1,1
https://openalex.org/W7122838888,"Automation,Compliance,AndPublicHealthReliabilityInBiomedical Infrastructure",Q1,1
https://openalex.org/W7123092059,OTIP: A Falsifiable Anti-Goodhart Protocol for Testing Ontological Commitments via Interventions in Reinforcement Learning Agents,Q3,1
https://openalex.org/W7123348182,The Biological Algorithm for Cancer Therapy,Q1,1
https://openalex.org/W7123348771,"Nutrient–Carbon Interactions and Monsoon-Driven Harmful Algal Bloom Dynamics in the Bosaso Coastal Waters of Puntland, Somalia (2023–2025)",Q1,1
https://openalex.org/W7123356260,PHM-Vibench,Q1,1
https://openalex.org/W7123597272,"Advanced computing for reproducibility of astronomy Big Data Science, with a showcase of AMIGA and the SKA Science prototype",Q4,1
https://openalex.org/W7123632381,A Comparative Review of Privacy Protection Techniques in Federated Learning,Q3,1
https://openalex.org/W7123653281,Segmental Colitis Associated with Diverticulosis: Status Quo,Q2,1
https://openalex.org/W7123720644,Unveiling the Superior Mechanism of Au‐SPE Compared With C‐SPE,Q6,1
https://openalex.org/W7123819304,"3D printing of droplet microfluidic devices: principles, wetting control, scale-up, and beyond",Q4,1
https://openalex.org/W7123888441,Adaptive Monitoring and Real-World Evaluation of Agentic AI Systems,Q3,1
https://openalex.org/W7123926851,Integrating Machine Learning Standards in Disseminating Machine Learning Research,Q3,1
https://openalex.org/W7124117459,PsyAgent: Constructing Human-like Agents Based on Psychological Modeling and Contextual Interaction,"Q1, Q10",2
https://openalex.org/W7124117816,Comparing three learn-then-test paradigms in a multivariate normal means problem,Q1,1
https://openalex.org/W7124118228,"Advanced computing for reproducibility of astronomy Big Data Science, with a showcase of AMIGA and the SKA Science prototype","Q4, Q6",2
https://openalex.org/W7124147739,Volakas marble data and MLP-RFF Python code,Q1,1
https://openalex.org/W7124153030,Computational Reproducibility in Sports Science: A Registered Report Reanalyzing Private Raw Data,Q1,1
https://openalex.org/W7124154280,Volakas marble data and MLP-RFF Python code,Q1,1
https://openalex.org/W7124154682,The Excitation-based Model of the Universe (EMU),Q1,1
https://openalex.org/W7124157763,The Excitation-based Model of the Universe (EMU),Q1,1
https://openalex.org/W7124161749,The Computational Reproducibility of Psychology Learning and Teaching Research,Q1,1
https://openalex.org/W7124178490,HeMoVal - Analysis code,Q1,1
https://openalex.org/W7124216352,HeMoVal - Analysis code,Q1,1
https://openalex.org/W7124240096,"Evaluating Autonomous Truck Adoption: An Elasticity-Based Model of Demand, Modal Shift, and Emissions","Q1, Q7",2
https://openalex.org/W7124248047,Extracting Histologic Features to Distinguish Primary and Metastatic Squamous Cell Carcinoma of the Lung,Q2,1
https://openalex.org/W7124250287,Floor-Specified No-Meta Autonomy,Q6,1
https://openalex.org/W7124269531,La reproductibilité en science et la RDA: Zoom sur le groupe de travail Reproducibility Checklist,Q3,1
https://openalex.org/W7124271251,La reproductibilité en science et la RDA: Zoom sur le groupe de travail Reproducibility Checklist,Q3,1
https://openalex.org/W7124276915,Floor-Specified No-Meta Autonomy,Q6,1
https://openalex.org/W7124281394,Evaluation of variable conditions for the integration of students with disabilities in higher education institutions,Q2,1
https://openalex.org/W7124314611,"Preserving scientific integrity in academic publishing: Navigating artificial intelligence, journal policies, and the impact factor as a quality indicator",Q5,1
https://openalex.org/W7124358032,Position on LLM-Assisted Peer Review: Addressing Reviewer Gap through Mentoring and Feedback,Q6,1
https://openalex.org/W7124421037,"A Geometric Origin for Spin, Entanglement, and Gravity from 10-Dimensional Topology",Q1,1
https://openalex.org/W7124421192,Single Bouts and 8-Weeks of Resistance Training Drives Different a Lactate-Butyrate-Dopamine Axis Linking Gut Microbiota to Reward and Neuroplasticity,Q1,1
https://openalex.org/W7124424077,La reproductibilité en Science et la RDA : Zoom sur le groupe de travail Reproducibility Checklist,Q3,1
https://openalex.org/W7124428294,Spectral Regularization of the Lonely Runner Conjecture: The Hard-Deck Limit and ACI Manifold Rupture,Q1,1
https://openalex.org/W7124434094,"Assessment of vitamin D nutritional status among adults in Lu'an, China, based on serum 25-hydroxyvitamin D measured by LC-MS/MS",Q2,1
https://openalex.org/W7124446711,Single Bouts and 8-Weeks of Resistance Training Drives Different a Lactate-Butyrate-Dopamine Axis Linking Gut Microbiota to Reward and Neuroplasticity,Q1,1
https://openalex.org/W7124450837,Spectral Regularization of the Lonely Runner Conjecture: The Hard-Deck Limit and ACI Manifold Rupture,Q1,1
https://openalex.org/W7124463038,Proposal of Economic Historical Studies: Rationality of Extra-Institutional Mediators and Interdisciplinary Re-evaluation,"Q2, Q12",2
https://openalex.org/W7124467979,Phase Diagrams for Human–AI Development: An Observational Theory of Finalization and Responsibility,Q4,1
https://openalex.org/W7124470914,Phase Diagrams for Human–AI Development: An Observational Theory of Finalization and Responsibility,Q4,1
https://openalex.org/W7124488169,Proposal of Economic Historical Studies: Rationality of Extra-Institutional Mediators and Interdisciplinary Re-evaluation,"Q2, Q12",2
https://openalex.org/W7124535390,AI-Governed Decentralized Economic Systems for Wealth Redistribution,Q3,1
https://openalex.org/W7124580326,A High-throughput Analysis of Gene Expression in the Intestine in Severe Neonatal Anemia,Q1,1
https://openalex.org/W7124691053,Diagnostic and Therapeutic Potential of Substance P/NK1 Receptor in Primary Dysmenorrhea: A Pilot Study,Q2,1
https://openalex.org/W7124703298,The Instrument as Cosmos: The Gai Tian Model and Its Operational Embodiment in Early Chinese Science,Q6,1
https://openalex.org/W7124714374,"Optimizing Breast Cancer Screening Outcomes in Dense Breasts: Diagnostic Performance, Cost-Effectiveness and Implementation of Supplemental Modalities",Q4,1
https://openalex.org/W7124716249,Explainable artificial-intelligence methods in decision support for delivery management,Q2,1
https://openalex.org/W7124719027,Deep Neural Network-Based Approach for Small-Size Colony Counting in the Textile Industry,Q4,1
https://openalex.org/W7124732036,Crystal Structure Prediction for Aprotic Ionic Liquids – Searching for the Unknown,Q1,1
https://openalex.org/W7124732199,phdpablo/article-template: ARTE v2.1,Q6,1
https://openalex.org/W7124827909,Serum Midkine as a Potential Biomarker Associated with Disease Severity and Remodeling-Related Mediators in Children with Asthma,Q2,1
https://openalex.org/W7124847784,Advancing the implementation of artificial intelligence in regulatory frameworks for chemical safety assessment by defining robust readiness criteria,Q2,1
https://openalex.org/W7124859189,A Deterministic Debt-Ledger Framework for RH Verification,Q6,1
https://openalex.org/W7124872426,A Deterministic Debt-Ledger Framework for RH Verification,Q6,1
https://openalex.org/W7124891704,A Deterministic Debt-Ledger Framework for RH Verification,Q6,1
https://openalex.org/W7124896661,A Deterministic Debt-Ledger Framework for RH Verification,Q6,1
https://openalex.org/W7124921269,A Deterministic Debt-Ledger Framework for RH Verification,Q6,1
https://openalex.org/W7124954738,"Update on the Prime Vortex Theory: Fractal Phase-Convergence and Reconciliation of the ""12.8"" Discrepancy",Q2,1
https://openalex.org/W7124969468,<scp>FAIR</scp> Workflows in Earth System Modelling: A Use Case With Semantic Data Management,Q1,1
https://openalex.org/W7125029202,A Deterministic Debt-Ledger Framework for RH Verification,Q6,1
https://openalex.org/W7125030714,Computational Modeling of Failure Mechanisms in Mechanical Systems: Applications For Energy and Industrial Sectors,Q1,1
https://openalex.org/W7125076830,Development and Validation of Bioanalytical Method for Efavirenz in Dried Blood Spot Using High Performance Liquid Chromatography–Photodiode Array,Q4,1
https://openalex.org/W7125112430,A Deterministic Debt-Ledger Framework for RH Verification,Q6,1
https://openalex.org/W7125112789,Hot dry spells and extreme rain increased corn and soybean prices in the United States Midwest,"Q1, Q7",2
https://openalex.org/W7125130306,PRIME: Policy-Reinforced Iterative Multi-Agent Execution for Algorithmic Reasoning in Large Language Models,Q3,1
https://openalex.org/W7125145941,Operationalising artificial intelligence bills of materials for verifiable AI provenance and lifecycle assurance,"Q4, Q6",2
https://openalex.org/W7125150477,A Deterministic Debt-Ledger Framework for RH Verification,Q6,1
https://openalex.org/W7125157479,"The CRISPR Revolution: Gene Editing, Biotechnology, and the Future of Humanity",Q3,1
https://openalex.org/W7125196323,The δ–Functional Framework for Navier–Stokes Regularity v3.7: Riccati Barriers and Equivalence to Classical Criteria,Q1,1
https://openalex.org/W7125206747,Good practices for documenting AI-based studies on energy and buildings,Q3,1
https://openalex.org/W7125237867,A Deterministic Debt-Ledger Framework for RH Verification,Q6,1
https://openalex.org/W7125266576,Ontology-aligned structuring and reuse of multimodal materials data and workflows towards automatic reproduction,Q1,1
https://openalex.org/W7125268720,The Excitation-based Model of the Universe (EMU),Q1,1
https://openalex.org/W7125352346,Verifying Floating-Point Programs in Stainless,Q6,1
https://openalex.org/W7125352565,Quantitative Methods in Finance,Q6,1
https://openalex.org/W7125352576,Ontology-aligned structuring and reuse of multimodal materials data and workflows towards automatic reproduction,Q1,1
https://openalex.org/W7125361932,Development and Validation of Bioanalytical Method for Efavirenz in Dried Blood Spot Using High Performance Liquid Chromatography&amp;ndash;Photodiode Array,Q4,1
https://openalex.org/W7125372927,The application of AI-assisted music therapy tools in mental health interventions,Q2,1
https://openalex.org/W7125374322,"Adaptive Recursive Cognition (ARC): A Reproducible Architecture for Multi-Loop Stabilization, Self-Improvement, and Token-Level Control in Language Models",Q4,1
https://openalex.org/W7125387187,Bridging the data desert,Q2,1
https://openalex.org/W7125399380,"Adaptive Recursive Cognition (ARC): A Reproducible Architecture for Multi-Loop Stabilization, Self-Improvement, and Token-Level Control in Language Models",Q4,1
https://openalex.org/W7125415964,"Spatial Polarization. A Replication Study of Cerina et al. (The Economic Journal, 2023)",Q1,1
https://openalex.org/W7125428441,Peer Review Report For: Survey about Barriers and Solutions for Enhancing Computational Reproducibility in Scientific Research [version 1; peer review: 2 approved with reservations],Q1,1
https://openalex.org/W7125489492,Collatz Final Gate v7.0: Uniform Flux → Uniform Gap → Global Contraction (Auditable Gate A/B Closure Program),Q6,1
https://openalex.org/W7125496364,How do Journal Editors Make Decisions About Adopting Open-Science Related Policies or Reforms in their Journal?,"Q1, Q8",2
https://openalex.org/W7125508596,"ДОКАЗООРІЄНТОВАНИЙ ЗАХИСТ ПРАВ ІНТЕЛЕКТУАЛЬНОЇ ВЛАСНОСТІ НА МУЛЬТИМЕДІЙНІ ДАНІ В ЕПОХУ КОНТЕНТУ, ЗГЕНЕРОВАНОГО ШІ",Q6,1
https://openalex.org/W7125511998,Collatz Final Gate v7.0: Uniform Flux → Uniform Gap → Global Contraction (Auditable Gate A/B Closure Program),Q6,1
https://openalex.org/W7125526065,Low-Grade Fibromyxoid Sarcoma and Related Subtypes: A Systematic Review and Pooled Analysis of 773 Cases,Q2,1
https://openalex.org/W7125578980,Reproducibility Package – Stochastic Life-Cycle Assessment of Global Hydrogen Infrastructure,Q1,1
https://openalex.org/W7125583962,An isotope dilution-liquid chromatography-tandem mass spectrometry-based candidate reference measurement procedure for the quantification of 5-alpha-dihydrotestosterone in human serum and plasma,Q2,1
https://openalex.org/W7125584615,Reproducibility Package – Stochastic Life-Cycle Assessment of Global Hydrogen Infrastructure,Q1,1
https://openalex.org/W7125613824,Unlocking GAI in Universities: Leadership-Driven Corporate Social Responsibility for Digital Sustainability,"Q1, Q7, Q8, Q15",4
https://openalex.org/W7125623938,How do Journal Editors Make Decisions About Adopting Open-Science Related Policies or Reforms in their Journal?,"Q1, Q8",2
https://openalex.org/W7125627937,"Z.I.P.P.E.D. Framework: A Unified Approach to Galactic Dynamics, Resonance, and Coherent Systems",Q1,1
https://openalex.org/W7125633735,The Turing_Sahbani Machine,Q6,1
https://openalex.org/W7125646021,"Z.I.P.P.E.D. Framework: A Unified Approach to Galactic Dynamics, Resonance, and Coherent Systems",Q1,1
https://openalex.org/W7125646876,Public benchmark models and evaluation artefacts for: Cross-solver finite-element mesh conversion via a neutral hierarchical intermediate representation,Q6,1
https://openalex.org/W7125648664,The Global Hydro-Logic Tectonic: A Unified Systems Model of Cognitive Biogeography.,Q1,1
https://openalex.org/W7125650513,The Global Hydro-Logic Tectonic: A Unified Systems Model of Cognitive Biogeography.,Q1,1
https://openalex.org/W7125659768,The Turing_Sahbani Machine,Q6,1
https://openalex.org/W7125664388,Public benchmark models and evaluation artefacts for: Cross-solver finite-element mesh conversion via a neutral hierarchical intermediate representation,Q6,1
https://openalex.org/W7125682593,Predicting psychological resilience and mental health from multimodal wearable sensor data using graph neural networks,Q4,1
https://openalex.org/W7125688199,Applying Action Research to Developing a GPT-Based Assistant for Construction Cost Code Verification in State-Funded Projects in Vietnam,Q6,1
https://openalex.org/W7125690405,CAPTURE: A Stakeholder-Centered Iterative MLOps Lifecycle,Q6,1
https://openalex.org/W7125691393,Integrate Computational Replay in Institutional Repositories,Q1,1
https://openalex.org/W7125716324,"Cosmic–climatic futures: interstellar objects, solar variability, and planetary consciousness (2027–2032)",Q2,1
https://openalex.org/W7125716631,Integrate Computational Replay in Institutional Repositories,Q1,1
https://openalex.org/W7125771789,"Rulers on the road: itinerant rule in the Holy Roman Empire, AD 919–1519","Q1, Q9",2
https://openalex.org/W7125782757,Ground-Glass Enhancement on Contrast-Enhanced Mammography: A CT-Inspired Qualitative Descriptor for Breast Lesion Characterization,Q2,1
https://openalex.org/W7125784168,"Next-Generation Advances in Quantum Computing: Algorithms, Networks, and Secure Systems",Q3,1
https://openalex.org/W7125784828,DATA - Pyrolysis-driven stabilization and micronutrient partitioning in poultry waste–derived biochars,Q1,1
https://openalex.org/W7125806791,"How to Better Assess the Real Role of the Environment in Pregnancy, From Past to Future: A Relational Open Data Infrastructure Covering 30,000 Births",Q2,1
https://openalex.org/W7125817662,DATA - Pyrolysis-driven stabilization and micronutrient partitioning in poultry waste–derived biochars,Q1,1
https://openalex.org/W7125877101,Adapter Merging Reactivates Latent Reasoning Traces: A Mechanism Analysis,Q3,1
https://openalex.org/W7125878529,"Promises, Perils, and (Timely) Heuristics for Mining Coding Agent Activity",Q1,1
https://openalex.org/W7125883910,Quantitative and qualitative assessment of petroleum products by spectroscopic and chemical data analytics / Abd Rahim Othman,Q4,1
https://openalex.org/W7125910763,Dead Universe Theory's Entropic Retraction Simultaneously Resolves ΛCDM Hubble and Growth Tensions: Δχ² = –211.6 from Identical Observational Datasets,Q6,1
https://openalex.org/W7125919019,Clinical validation of lightweight CNN architectures for reliable multi-class classification of lung cancer using histopathological imaging techniques,Q3,1
https://openalex.org/W7125925817,Oral Microbiota and Clinical Outcomes in Allogenic Hematopoietic Stem Cell Transplantation: A Systematic Review,"Q2, Q13",2
https://openalex.org/W7125933758,"Leveraging whole-genome re-sequencing for diversity, population structure, and a public mid-density genotyping enrichment panel in crimson clover ( <i>Trifolium incarnatum L</i> .) for breeding purposes",Q1,1
https://openalex.org/W7125952550,"From Irreproducible Science to Venture-Fundable Fiction: How Incentives, Paper Mills, and Capital Markets Enable a New Class of Biotech Startups",Q6,1
https://openalex.org/W7125952690,Unified Toroidal Cosmology: A Clifford Algebra Framework for Fundamental Physics,Q1,1
https://openalex.org/W7125959742,A K–R Parameterized Nonlinear Wetware Framework with Global Lyapunov Stability and Quantitative Convergence Benchmarks,Q1,1
https://openalex.org/W7125960232,A K–R Parameterized Nonlinear Wetware Framework with Global Lyapunov Stability and Quantitative Convergence Benchmarks,Q1,1
https://openalex.org/W7125965073,Mechanism of harmonic structure change with jet angle in flute playing,Q1,1
https://openalex.org/W7125966386,"Why Risk it, When You Can {rix} it: A Tutorial for Computational Reproducibility Focused on Simulation Studies",Q1,1
https://openalex.org/W7126025770,Leveraging Artificial Intelligence and Automation for Enhancing School Improvement Efforts,"Q1, Q8",2
https://openalex.org/W7126037415,Experimental Protocol for Comparative Testing of Consistency Constraints in Post-Selected Quantum Circuits: A Comparative NISQ Study,Q3,1
https://openalex.org/W7126054233,Collatz Final Gate v8.2 — Gate B Closure via a Provenance-Sealed Verdict Certificate (with GateB Bottleneck Note v1.5 and Level-2B Demo Packet),Q6,1
https://openalex.org/W7126085081,"Advanced Research Analytics: Statistical, Computational, and Simulation Techniques Across Disciplines",Q1,1
https://openalex.org/W7126093644,Experimental Protocol for Comparative Testing of Consistency Constraints in Post-Selected Quantum Circuits: A Comparative NISQ Study,Q3,1
https://openalex.org/W7126166565,A Core-Agnostic Validation Framework for Structural Similarity Metrics in One-Dimensional Signals,Q2,1
https://openalex.org/W7126171089,The Riemann Hypothesis: Theoretical Prediction and Computational Validation via Boundary Mathematics - A Unified Framework Demonstrating Geometric Necessity of the Critical Line,Q1,1
https://openalex.org/W7126172228,PK-PoMLO: Public Key Proof of ML Ownership System,Q6,1
https://openalex.org/W7126172241,"CMPSBL OS Substrate v6.x.x - A Governed Cognitive Operating System for Persistent, Self-Improving AI Systems",Q2,1
https://openalex.org/W7126194731,"CSL-∞: A Unified Framework for Deterministic Settlement, Formal Verification, and Computable Governance Architecture",Q1,1
https://openalex.org/W7126199572,Insomnia-LCA classifier: an open web application for insomnia subtype classification using latent class analysis,Q1,1
https://openalex.org/W7126213240,The Riemann Hypothesis: Theoretical Prediction and Computational Validation via Boundary Mathematics - A Unified Framework Demonstrating Geometric Necessity of the Critical Line,Q1,1
https://openalex.org/W7126244660,"Mathematical Modeling Techniques in Virtual Reality Technologies: An Integrated Review of Physical Simulation, Spatial Analysis, and Interface Implementation",Q3,1
https://openalex.org/W7126246328,"The Collatz Conjecture — Final Gate v8.3: Provenance-Sealed, From-Scratch Certificate Audit Pipeline",Q6,1
https://openalex.org/W7126261674,A Core-Agnostic Validation Framework for Structural Similarity Metrics in One-Dimensional Signals,Q2,1
https://openalex.org/W7126264697,The Global Hydro-Logic Tectonic: A Unified Systems Model of Cognitive Biogeography.,Q1,1
https://openalex.org/W7126268506,Intelligent Robotics and Autonomous Systems: From Cognitive Machines to Surgical Precision,Q3,1
https://openalex.org/W7126281296,Sustainable Open-Source AI Requires Tracking the Cumulative Footprint of Derivatives,Q3,1
https://openalex.org/W7126281580,"Training Memory in Deep Neural Networks: Mechanisms, Evidence, and Measurement Gaps",Q3,1
https://openalex.org/W7126360717,Survival and success of rehabilitation of the edentulous maxillary dental arch treated via immediately loaded fully-guided implant-supported fixed prostheses,Q2,1
https://openalex.org/W7126373748,A reproducible k-mer set-algebra workflow to quantify nuclear–chloroplast–mitochondrial sequence sharing in plant genomes,Q1,1
https://openalex.org/W7126374586,Manual for the reproducible geometric and computational implementation of Bührig-type metrics in submarine canyons,Q1,1
https://openalex.org/W7126378919,A reproducible k-mer set-algebra workflow to quantify nuclear–chloroplast–mitochondrial sequence sharing in plant genomes,Q1,1
https://openalex.org/W7126382002,Geometric Resolution of the Riemann Hypothesis: The PVT-Mc Convergence Framework,Q2,1
https://openalex.org/W7126383297,Stanceosaurus 2.0 - Classifying Stance Towards Russian and Spanish Misinformation,Q2,1
https://openalex.org/W7126403980,Michikaze Protocol v6.0: The Unified Intellectual Property Manifesto,Q2,1
https://openalex.org/W7126414600,ACME HOLD,Q3,1
https://openalex.org/W7126416434,Manual for the reproducible geometric and computational implementation of Bührig-type metrics in submarine canyons,Q1,1
https://openalex.org/W7126419285,Geometric Resolution of the Riemann Hypothesis: The PVT-Mc Convergence Framework,Q2,1
https://openalex.org/W7126420963,From PSNR to Frequency Evidence: Evaluating Super-Resolution Reliability on Low-SNR Fluorescence Channels,Q4,1
https://openalex.org/W7126430906,"Race, gender, and party in EEOC cases, 1996–2006: Assessing the role of judge attributes in case outcomes in the US district courts","Q1, Q7, Q8, Q9",4
https://openalex.org/W7126436507,A reproducible k-mer set-algebra workflow to quantify nuclear–chloroplast–mitochondrial sequence sharing in plant genomes,Q1,1
https://openalex.org/W7126437531,Modern Automation Strategies for Biomedical Research Infrastructures: A Technical Framework,Q1,1
https://openalex.org/W7126440551,ACME HOLD,Q3,1
https://openalex.org/W7126453329,Geometric Resolution of the Riemann Hypothesis: The PVT-Mc Convergence Framework,Q2,1
https://openalex.org/W7126466843,Front Matter,Q3,1
https://openalex.org/W7126545285,"A Modular Architecture with Observability, Governance, and Safe Autonomous Evolution",Q2,1
https://openalex.org/W7127038606,Adaptive monitoring and real-world evaluation of agentic AI systems,Q3,1
https://openalex.org/W7127048066,"Quantum Information Copy Time (QICT): Operational Definition, Minimal Locality Bounds, Hydrodynamic Susceptibilities, and a Programmatic Outlook",Q3,1
https://openalex.org/W7127049221,CIPipeline: A Reproducible and Extensible Pipeline Framework for Calcium Imaging,Q1,1
https://openalex.org/W7127060162,Subsumption Pattern Learning: A Formal Framework for Self-Distilling Swarm Intelligence Through Shared Collective Memory,Q3,1
https://openalex.org/W7127079630,Experimental Protocol for Comparative Testing of Consistency Constraints in Post-Selected Quantum Circuits: A Comparative NISQ Study,Q3,1
https://openalex.org/W7127094176,Context-Based URL Classification for Open Access Datasets and Software in Scholarly Documents,Q1,1
https://openalex.org/W7127130275,CC30k: A Citation Contexts Dataset for Reproducibility-Oriented Sentiment Analysis,Q1,1
https://openalex.org/W7127168220,Intelligent Journal System Full-Stack Theoretical Architecture Engineering Implementation and Supplementary Improvement Plans,Q6,1
https://openalex.org/W7127181205,Unified Toroidal Cosmology: A Clifford Algebra Framework for Fundamental Physics,Q1,1
https://openalex.org/W7127186869,"Set-up, validation, evaluation, and cost-benefit analysis of an AI-assisted assessment of responsible research practices in a sample of life science publications",Q1,1
https://openalex.org/W7127197130,Intelligent Journal System Full-Stack Theoretical Architecture Engineering Implementation and Supplementary Improvement Plans,Q6,1
https://openalex.org/W7127199979,Passkeys in Practice: An Empirical Evaluation of FIDO2/WebAuthn Compliance and Interoperability,Q2,1
https://openalex.org/W7127213122,ACME HOLD,Q3,1
https://openalex.org/W7127213487,Developmental Reweighting of Experiential Cues in Confidence Judgments: Evidence from Two Perceptual Tasks,Q6,1
https://openalex.org/W7127229451,ACME HOLD,Q3,1
https://openalex.org/W7127271982,Leakage Testing of 3D-Printed Vacuum Enclosures for Smart Facade Applications,Q3,1
https://openalex.org/W7127290573,Multi-Objective Preparation Process Optimization of Ultra-Small Manganese Ferrite Nanoparticles Using Probability-Based Method,Q1,1
https://openalex.org/W7127336887,"Neutrinos, Emergence Ontology, and Cosmological Coherence: a critical–propositional analysis under the modal discipline of the Theory of Objectivity (TO)",Q3,1
https://openalex.org/W7127350966,Assessing Species Delimitation in Entamoeba (Amoebozoa: Endamoebidae) Using the Small Subunit rRNA Gene: Its Application to the Entamoeba polecki Complex,Q2,1
https://openalex.org/W7127367058,Reproducible Drone Photogrammetry DSM and DTM Workflow with Public LiDAR Terrain Reference for a Heterogeneous Site,Q4,1
https://openalex.org/W7127382342,Acute Modulation of Physiological Tremor by Physical Exercise and Resistance-Based Protocols: A Meta-Analysis of Quantitative Neuromuscular Responses in Healthy Adults,Q1,1
https://openalex.org/W7127386356,The Verification Crisis: Expert Perceptions of GenAI Disinformation and the Case for Reproducible Provenance,Q3,1
https://openalex.org/W7127421166,"Neutrinos, Emergence Ontology, and Cosmological Coherence: a critical–propositional analysis under the modal discipline of the Theory of Objectivity (TO)",Q3,1
https://openalex.org/W7127436735,Diamond Hard Replication: A Normative Standard for Trustworthy AI‑Assisted Measurement in Social Science,"Q1, Q8",2
https://openalex.org/W7127445470,The Verification Crisis: Expert Perceptions of GenAI Disinformation and the Case for Reproducible Provenance,"Q1, Q3, Q4, Q7, Q8, Q15",6
https://openalex.org/W7127541960,HuPER: A Human-Inspired Framework for Phonetic Perception,Q2,1
https://openalex.org/W7127577228,PhiLogos: A Bounded Reasoning Kernel and Reference Implementation,Q1,1
https://openalex.org/W7127593676,Role-Conditioned Persona Persistence as a Function of Model Scale,Q3,1
https://openalex.org/W7127607828,Replay Cost as a Verification Primitive: Robust CHSH Self-Testing and the Limits of Auditability,Q6,1
https://openalex.org/W7127617007,"Reporting Practices, Open Science Practices, and Trustworthiness of Simulation Studies in Psychology: A Questionnaire Study",Q1,1
https://openalex.org/W7127619723,PhiLogos: A Bounded Reasoning Kernel and Reference Implementation,Q1,1
https://openalex.org/W7127633185,A Blockchain-Enabled Deep Learning Framework for Secure Omics Data Sharing and Attack Detection,Q6,1
https://openalex.org/W7127639899,Replay Cost as a Verification Primitive: Robust CHSH Self-Testing and the Limits of Auditability,Q6,1
https://openalex.org/W7127648247,"Research Data and Code for ""Feasibility Mapping in Latent Space Reveals Transferability Limits Across Electrochemical Energy Storage Materials""",Q1,1
https://openalex.org/W7127656098,Design and evaluation of semantically-valid negative samples integration techniques for scalable semi-automated drug repurposing prediction pipelines in rare disease research,Q1,1
https://openalex.org/W7127709751,State-Dependent CHSH Inequality: A Common Pedagogical Omission with Reproducible Verification,Q6,1
https://openalex.org/W7127866449,Resonant Mass Structure in Riemann Zeta Zeros: Dynamical Evidence for the Critical Line,Q4,1
https://openalex.org/W7127895504,SOLAR External: 2I/Borisov — Coherence Signature on SOLAR Baseline (CP364),Q2,1
https://openalex.org/W7127908601,Geometric Resolution of the Riemann Hypothesis: The PVT-Mc Convergence Framework,Q2,1
https://openalex.org/W7127919594,Constraint-Interference in Large Language Models: Causal Decomposition of Artificial Phase Transitions and Intrinsic Alignment Structures,Q1,1
https://openalex.org/W7127924756,Overcoming Barriers to Computational Reproducibility,Q1,1
https://openalex.org/W7127924762,Experimental Evidence of Topology-Dependent Error Correlations in Y⊗Z Stabilizer Measurements on IBM's 156-Qubit Heron Processor (4.86σ),Q6,1
https://openalex.org/W7127925642,Reproducibility package (public subset) - cross-solver FE mesh conversion paper,Q6,1
https://openalex.org/W7127928609,Translational Research in Pharmacy: Bridging the lab and clinic,"Q1, Q7, Q15",3
https://openalex.org/W7127929387,A K–R Parameterized Nonlinear Wetware Framework with Global Lyapunov Stability and Quantitative Convergence Benchmarks,Q1,1
https://openalex.org/W7127944464,Compliance-Aware Cross-Border Federated Learning for Security Telemetry under HIPAA/GDPR,Q3,1
https://openalex.org/W7127952663,A Practical Framework for Designing High-Speed Imaging Data Acquisition Systems on Low-Cost FPGAs,Q6,1
https://openalex.org/W7127966553,赵付涛物质记忆元公理丙式方程V3.0s：——量化的历史之西周篇 第四章 关键历史事件量化验证与模型可靠性分析,Q6,1
https://openalex.org/W7127984265,Reproducibility package (public subset) - cross-solver FE mesh conversion paper,Q6,1
https://openalex.org/W7127987491,Programmable Nanomaterial Sensors for Edge AI,Q3,1
https://openalex.org/W7127990095,赵付涛物质记忆元公理丙式方程V3.0s：——量化的历史之西周篇 第四章 关键历史事件量化验证与模型可靠性分析,Q6,1
https://openalex.org/W7128005375,Constraint-Interference in Large Language Models: Causal Decomposition of Artificial Phase Transitions and Intrinsic Alignment Structures,Q1,1
https://openalex.org/W7128025705,Replication code for: Understanding Comorbidities in Hypermobile Ehlers-Danlos Syndrome: Could a Viral Infection Unmask the Disorder?,Q1,1
https://openalex.org/W7128036090,Replication code for: Understanding Comorbidities in Hypermobile Ehlers-Danlos Syndrome: Could a Viral Infection Unmask the Disorder?,Q1,1
https://openalex.org/W7128050450,SOLAR External: 2I/Borisov — Coherence Signature on SOLAR Baseline (CP364),Q2,1
https://openalex.org/W7128069203,Experimental Evidence of Topology-Dependent Error Correlations in Y⊗Z Stabilizer Measurements on IBM's 156-Qubit Heron Processor (4.86σ),Q6,1
https://openalex.org/W7128096049,"Uncertainty Quantification in LLM Agents: Foundations, Emerging Challenges, and Opportunities","Q1, Q7, Q8, Q15",4
https://openalex.org/W7128097805,Overcoming Barriers to Computational Reproducibility,Q1,1
https://openalex.org/W7128157475,Raw-Audio Emotion and Intent Understanding for Human–Robot Interaction,Q3,1
https://openalex.org/W7128160980,SFEL a machine learning framework for forecasting radar backscatter based ground deformation,Q4,1
https://openalex.org/W7128161281,Prostate Cancer Radiomic Features: Limited Cross‐Scanner Reproducibility Despite High Reader Reliability,Q1,1
https://openalex.org/W7128163947,Encrypted Federated Learning for Edge Robotics Under Constraints,Q3,1
https://openalex.org/W7128174466,SOLAR External: 2I/Borisov - Firma di Coerenza su Baseline SOLAR (CP364),Q2,1
https://openalex.org/W7128176730,"Reporting Practices, Open Science Practices, and Trustworthiness of Simulation Studies in Psychology: A Questionnaire Study",Q1,1
https://openalex.org/W7128310712,The Riemann Hypothesis — Complete Proof,Q2,1
https://openalex.org/W7128312052,SOLAR External: 1I/ʻOumuamua — Coherence Signature on SOLAR Baseline (CP364),"Q2, Q6",2
https://openalex.org/W7128318352,SOLAR External: 1I/ʻOumuamua — Coherence Signature on SOLAR Baseline (CP364),"Q2, Q6",2
https://openalex.org/W7128361581,Topological AI Engines: Persistent Structure for Stable Learning and Anomaly Discovery,Q3,1
https://openalex.org/W7128362219,"Reproducibility Archive for Integrated Model Development, Consensus ML Screening, Protein Selection, Docking, and MD to Identify GSK3β Inhibitors",Q1,1
https://openalex.org/W7128372723,Draft genome dataset of Xylaria sp. KR-3U isolated from leaves of the medicinal plant Catharanthus roseus,Q1,1
https://openalex.org/W7128401995,"Good Recovery, Poor Participation? A Secondary Analysis of the Dissociation Between Global Disability and Real-Life Participation Five Years After Traumatic Brain Injury",Q2,1
https://openalex.org/W7128410299,SOLAR External: 1I/ʻOumuamua — Firma di Coerenza su Baseline SOLAR (CP364),"Q2, Q6",2
https://openalex.org/W7128439941,Recent Advances in Decoupling Strategies for Soft Sensors,Q6,1
https://openalex.org/W7128441050,"Green Intelligence Digital Twins: Climate-Resilient, Carbon-Aware Infrastructure",Q3,1
https://openalex.org/W7128442357,"Transparency in Agentic AI: A Survey of Interpretability, Explainability, and Governance",Q1,1
https://openalex.org/W7128449081,The relationship between ESG criteria and economic growth: A study on Stoxx Europe 600 company countries,Q4,1
https://openalex.org/W7128475124,Automating Computational Reproducibility in Social Science: Comparing Prompt-Based and Agent-Based Approaches,"Q1, Q8",2
https://openalex.org/W7128482743,"Artifact for ""GrowthHacker: Automated Off-Policy Evaluation Optimization Using Code-Modifying LLM Agents""",Q4,1
https://openalex.org/W7128483260,Collatz Final Gate v8.7: Certificate-grade reduction with an audited non-synthetic L0=16 trigger instance (Level–2B packet),Q6,1
https://openalex.org/W7128486078,"Update on the Prime Vortex Theory: Fractal Phase-Convergence and Reconciliation of the ""12.8"" Discrepancy",Q2,1
https://openalex.org/W7128493690,Assessing Reproducibility in Evolutionary Computation: A Case Study using Human- and LLM-based Assessment,Q3,1
https://openalex.org/W7128496654,Resilience and Reliability in Transitions from Legacy (Monolith/SOA) to Scalable Enterprise Architectures: A Scoping Review,Q2,1
https://openalex.org/W7128500657,Review of: Infanticide in a colonial cooperative bird is not associated with direct reproductive benefits. Round#1/Reviewer#2,Q1,1
https://openalex.org/W7128504626,Protocol for development of a reporting guideline (TRIPOD-Code) for code repositories associated with diagnostic and prognostic prediction model studies,Q1,1
https://openalex.org/W7128508425,Expansive homeomorphisms on complexity quasi-metric spaces,Q1,1
https://openalex.org/W7128510863,"ToxMCP: Guardrailed, Auditable Agentic Workflows for Computational Toxicology via the Model Context Protocol",Q1,1
https://openalex.org/W7128518091,Review of: Infanticide in a colonial cooperative bird is not associated with direct reproductive benefits. Round#3/Reviewer#1,Q1,1
https://openalex.org/W7128533718,Decision Revise: Infanticide in a colonial cooperative bird is not associated with direct reproductive benefits. Round#1,Q1,1
https://openalex.org/W7128535506,HPIDF: A Hybrid SDAE-Random Forest for Exascale Interconnect Prognostics,Q3,1
https://openalex.org/W7128537058,Hybrid AI-Based dynamic risk assessment framework with explainable AI practices for composite product cybersecurity certification,Q4,1
https://openalex.org/W7128538843,Recommendation of: Infanticide in a colonial cooperative bird is not associated with direct reproductive benefits. Round#3,Q1,1
https://openalex.org/W7128540919,Review of: Gene-Culture Coevolution Favours the Emergence of Traditions in Mate Choice through Conformist Social Learning. Round#1/Reviewer#2,Q1,1
https://openalex.org/W7128541618,Emergent Threshold Dynamics in Unified Metabolic-Regulatory Models: Achieving Spontaneous Homeostasis Through Bidirectional ATP-Pathway Coupling,Q1,1
https://openalex.org/W7128550314,Review of: Infanticide in a colonial cooperative bird is not associated with direct reproductive benefits. Round#1/Reviewer#1,Q1,1
https://openalex.org/W7128555068,Expansive homeomorphisms on complexity quasi-metric spaces,Q1,1
https://openalex.org/W7128555370,Software Testing at the Network Layer: Automated HTTP API Quality Assessment and Security Analysis of Production Web Applications,Q2,1
https://openalex.org/W7128555446,ArkEval: Benchmarking and Evaluating Automated CodeRepair for ArkTS,Q6,1
https://openalex.org/W7128555674,Assessing Reproducibility in Evolutionary Computation: A Case Study using Human- and LLM-based Assessment,Q3,1
https://openalex.org/W7128555990,Automating Computational Reproducibility in Social Science: Comparing Prompt-Based and Agent-Based Approaches,"Q1, Q8, Q11",3
https://openalex.org/W7128588195,Aptamer-Driven PS-THSP Strategy for Rapid and Highly Sensitive Detection of ATP,Q6,1
https://openalex.org/W7128593231,Clinical Features and Factors Associated with Disease Severity in Acute Chikungunya Fever: A Retrospective Analysis,Q2,1
https://openalex.org/W7128599955,"Peer Review Report For: Beyond Classrooms: Community-Based Learning for Personal, Social, and Vocational Empowerment [version 1; peer review: 1 approved with reservations]","Q2, Q12, Q13",3
https://openalex.org/W7128620706,"Update on the Prime Vortex Theory: Fractal Phase-Convergence and Reconciliation of the ""12.8"" Discrepancy",Q2,1
https://openalex.org/W7128625685,REPRODUCIBILIDAD EN LOS FLUJOS DE TRABAJO BIOINFORMÁTICOS APLICADOS A GENÓMICA Y ONCOLOGÍA CLÍNICA,Q1,1
https://openalex.org/W7128640639,"Update on the Prime Vortex Theory: Fractal Phase-Convergence and Reconciliation of the ""12.8"" Discrepancy",Q2,1
https://openalex.org/W7128643197,"Reproduction of ""Public Pension Reforms and Retirement Decisions: Narrative Evidence and Aggregate Implications""",Q1,1
https://openalex.org/W7128648162,Artisan: Agentic Artifact Evaluation,"Q1, Q8",2
https://openalex.org/W7128648265,Towards an OSF-based Registered Report Template for Software Engineering Controlled Experiments,Q4,1
https://openalex.org/W7128650985,Computational Reproducibility and Robustness of Empirical Economics and Political Science Research,"Q1, Q7, Q9",3
https://openalex.org/W7128668155,"An Implementation-Ready Specification for Self-Recognition and Propagation of Relative, Dynamic Good",Q6,1
https://openalex.org/W7128679441,On the Chowla Cosine Problem: A Multi-Scale Proof Skeleton & Thermodynamic Dichotomy,Q6,1
https://openalex.org/W7128683915,"Collatz Final Gate v8.9 (Main + Gate B Bottleneck v1.9) — Sealed Level-2B Demo Packet (L0=16 anchor, I4 mandatory)",Q6,1
https://openalex.org/W7128689162,"Three Modes of Database-Kernel Integration via eBPF: Observability, Policy Injection, and Kernel-Resident State",Q3,1
https://openalex.org/W7128709450,"Report from badań Global Theory of Shared Couplings of Fundamental Structures (GTWSSF USC GTCW) Modules theoretical, holography, HJM–BARYO,nuclear 134In–133Sn and tests experimental_EN","Q2, Q3",2
https://openalex.org/W7128720529,Monitoring Strategy for Mudflat Wetlands: Selecting Indicator Species Based on Principal Component Analysis,Q2,1
https://openalex.org/W7128724031,"Report from badań Global Theory of Shared Couplings of Fundamental Structures (GTWSSF USC GTCW) Modules theoretical, holography, HJM–BARYO,nuclear 134In–133Sn and tests experimental_EN","Q2, Q3",2
https://openalex.org/W7128729335,GSAP-ERE: Fine-Grained Scholarly Entity and Relation Extraction Focused on Machine Learning,Q1,1
https://openalex.org/W7128740226,On the Chowla Cosine Problem: A Multi-Scale Proof Skeleton & Thermodynamic Dichotomy,Q6,1
https://openalex.org/W7128740621,Position: Beyond Prediction: Toward Verifiable Physiological Waveform Reasoning with Foundation Models and Agentic LLMs,Q6,1
https://openalex.org/W7128762025,"Replication of Frey (2024) ""Larger Legislatures and the Cost of Political Brokerage: Evidence from Brazil""",Q1,1
https://openalex.org/W7128766916,The N3LO twist-2 matching of helicity TMDs and SIDIS q* spectrum,Q1,1
https://openalex.org/W7128794589,Data and Code for: Capital Uncertainty and the Efficiency Frontier of Climate Adaptation,Q1,1
https://openalex.org/W7128803084,Fine-tuned large language models can replicate expert coding better than trained coders: a study on informative signals sent by interest groups,"Q1, Q7, Q8, Q9, Q15",5
https://openalex.org/W7128806830,"Collatz Final Gate v9.0.1 — Audited Proof Interface (Sealed Level-2B Packet, L0=16 Anchor, Gate-B I4 Mandatory)",Q6,1
https://openalex.org/W7128814077,Data and Code for: Capital Uncertainty and the Efficiency Frontier of Climate Adaptation,Q1,1
https://openalex.org/W7128818534,Peer checking the computational reproducibility of psychological science at Exeter University,Q1,1
https://openalex.org/W7128846417,Standards Matter More Than Ever in the Age of AI,Q6,1
https://openalex.org/W7128864517,Pedagogically-Inspired Data Synthesis for Language Model Knowledge Distillation,Q3,1
https://openalex.org/W7128866018,CHIRPVIEW V7.01,Q1,1
https://openalex.org/W7128889933,CHIRPVIEW V7.01,Q1,1
https://openalex.org/W7128913776,Extending Q-Learning for Economic Modelling: A Design Framework with Equilibrium Benchmarks,"Q1, Q7, Q15",3
https://openalex.org/W7128921674,"Reproducible scRNA-seq PBMC Workflow: Reference, Toy Demonstration Data, and Analysis Outputs",Q6,1
https://openalex.org/W7128947145,Collatz Final Gate v9.2: Certificate-Triggered Closure Program (Sealed Level-2B Packet + GateB Bottleneck Interface),Q1,1
https://openalex.org/W7128951932,Collatz Final Gate v9.2.1: Certificate-Triggered Closure Program (Sealed Level-2B Packet + GateB Bottleneck Interface),Q1,1
https://openalex.org/W7128964266,"Exercise-Induced Desaturation in Patent Foramen Ovale: Mechanisms, Diagnostic Approach, and Resolution After Closure—A Narrative Review with an Illustrative Case",Q2,1
https://openalex.org/W7128998646,"A Meta Geometric Substrate - Curvature, Closure and Structural Reconciliation",Q4,1
https://openalex.org/W7129009003,Yang–Mills Mass Gap v9.8r2: Bottleneck–First OS-Window Program and an Audited E5-min/v1.3 Witness Interface (Packet r10),Q1,1
https://openalex.org/W7129013014,Understanding the “new” disruptive behavior at live music events: Group normative (mis)alignment and collective self‐regulation,Q1,1
https://openalex.org/W7129027677,Yang–Mills Mass Gap v10.0: A Sealed Strict-Simulation Anchor and Audited Proof Interface (OS-Window Program),Q1,1
https://openalex.org/W7129044104,"Admissibility-First Energy Measurement: Closure, Integrity, and Refusal-Coded Claims for Auditable Energy-System Results",Q6,1
https://openalex.org/W7129062491,Plant-parasitic nematode microRNAs hijack plant AGO1 to induce host-cell reprogramming,Q1,1
https://openalex.org/W7129076372,Yang–Mills Mass Gap v10.0: A Sealed Strict-Simulation Anchor and Audited Proof Interface (OS-Window Program),Q1,1
https://openalex.org/W7129102036,"A Meta Geometric Substrate - Curvature, Closure and Structural Reconciliation",Q4,1
https://openalex.org/W7129105533,Variational Mechanics for Mining Infrastructure Design: A Systematic Review from Hamilton’s Principle to Physics-Constrained Optimization and Digital Twins,Q3,1
https://openalex.org/W7129180747,From Guidelines to Practice: Evaluating the Reproducibility of Methods in Computational Social Science,"Q1, Q3, Q8",3
https://openalex.org/W7129183494,50 – Measurement Models and Indices,Q1,1
https://openalex.org/W7129184245,A Generative AI Framework for Longitudinal Semantic Structure in Geotagged Digital Discourse,Q1,1
https://openalex.org/W7129237696,A Deep Hybrid CNN–transformer Model for Multi-modal Tumour Detection and Segmentation Across Medical Imaging Applications,Q3,1
https://openalex.org/W7129280005,LLM-Assisted Replication as Scientific Infrastructure,"Q1, Q10",2
https://openalex.org/W7129451210,On the assessment of deep-learning based super-resolution in small datasets of human brain MRI scans,Q1,1
https://openalex.org/W7129464922,AI-assisted screening for mild cognitive impairment using routine EHR data: a Gradient Boosting approach,Q3,1
https://openalex.org/W7129501744,Current state of the problem of selecting patients with benign prostatic hyperplasia for surgical treatment,Q2,1
https://openalex.org/W7129536955,Yang–Mills Mass Gap Program v10.10 — Main paper + strict_simulation sealed witness packet (audited interface),Q1,1
https://openalex.org/W7129561746,GSOS™ Canonical Masterwork Unified Spectral Operator Framework for Infinite-Dimensional Dynamical Systems,Q1,1
https://openalex.org/W7129568826,AI-Driven Weather Data Superresolution via Data Fusion for Precision Agriculture,"Q1, Q7",2
https://openalex.org/W7129587296,GSOS™ Canonical Masterwork Unified Spectral Operator Framework for Infinite-Dimensional Dynamical Systems,Q1,1
https://openalex.org/W7130306060,"Transport Poverty, Inequality and Absolute Poverty: Testing a Transport Kuznets Curve in a Dynamic Panel Framework- Bergantino, Intini, Nademi",Q4,1
https://openalex.org/W7130321177,"Transport Poverty, Inequality and Absolute Poverty: Testing a Transport Kuznets Curve in a Dynamic Panel Framework- Bergantino, Intini, Nademi",Q4,1
https://openalex.org/W7130355777,"Reproducible scRNA-seq PBMC Workflow: Reference, Toy Demonstration Data, and Analysis Outputs",Q6,1
https://openalex.org/W7130359700,Public Signals of Python‑Enabled AI in Finance: Disclosure Patterns and Outcome Claims in NYSE Institutions,"Q1, Q7, Q10, Q15",4
https://openalex.org/W7130375654,Open Science and Its Enemies,"Q1, Q8, Q10",3
https://openalex.org/W7130405947,Methods and Reproducibility Framework for Crowton's Cosmogenic Field Theory (CCFT),Q3,1
https://openalex.org/W7130432024,An explainable ensemble machine learning model using baseline blood transcriptomics to predict Parkinson's disease motor progression,Q1,1
https://openalex.org/W7130504980,"Impact of non-standardized reporting on reproducibility, usability, and integration in nasopharyngeal metagenomic research: a systematic review",Q2,1
https://openalex.org/W7130506474,Clinical characteristics and outcomes associated with preserved ratio impaired spirometry (PRISm) in Saudi Arabia,Q2,1
https://openalex.org/W7130507026,Lung ultrasound B-lines predict adverse clinical outcomes in adults with sepsis in a resource-limited emergency department,Q2,1
https://openalex.org/W7130508973,"Computational Earth Systems: Mathematical Climate Modeling, Resilience, and Planetary Sustainability",Q3,1
https://openalex.org/W7130518291,Development and Evaluation of Automotive Lubricating Oil from Jatropha curcas Oil,Q2,1
https://openalex.org/W7130532890,"Improving Reproducibility in Machine Learning: Overview, Barriers, and Drivers","Q1, Q3",2
https://openalex.org/W7130550881,"Mathematics of Life and Complexity: Genomics, Bioinformatics, and Next-Generation Biotechnology",Q3,1
https://openalex.org/W7130592218,DAG-Guided Active Fuzzing: A Deterministic Approach to Detecting Race Conditions in Distributed Cloud Systems,Q6,1
https://openalex.org/W7130596684,The Origin of 'G' - Gravitational Coupling from Self-Referential Geometry,Q3,1
https://openalex.org/W7130604971,Darwin Education: Architecture-First Adaptive Learning With Psychometric and Safety Governance,Q3,1
https://openalex.org/W7130648825,Validation of five automated structural MRI quality assessment tools against expert ratings,Q1,1
https://openalex.org/W7130651670,"Computational Medicine and Intelligent Health Systems: Mathematics, Diagnostics, and Public Health Innovation",Q3,1
https://openalex.org/W7130674186,Entanglement–Induced Mass Generation from a Modular Gap to Precision Tests,Q3,1
https://openalex.org/W7130681338,THE MATHEMATICAL MACHINE From Three-Dimensional Grid to Four-Dimensional Rotation Six Core Mathematical Discoveries,Q1,1
https://openalex.org/W7130683053,THE MATHEMATICAL MACHINE From Three-Dimensional Grid to Four-Dimensional Rotation Six Core Mathematical Discoveries,Q1,1
https://openalex.org/W7130704450,Journal policies related to transparency and reproducibility in psychology: A cross sectional study,Q1,1
https://openalex.org/W7130709428,THE MATHEMATICAL MACHINE From Three-Dimensional Grid to Four-Dimensional Rotation Six Core Mathematical Discoveries,Q1,1
https://openalex.org/W7130727574,The Sickle Africa Data Coordinating Centre (SADaCC): a data science hub for interdisciplinary sickle cell disease research and training,Q1,1
https://openalex.org/W7130819072,"Beyond Classical Engineering: Intelligent Machines, Human–System Integration, and Computational Complexity","Q1, Q3, Q7, Q15",4
https://openalex.org/W7130843052,"PREreview of ""Dual-purpose architected materials: Optimizing graded BCC lattices for crashworthiness and heat dissipation""","Q1, Q7",2
https://openalex.org/W7130857937,"PREreview of ""Dual-purpose architected materials: Optimizing graded BCC lattices for crashworthiness and heat dissipation""","Q1, Q7",2
https://openalex.org/W7130863563,Premise-Conditions Economics,Q3,1
https://openalex.org/W7131062110,Selective Translation of ZNF281 as Part of the Integrated Stress Response System has Therapeutic Relevance for Cardio-Oncology,Q1,1
https://openalex.org/W7131063312,Selective Translation of ZNF281 as Part of the Integrated Stress Response System has Therapeutic Relevance for Cardio-Oncology,Q1,1
https://openalex.org/W7131077890,Custom target regions BED file used in CHIP analysis workflow (GRCh38),Q1,1
https://openalex.org/W7131103391,The 20-Layer Y.I.N. Mazari Architecture: Completing the Privacy-Preserving AI Governance Stack Through Independent Verification and Cross-Platform Computational Determinism,Q1,1
https://openalex.org/W7131113108,"HPC: A Computational Benchmark of Classical, Parallel, and Hybrid Metaheuristics for QUBO-Based Suspension Geometry Optimization",Q3,1
https://openalex.org/W7131124323,Custom target regions BED file used in CHIP analysis workflow (GRCh38),Q1,1
https://openalex.org/W7131132119,The 20-Layer Y.I.N. Mazari Architecture: Completing the Privacy-Preserving AI Governance Stack Through Independent Verification and Cross-Platform Computational Determinism,Q1,1
https://openalex.org/W7131134386,"Unifying Security, Intelligence, and Biosecurity through Geometry and Control",Q3,1
https://openalex.org/W7131145101,Reproducibility Report for ACM SIGMOD 2025 Paper: 'T3: Accurate and Fast Performance Prediction for Relational Database Systems With Compiled Decision Trees',Q5,1
https://openalex.org/W7131204237,Four fundamental constants from a single geometric template with zero free parameters,Q3,1
https://openalex.org/W7131219656,"How to Read the Mallinckrodt Framework: A Consolidated Entry Point for Singularization Analysis (Version 3.0, 2026)",Q3,1
https://openalex.org/W7131246346,AI-Driven Physics-Constrained Open-Data Modeling for Civil Infrastructure Resilience in Ukraine,Q4,1
https://openalex.org/W7131251071,Decision Revise: The SORTEE Guidelines for Data and Code Quality Control in Ecology and Evolutionary Biology. Round#1,Q1,1
https://openalex.org/W7131252330,Recommendation of: The SORTEE Guidelines for Data and Code Quality Control in Ecology and Evolutionary Biology. Round#2,Q1,1
https://openalex.org/W7131269757,AI-Driven Physics-Constrained Open-Data Modeling for Civil Infrastructure Resilience in Ukraine,Q4,1
https://openalex.org/W7131278037,"How to Read the Mallinckrodt Framework: A Consolidated Entry Point for Singularization Analysis (Version 3.0, 2026)",Q3,1
https://openalex.org/W7131287687,The Deterministic Resolution of the Montgomery Pair Correlation Conjecture: A Spectral Operator and Cryptographically Attested Framework for Riemann Zero Dynamics,Q1,1
https://openalex.org/W7131311863,Review of: The SORTEE Guidelines for Data and Code Quality Control in Ecology and Evolutionary Biology. Round#1/Reviewer#2,Q1,1
https://openalex.org/W7131313046,Review of: The SORTEE Guidelines for Data and Code Quality Control in Ecology and Evolutionary Biology. Round#1/Reviewer#1,Q1,1
https://openalex.org/W7131323225,MULTI-EMITTER PULSED 144.07 HZ RESONANCE ENTRAINMENT FOR MEGALITHIC STONE TRANSPORT,Q3,1
https://openalex.org/W7131351675,"Diagnostic AI Across the Life Sciences (2015–2025): A PRISMA-Scoping Review and Bibliometric Synthesis of External Validity, Calibration, Fairness, and Reproducibility","Q1, Q15",2
https://openalex.org/W7131351922,"Advanced Graph Neural Networks for Smart Mining: A Systematic Literature Review of Equivariant, Topological, Symplectic, and Generative Models",Q3,1
https://openalex.org/W7131355445,"Semantic Verifier for Post-hoc Answer Validation in Chat Platforms: Claim Decomposition, Evidence Retrieval, NLI, and Traceable Citations",Q6,1
https://openalex.org/W7131359212,Investigation of the Yb and W Isotopic Chains using the Confined β-Soft Rotor Model,Q1,1
https://openalex.org/W7131362707,NA,Q3,1
https://openalex.org/W7131363852,A Transfer Learning-Based Hybrid Surrogate Modeling Framework for Efficient Multi-Objective Seismic Design of Long-Span Cable-Stayed Bridges,Q1,1
https://openalex.org/W7131379364,MULTI-EMITTER PULSED 144.07 HZ RESONANCE ENTRAINMENT FOR MEGALITHIC STONE TRANSPORT Dynamical Simulations Demonstrate 40-80% Weight Reduction via Constructive Interference and Piezoelectric Granite Coupling:,Q3,1
https://openalex.org/W7131380419,Assessing the completeness of reporting in imaging studies using artificial neural network models for cancer diagnosis: Adherence to the TRIPOD-AI guideline,Q3,1
https://openalex.org/W7131397466,Source Code: Deep Learning-Based Attention-Guided Framework for Multi-Source Diabetic Retinopathy Screening,Q6,1
https://openalex.org/W7131401100,ASVI: Adaptive Shell-Margin Void Index and the Shell-Margin Separation Theorem (SMST),Q2,1
https://openalex.org/W7131406571,TRAVERSAL LOG; DOCUMENTATION REHEARSAL (TL;DR): THE SIGIL INSTALLATION,Q2,1
https://openalex.org/W7131415437,A Case Study on Mitigating Financial Biases in M&amp;A Target Through Intelligent Algorithmic Approaches,"Q1, Q14, Q15",3
https://openalex.org/W7131417747,pi-framework,Q6,1
https://openalex.org/W7131423791,"Research Data and Code for ""Feasibility Mapping in Latent Space Reveals Transferability Limits Across Electrochemical Energy Storage Materials""",Q1,1
https://openalex.org/W7131426201,TRAVERSAL LOG; DOCUMENTATION REHEARSAL (TL;DR): THE SIGIL INSTALLATION,Q2,1
https://openalex.org/W7131427648,pi-framework,Q6,1
https://openalex.org/W7131432614,MULTI-EMITTER PULSED 144.07 HZ RESONANCE ENTRAINMENT FOR MEGALITHIC STONE TRANSPORT Dynamical Simulations Demonstrate 40-80% Weight Reduction via Constructive Interference and Piezoelectric Granite Coupling:,Q3,1
https://openalex.org/W7131434919,MULTI-EMITTER PULSED 144.07 HZ RESONANCE ENTRAINMENT FOR MEGALITHIC STONE TRANSPORT Dynamical Simulations Demonstrate 40-80% Weight Reduction via Constructive Interference and Piezoelectric Granite Coupling:,Q3,1
https://openalex.org/W7131439162,ASVI: Adaptive Shell-Margin Void Index and the Shell-Margin Separation Theorem (SMST),Q2,1
https://openalex.org/W7131458512,Source Code: Deep Learning-Based Attention-Guided Framework for Multi-Source Diabetic Retinopathy Screening,Q6,1
https://openalex.org/W7131629058,Hypnosis reshapes multilevel stress response and enhances executive performance in stressed medical students,Q1,1
https://openalex.org/W7131629230,"Label system, dictionaries, and audit evidence for harmonised over 133,000 feedstock items across major conversion technologies",Q1,1
https://openalex.org/W7131666870,"CSL-∞: A Unified Framework for Deterministic Settlement, Formal Verification, and Computable Governance Architecture",Q1,1
https://openalex.org/W7131673864,Human-Centered and Quantitative Explainability Evaluation of Facial Emotion Recognition for Trustworthy Mental Health Monitoring,Q3,1
https://openalex.org/W7131679992,Small-Data QSAR Benchmarking: Impact of Descriptor Dimensionality and Machine Learning Complexity on Predictive Robustness,Q6,1
https://openalex.org/W7131681158,Sustainability Without Prestige? The Rise of UI GreenMetric and the Persistent Decoupling from Global University Rankings (2010–2025),"Q1, Q10",2
https://openalex.org/W7131682548,GeDi : simplifying gene set distances for enhanced omics interpretation in R/Bioconductor,"Q1, Q10",2
https://openalex.org/W7131792482,Do We Really Need All That Data: From Data to Agency in Automated Microscopy,Q2,1
https://openalex.org/W7131834903,"Euler Collapse in Viscous Time Theory: An Informational Spiral Framework for Coherence, Phase Inversion, and Endogenous Collapse Dynamics",Q1,1
https://openalex.org/W7131835743,Evidence Traceability for Health AI and Biosecurity: A Data Governance Architecture for Reproducibility and Audit,Q3,1
https://openalex.org/W7131840840,Data and R scripts supporting: OPTIMIZING BIOMASS ESTIMATES IN RESTORED FORESTS WITH LOCAL WOOD DENSITY DATA,Q1,1
https://openalex.org/W7131855635,Glare-Aware Resi-YOLO: Tiny Vessel Detection with Dual-Brain Edge Deployment for Maritime UAVs,Q3,1
https://openalex.org/W7131880688,Data and R scripts supporting: OPTIMIZING BIOMASS ESTIMATES IN RESTORED FORESTS WITH LOCAL WOOD DENSITY DATA,Q1,1
https://openalex.org/W7131904007,"EHMN 2026: A Thermodynamically Refined, SBML-Standardised Human Metabolic Network for Genome-Scale Analysis and QSP Integration",Q1,1
https://openalex.org/W7131909722,Vibe Researching as Wolf Coming: Can AI Agents with Skills Replace or Augment Social Scientists?,"Q1, Q7, Q8, Q9, Q10",5
https://openalex.org/W7131911853,MEDICAL AUDIT AS A QUALITY MANAGEMENT APPROACH IN DENTAL PRACTICE,Q2,1
https://openalex.org/W7132239468,Correlation Between Histological Structure and Stage of Embryologic Development: A Review,Q2,1
https://openalex.org/W7132284649,EVIDENCE BASED SELECTION OF HYPERPARAMETERS FOR EPITHELIAL SEGMENTATION IN WHOLE SLIDE IMMUNOHISTOCHEMISTRY IMAGES: FROM NORMAL MUCOSA TO COLORECTAL CANCER,Q3,1
https://openalex.org/W7132506491,FitFoldData,Q1,1
https://openalex.org/W7132826549,"GNSA-26 — Generalized Network Sovereign Architecture Complete Canonical Series (Volumes I–VI) Sovereign Systems Architecture, Cyber-Legal Governance Dynamics, Multi-Scale Stability Theory, and Computational Simulation Atlas",Q1,1
https://openalex.org/W7132829302,A SAPZ Threshold Criterion and Gate-Based Closure Interface for 3D Navier–Stokes Regularity (Main + Auxiliary Proofs) — v4.1,Q6,1
https://openalex.org/W7132834155,"GNSA-26 — Generalized Network Sovereign Architecture Complete Canonical Series (Volumes I–VI) Sovereign Systems Architecture, Cyber-Legal Governance Dynamics, Multi-Scale Stability Theory, and Computational Simulation Atlas",Q1,1
https://openalex.org/W7132837715,Data Package for Event Study about ELTIF and Neobroker cooperation announcements,Q1,1
https://openalex.org/W7132850992,"Reproducibility Archive for Integrated Model Development, Consensus ML Screening, Protein Selection, Docking, and MD to Identify GSK3β Inhibitors",Q1,1
https://openalex.org/W7132852107,Data Package for Event Study about ELTIF and Neobroker cooperation announcements,Q1,1
https://openalex.org/W7132863071,pi-framework,Q6,1
https://openalex.org/W7132949179,Vision Related Behavior Tasks in Adult Zebrafish,Q6,1
https://openalex.org/W7132955290,pi-framework,Q6,1
https://openalex.org/W7133006754,Neuronal Membrane Surfaces and their Role in Information Transmission and Disease,Q1,1
https://openalex.org/W7133008434,Holographic Black-Hole Cosmology: Resolving the Hubble Tension via Information-Driven Expansion,Q1,1
https://openalex.org/W7133037724,Operationalizing OWASP ASVS Level 1 in CI/CD: Reproducible Security Testing Using One Open Source and One Industrial Case Study,"Q1, Q4, Q6",3
https://openalex.org/W7133057237,Decreasing Build Time in Open Build Service Through Containerization: Implementation and Performance Analysis,Q4,1
https://openalex.org/W7133072439,Development and Initial Evaluation of a Novel Pain Competence Assessment Tool,Q2,1
https://openalex.org/W7133077119,"Hardware Implementation of a GRAND-AB(2) Decoder for BCH(79,64) Code",Q6,1
https://openalex.org/W7133123646,Extended Formalism of Phase Stagnation: Topological Dynamics and Irreducibility in Macro-Cognitive Systems,Q1,1
https://openalex.org/W7133125867,"vaspapmd-lab/R-code-for-Meta-analysis-of-Paired-Binary-Data-with-Unobserved-Dependence-: R codes for manuscript ""Meta-analysis of Paired Binary Data with Unobserved Dependence""",Q1,1
https://openalex.org/W7133129590,A Topological Framework for Robust Cryptographic Systems under Adversarial Uncertainty,Q6,1
https://openalex.org/W7133130110,"vaspapmd-lab/R-code-for-Meta-analysis-of-Paired-Binary-Data-with-Unobserved-Dependence-: R codes for manuscript ""Meta-analysis of Paired Binary Data with Unobserved Dependence""",Q1,1
https://openalex.org/W7133130465,"vaspapmd-lab/R-code-for-Meta-analysis-of-Paired-Binary-Data-with-Unobserved-Dependence-: R codes for manuscript ""Meta-analysis of Paired Binary Data with Unobserved Dependence""",Q1,1
https://openalex.org/W7133133796,Stochastic Inventory Optimization with Coherent Risk Measures: A Decision-Theoretic Framework for Probabilistic Forecasting and Constrained Optimization,Q3,1
https://openalex.org/W7133136644,Hermitian Dickson Dualities for Codes over Near-Fields,Q1,1
https://openalex.org/W7133141516,Extended Formalism of Phase Stagnation: Topological Dynamics and Irreducibility in Macro-Cognitive Systems,Q1,1
https://openalex.org/W7133162131,Bridging the data desert,Q2,1
https://openalex.org/W7133191716,Enhancing Solar Power Forecasting Accuracy Using HMPCS and Machine Learning Techniques: An Applied Study,Q3,1
https://openalex.org/W7133196557,Bias-Cancelling Four-Row Arbiter PUF for Improved Reliability and Security in Authentication,Q1,1
https://openalex.org/W7133202798,Dogme: a nextflow pipeline for reprocessing nanopore RNA and DNA modifications,Q1,1
https://openalex.org/W7133205196,Dataset and Code for Cognitive Load Research Topic Modeling (2006–2025),Q1,1
https://openalex.org/W7133206515,Using corpus luteum formation with dominant follicle collapse to improve the criteria for identifying the day of ovulation,Q2,1
https://openalex.org/W7133211580,Dataset and Code for Cognitive Load Research Topic Modeling (2006–2025),Q1,1
https://openalex.org/W7133221515,simpeg-research/Moshtaghian-et-al-2026-aem-nwt: v1.0.1 — AGU Advances Submission Version (Zenodo Archive),Q1,1
https://openalex.org/W7133222213,alyssadata/Emergent-Agency: v0.1 — Return-Runner MVP (Verifiable Receipts),Q6,1
https://openalex.org/W7133223492,simpeg-research/Moshtaghian-et-al-2026-aem-nwt: v1.0.1 — AGU Advances Submission Version (Zenodo Archive),Q1,1
https://openalex.org/W7133230316,Foundations of Open and Reproducible Research,Q1,1
https://openalex.org/W7133233174,Influence of Ethanol Content on the Electrooxidation of Triethanolamine in Highly Apolar Media on Platinum Microelectrode,Q6,1
https://openalex.org/W7133233409,alyssadata/Emergent-Agency: v0.1 — Return-Runner MVP (Verifiable Receipts),Q6,1
https://openalex.org/W7133235313,"Sampling Extension, Chronic Infiltrates, and Eosinophils: Support for the Evaluation of Histological Healing in Inflammatory Bowel Disease with Endoscopic Remission",Q2,1
https://openalex.org/W7133239897,Foundations of Open and Reproducible Research,Q1,1
https://openalex.org/W7133298801,PaperRepro: Automated Computational Reproducibility Assessment for Social Science Papers,"Q1, Q8",2
https://openalex.org/W7133306744,Role of Mineral Processing in Enhancing Recycled Concrete Aggregate Quality—A Critical Review,Q4,1
https://openalex.org/W7133316542,TACIT Benchmark: A Programmatic Visual Reasoning Benchmark for Generative and Discriminative Models,Q6,1
https://openalex.org/W7133322782,Adaptive Powder Behavior Model for Dispersion and Recovery in Metal Additive Manufacturing,Q2,1
https://openalex.org/W7133324257,"PREreview of ""Modeling individual nearby radio galaxies as ultra-high-energy cosmic-ray accelerators""",Q3,1
https://openalex.org/W7133330250,Where Do Smart Contract Security Analyzers Fall Short?,Q2,1
https://openalex.org/W7133332038,Effects of Cross-Sectional Geometry and Fabrication Methods on the Performance of Passive Solid–Liquid Separators,Q1,1
https://openalex.org/W7133335336,Formalized scientific methodology enables rigorous AI-conducted research across domains,Q1,1
https://openalex.org/W7133340187,Introducing GalaxyR: an easy-to-use R implementation of the Galaxy API,Q1,1
https://openalex.org/W7133340213,Multi-institutional MRI-based radiomic pilot study to measure the variations between scanner vendors and imaging sessions,Q1,1
https://openalex.org/W7133341509,The Riemann Hypothesis — Complete Proof,Q2,1
https://openalex.org/W7133343114,Small-Data QSAR Benchmarking: Impact of Descriptor Dimensionality and Machine Learning Complexity on Predictive Robustness,Q6,1
https://openalex.org/W7133345758,Artificial Intelligence at the Intersection of Chemistry and Materials Science,Q3,1
https://openalex.org/W7133346160,A Quantitative Method for 3D Scan Quality Assessment Under Different Surface Conditions for Reverse Engineering of Shipyard Components,Q2,1
https://openalex.org/W7133354341,"PREreview of ""Modeling individual nearby radio galaxies as ultra-high-energy cosmic-ray accelerators""",Q3,1
https://openalex.org/W7133359097,"CSL-∞ Version 3: Complete Sovereign Systems Architecture — Formal Governance Operator Algebra, Deterministic Implementation, Security Proofs, Comparative Systems Analysis, and Institutional Adoption Framework (Volumes I–VIII + Annex A–B)","Q1, Q7",2
https://openalex.org/W7133359988,daa119/Predicting-future-damage-costs: Projecting future damage costs,Q1,1
https://openalex.org/W7133364391,PaperRepro: Automated Computational Reproducibility Assessment for Social Science Papers,"Q1, Q8",2
https://openalex.org/W7133364687,How Well Does Agent Development Reflect Real-World Work?,"Q1, Q15",2
https://openalex.org/W7133365403,TACIT Benchmark: A Programmatic Visual Reasoning Benchmark for Generative and Discriminative Models,Q6,1
https://openalex.org/W7133412269,Investigating the Effectiveness of the Open Data Badge Policy at Psychological Science Through Computational Reproducibility,Q1,1
https://openalex.org/W7133485344,Large Language Models for Reinforcement Learning: A Survey of Intervention Operators and Optimization Effects,Q4,1
https://openalex.org/W7133500858,Public Verifier Specification for Invariant Corridor Level 3.3,Q6,1
https://openalex.org/W7133518781,Floating-point consistent cross-verification methodology for reproducible and interoperable DDA solvers with fair benchmarking,Q6,1
https://openalex.org/W7133525746,Public Verifier Specification for Invariant Corridor Level 3.3 – CORE Artifact Bundle,Q6,1
https://openalex.org/W7133526759,The &lt;em&gt;Art Nouveau Path&lt;/em&gt;: Requirements Engineering and Traceability for City-Scale In-the-Wild Mobile Augmented Reality Games Learning Services,Q1,1
https://openalex.org/W7133530738,From Guidelines to Practice: Evaluating the Reproducibility of Methods in Computational Social Science,"Q1, Q3, Q8",3
https://openalex.org/W7133538796,Evaluation of omalizumab therapy in pediatric patients with severe asthma,Q4,1
https://openalex.org/W7133559411,Building reproducible expected‑goals models from public football event data: Logistic and mixed-effects analysis using StatsBomb open data,Q1,1
https://openalex.org/W7133570352,APRES: An Agentic Paper Revision and Evaluation System,Q3,1
https://openalex.org/W7133570507,Contextual Invertible World Models: A Neuro-Symbolic Agentic Framework for Colorectal Cancer Drug Response,Q1,1
https://openalex.org/W7133571149,Floating-point consistent cross-verification methodology for reproducible and interoperable DDA solvers with fair benchmarking,Q6,1
https://openalex.org/W7133579822,Learning by Doing Science: A Citizen Science Pilot Study,"Q1, Q8, Q10",3
https://openalex.org/W7133607781,Public Verifier Specification for Invariant Corridor Level 3.3 – CORE Artifact Bundle,Q6,1
https://openalex.org/W7133630133,"Imaging Ductal Carcinoma In Situ in the Era of De-Escalation: Role, Limits, and Clinical Implications for Risk-Adapted Management",Q2,1
https://openalex.org/W7133646838,mlcast-dataset-IT-DPC-SRI: Data Processing Pipeline for the IT-DPC-SRI Radar Archive,Q1,1
https://openalex.org/W7133670155,Specification-Driven Generation and Evaluation of Discrete-Event World Models via the DEVS Formalism,Q6,1
https://openalex.org/W7133674638,Formal Theory of Deterministic Representational Validity,Q2,1
https://openalex.org/W7133691612,Formal Theory of Deterministic Representational Validity,Q2,1
https://openalex.org/W7133705839,&lt;b&gt;WHY ML MODELS FAIL TO REACH PRODUCTION&lt;/b&gt;,"Q1, Q15",2
https://openalex.org/W7133776203,"Interpreting Spatial Structure, Visual Axes and Borrowed Scenery of Sui–Tang Luoyang Within the Historic Urban Landscape Framework",Q1,1
https://openalex.org/W7133791009,Reproducibility Practices in Scientific Computing: A Community Survey,Q1,1
https://openalex.org/W7133822640,"PREreview of ""A Transcriptional Signature of Metabolic-Immune Conflict Fails to Provide Independent Prognostic or Predictive Value in Melanoma""",Q2,1
https://openalex.org/W7133839498,Reproducibility Practices in Scientific Computing: A Community Survey,Q1,1
https://openalex.org/W7133868526,Explainable Artificial Intelligence (XAI) for EEG Analysis: A Survey on Recent Trends and Advancements,Q2,1
https://openalex.org/W7133872977,mlcast-dataset-IT-DPC-SRI: Data Processing Pipeline for the IT-DPC-SRI Radar Archive,Q1,1
https://openalex.org/W7133881479,RISK STRATIFICATION IN TRAFFIC FLOW: A STUDY OF NEURAL NETWORKS AND GENETIC CLUSTERING FOR CONFLICT DETECTION,Q4,1
https://openalex.org/W7133912079,"PREreview of ""A Transcriptional Signature of Metabolic-Immune Conflict Fails to Provide Independent Prognostic or Predictive Value in Melanoma""",Q2,1
https://openalex.org/W7133993877,Risk-Based AI Assurance Framework,Q4,1
https://openalex.org/W7134016373,Specification-Driven Generation and Evaluation of Discrete-Event World Models via the DEVS Formalism,Q6,1
https://openalex.org/W7134016551,MACC: Multi-Agent Collaborative Competition for Scientific Exploration,Q6,1
https://openalex.org/W7134016570,Bridging the Reproducibility Divide: Open Source Software's Role in Standardizing Healthcare AI,"Q1, Q8",2
https://openalex.org/W7134016782,When Shallow Wins: Silent Failures and the Depth-Accuracy Paradox in Latent Reasoning,Q4,1
https://openalex.org/W7134016804,Mozi: Governed Autonomy for Drug Discovery LLM Agents,Q4,1
https://openalex.org/W7134017220,Computational discovery of bifunctional organic semiconductors for energy and biosensing,"Q1, Q3",2
https://openalex.org/W7134017433,CONCUR: Benchmarking LLMs for Concurrent Code Generation,Q6,1
https://openalex.org/W7134026153,"Towards a formation model of the Neanderthal symbolic accumulation of herbivore crania: spatial patterns shaped by rockfall dynamics in level 3 of des-cubierta cave (Lozoya valley, Madrid, Spain)",Q1,1
https://openalex.org/W7134039548,Data and Code Availability in Tropical Disease Research,Q1,1
https://openalex.org/W7134048429,Replication Data for: From Survival Reflex to Strategic Statecraft: A Text Mining Analysis of Türkiye’s Mining Policy,Q1,1
https://openalex.org/W7134050705,Spatial Cytotoxic–Stromal Interaction Framework,Q1,1
https://openalex.org/W7134053721,Replication Data for: From Survival Reflex to Strategic Statecraft: A Text Mining Analysis of Türkiye’s Mining Policy,Q1,1
https://openalex.org/W7134063025,Synthetic Agricultural Datasets for Computational Stress-Testing (CROP-LENS Framework),Q1,1
https://openalex.org/W7134065964,Digital Twin Architecture for Therapy and Imaging,"Q4, Q6",2
https://openalex.org/W7134071259,Synthetic Agricultural Datasets for Computational Stress-Testing (CROP-LENS Framework),Q1,1
https://openalex.org/W7134093660,"Holographic QCD and quarkonium melting: Finite temperature, density, and external field effects in self-consistent dynamical models","Q1, Q15",2
https://openalex.org/W7134093840,Rethinking Reproducibility in the Classical (HPC)-Quantum Era: Toward Workflow-Centered Science,"Q1, Q15",2
https://openalex.org/W7134099364,Análise de fluxo de valores para bytecode Java : uma avaliação empírica,Q1,1
https://openalex.org/W7134114353,OTIP: A Falsifiable Anti-Goodhart Protocol for Testing Ontological Commitments via Interventions in Reinforcement Learning Agents,Q3,1
https://openalex.org/W7134114780,Diaphragm muscle weakness in adults with diabetes,Q2,1
https://openalex.org/W7134129600,Spatial Cytotoxic–Stromal Interaction Framework,Q1,1
https://openalex.org/W7134131597,OTIP: A Falsifiable Anti-Goodhart Protocol for Testing Ontological Commitments via Interventions in Reinforcement Learning Agents,Q3,1
https://openalex.org/W7134163083,Artificial Intelligence–Based Decision Support Systems for Optimizing Healthcare Service Delivery and Resource Allocation,Q3,1
https://openalex.org/W7134169579,ahmetbengoz/horizon-europe-revealed-importance: Initial research release – Horizon Europe revealed importance framework,Q1,1
https://openalex.org/W7134179177,ahmetbengoz/horizon-europe-revealed-importance: Initial research release – Horizon Europe revealed importance framework,Q1,1
https://openalex.org/W7134181466,Data- and code-archiving in the British Ecological Society journals: present status and recommendations for future improvements,Q1,1
https://openalex.org/W7134183008,NEUSARS v3.3.2 Independent Technical Verification Report,Q6,1
https://openalex.org/W7134195660,The Omandac Law of Collective Binding Resonance: A Candidate Universal Law of Dissipative Phase Transitions,Q1,1
https://openalex.org/W7134200703,NEUSARS v3.3.2 Independent Technical Verification Report,Q6,1
https://openalex.org/W7134229027,"Asthma and Allergic Bronchopulmonary Aspergillosis: Understanding, Insights, and State-of-the-Art",Q2,1
https://openalex.org/W7134229624,Explainable Machine Learning for Breast Cancer Prediction in Resource-Constrained Settings: A Multi-Algorithmic Framework Integrating SHAP-Based Transparency with Clinical Decision Support — Analytical Codebase,Q1,1
https://openalex.org/W7134237965,Dynamic Feature Selection for Canadian GDP Forecasting: Machine Learning with Google Trends and Official Data,"Q1, Q7, Q15",3
https://openalex.org/W7134238857,Explainable Machine Learning for Breast Cancer Prediction in Resource-Constrained Settings: A Multi-Algorithmic Framework Integrating SHAP-Based Transparency with Clinical Decision Support — Analytical Codebase,Q1,1
https://openalex.org/W7134245436,RAMSing Workflow: R Scripts for Detecting and Adjusting Selective Reporting in Meta-Analytic Moderator Analyses,Q1,1
https://openalex.org/W7134257104,Predicting the Unpredictable: A Reproducible Framework with Open Multi-Source Data for Irregular Non-commuting OD Flows,Q1,1
https://openalex.org/W7134273412,Quantum-Assisted Process Parameter Optimization for Reducing Energy Intensity in Metallurgical Industries,Q3,1
https://openalex.org/W7134291202,"Talk Freely, Execute Strictly: Schema-Gated Agentic AI for Flexible and Reproducible Scientific Workflows",Q1,1
https://openalex.org/W7134322425,"Fluoresence Spectra Study of Sterically Strained Isomers of C24H14 polycyclic aromatic (PAHs) & Characterization of a Bio-sourced, Fluoresent, Ratiometric pH Indicator with Alkaline pKa",Q1,1
https://openalex.org/W7134456964,RDM OERs @ UBC,Q1,1
https://openalex.org/W7134817616,Comparative Analysis of Heuron Brain PET and FreeSurfer Software in Automated Amyloid Quantification: Toward Reproducible and Clinically Applicable Brain PET Imaging,Q1,1
https://openalex.org/W7134824401,The Sentinel Papers — SPK-01 — Counting the Breach: A Unit-Cost Computability Kernel for Nunn-McCurdy Oversight,Q1,1
https://openalex.org/W7134842839,Zeroth-Order Riemannian Adaptive Regularized Proximal Quasi-Newton Optimization Method,Q4,1
https://openalex.org/W7134847466,The Sentinel Papers — SPK-01 — Counting the Breach: A Unit-Cost Computability Kernel for Nunn-McCurdy Oversight,Q1,1
https://openalex.org/W7134849062,A Novel Meta-Heuristic Approach to Solving the Assembly Line Worker Assignment and Balancing Problem with Equity of Work Distribution,Q1,1
https://openalex.org/W7134860273,Supporting Artifact Evaluation with LLMs: A Study with Published Security Research Papers,"Q1, Q5, Q8",3
https://openalex.org/W7134860431,Trust via Reputation of Conviction,Q4,1
https://openalex.org/W7134860439,Supporting Workflow Reproducibility by Linking Bioinformatics Tools across Papers and Executable Code,"Q1, Q10",2
https://openalex.org/W7134860601,ERP-RiskBench: Leakage-Safe Ensemble Learning for Financial Risk,Q3,1
https://openalex.org/W7134860802,VB: Visibility Benchmark for Visibility and Perspective Reasoning in Images,Q3,1
https://openalex.org/W7134865753,Constructions All the Way Up: From Sensory Experiences to Construction Grammars,Q2,1
https://openalex.org/W7134872279,RAMSing Workflow: R Scripts for Detecting and Adjusting Selective Reporting in Meta-Analytic Moderator Analyses,Q1,1
https://openalex.org/W7134885263,"EMG Analysis Engine (Module A): An Open-Source, IEEE/ISEK-Compliant Platform for Reproducible EMG Signal Processing and Feature Extraction",Q1,1
https://openalex.org/W7134895996,Replication and Methodological Evaluation of a Bayesian Hierarchical Model for the Cost-Effectiveness of Industrial Machinery Fleets in Kenya,Q1,1
https://openalex.org/W7134908952,"EMG Analysis Engine (Module A): An Open-Source, IEEE/ISEK-Compliant Platform for Reproducible EMG Signal Processing and Feature Extraction",Q1,1
https://openalex.org/W7134923477,"Crossing the Indus Threshold &lt;div&gt; A Falsifiable, Corpus-Wide Functional Decipherment of the Indus Script&lt;/div&gt;",Q1,1
https://openalex.org/W7134941605,Quantifying tumor heterogeneity in colorectal liver metastases with CT-derived habitats,Q2,1
https://openalex.org/W7134944740,Respiratory muscle strength and endurance in individuals with and without lumbar instability: a cross-sectional study,Q2,1
https://openalex.org/W7134988674,Replication and Methodological Evaluation of a Bayesian Hierarchical Model for the Cost-Effectiveness of Industrial Machinery Fleets in Kenya,Q1,1
https://openalex.org/W7135000251,Evaluation de la performance d'un algorithme d’intelligence artificielle dans la prédiction de l’envahissement extraprostatique en IRM du cancer de prostate,Q2,1
https://openalex.org/W7135000757,Unit-Cost & Breach Computability Kernel (UC-BCK): A Technical Architecture for Computable Unit-Cost Oversight in Nuclear Weapon System Acquisition,Q1,1
https://openalex.org/W79277035,FINITE ELEMENT CALCULATIONS OF THE MIGHTY NORTH EVENT,Q1,1
https://openalex.org/W793555559,Probing gauge theories: Exact results and holographic computations,Q1,1
