"paper_id","coder","paper_title","doi","timestamp","B1","B1A","C1","C2","D1","D1A","D2","D2A","E1","E1A","E1B","E1C","E1D","E1E","E1F","F1","F2","F3","notes"
1,"Amelia","An introduction to docker for reproducible research","10.1145/2723872.2723882","2026/06/18 11:12:38","No. Paper is general with no named target discipline.",,"Technical tool/workflow paper",,"No",,"No. The paper treats reproducibility as context-independent or does not address variation.",,"Yes. The paper actively describes, introduces, or recommends at least one concrete workflow, checklist, or tool.","Narrative (implicit)","Containerization (e.g., Docker, Singularity, CodeOcean, Binder, WholeTale, etc.), Package/dependency management","Not described","Not described","Full automation. The entire proposed workflow is automated with no required manual steps.","No. Automation is present but does not involve LLMs.","No","Not described","Not described",
2,"Amelia","Towards reproducibility in scientific workflows: an infrastructure-based approach","10.1155/2015/243180","2026/07/22 11:13:26","No. Paper is general with no named target discipline.",,"Technical tool/workflow paper",,"Yes","Reproducibility:  ""...implies that even when the goal of the experiment is the same, at least part of the experiment has been modified to obtain a new result or has been adapted to fit a new scenario. In this work, we address the reproducibility of the execution environment for a scientific workflow, as we do not aim to necessarily obtain an exact incarnation of the original one, but rather an environment that is able to support the required capabilities exposed by the former environment."" (p.1)","No. The paper treats reproducibility as context-independent or does not address variation.",,"Yes. The paper actively describes, introduces, or recommends at least one concrete workflow, checklist, or tool.","Step-by-step (explicit)","Containerization (e.g., Docker, Singularity, CodeOcean, Binder, WholeTale, etc.), Package/dependency management","java","Text/NLP","Partial automation. Some steps are automated and some require human judgment.","No. Automation is present but does not involve LLMs.","No","Not described","Not described",
3,"Amelia","Reproducing statistical results","10.1146/annurev-statistics-010814-020127","2026/07/23 18:54:59","No. Paper is general with no named target discipline.",,"Guidelines/policy paper",,"Yes","Computational reproducibility: ""..refers to changes in scientific practice and reporting standards to accommodate the use of computational technology occurring primarily over the past two decades, in particular whether the same results can be obtained from the data and code used in the original study"" (p. 2)","Yes. The paper explicitly notes that reproducibility looks different and is practiced differently depending on context.","Scientific discipline, Data or material license","Yes. The paper actively describes, introduces, or recommends at least one concrete workflow, checklist, or tool.","Step-by-step (explicit)","Version control","Not described","Proprietary/confidential data","Partial automation. Some steps are automated and some require human judgment.","No. Automation is present but does not involve LLMs.","No","Authors (self-check), Third-party/independent reproducers/replicators","Before submission, proactively, After publication",
4,"Amelia","Storing reproducible results from computational experiments using scientific python packages","10.25080/majora-629e541a-006","2026/07/20 20:45:21","No. Paper is general with no named target discipline.",,"Technical tool/workflow paper",,"Yes","Computational experiment reproducible: ""..describing the experiment in such detail that it is possible for others to independently repeat it"" (p. 45)

Reproducibility: ""...of a study is the ability of others to repeat the study and obtain the same results using a general description of the original work"" (p. 46)","No. The paper treats reproducibility as context-independent or does not address variation.",,"Yes. The paper actively describes, introduces, or recommends at least one concrete workflow, checklist, or tool.","Narrative (implicit)","Package/dependency management","Python","Not described","Not described","Not applicable. E1e = Manual only or Not described.","No","Not described","Not described",
5,"Amelia","ReproZip: computational reproducibility with ease","10.1145/2882903.2899401","2026/07/13 13:55:22","No. Paper is general with no named target discipline.",,"Technical tool/workflow paper",,"No",,"No. The paper treats reproducibility as context-independent or does not address variation.",,"Yes. The paper actively describes, introduces, or recommends at least one concrete workflow, checklist, or tool.","Step-by-step (explicit)","Containerization (e.g., Docker, Singularity, CodeOcean, Binder, WholeTale, etc.)","Not described","Not described","Full automation. The entire proposed workflow is automated with no required manual steps.","No. Automation is present but does not involve LLMs.","No","Not described","Not described",
6,"Amelia","A manifesto for data sharing in social media research","10.1145/2908131.2908172","2026/07/24 08:15:56","No. Paper is general with no named target discipline.",,"Guidelines/policy paper",,"No",,"No. The paper treats reproducibility as context-independent or does not address variation.",,"Yes. The paper actively describes, introduces, or recommends at least one concrete workflow, checklist, or tool.","Narrative (implicit)","Not described","Not described","Digital trace data","Not described","Not applicable. E1e = Manual only or Not described.","No","Not described","Not described",
7,"Amelia","Tools and techniques for computational reproducibility","10.1186/s13742-016-0135-4","2026/07/21 20:24:42","No. Paper is general with no named target discipline.",,"Technical tool/workflow paper",,"Yes","Reproducibility: ""..If the description is comprehensive enough that they and others can repeat the procedures and obtain semantically consistent results"" (p. 1)","Yes. The paper explicitly notes that reproducibility looks different and is practiced differently depending on context.","Scientific discipline, Data type, Data or material license","Yes. The paper actively describes, introduces, or recommends at least one concrete workflow, checklist, or tool.","Narrative (implicit)","Literate programming/dynamic documents, Containerization (e.g., Docker, Singularity, CodeOcean, Binder, WholeTale, etc.), Version control, Package/dependency management","R, Python","Not described","Partial automation. Some steps are automated and some require human judgment.","No. Automation is present but does not involve LLMs.","No","Not described","Not described",
8,"Amelia","How transparency and reproducibility can increase credibility in policy analysis: a case study of the minimum wage policy estimate","10.7249/rgsd394","2026/07/14 12:05:00","Yes. Paper explicitly targets one or more named disciplines","Economics, Political Science","Replication/reproduction attempt",,"Yes","Reproducibility tests if it is possible for a third party to obtain the same results using the same data, methods and code (p. 9)","No. The paper treats reproducibility as context-independent or does not address variation.",,"No. The paper discusses reproducibility in general but does NOT describe a specific workflow or tool.",,,,,,,"No","Third-party/independent reproducers/replicators","Not described",
9,"Amelia","Using ReproZip for reproducibility and library services","10.29173/iq18","2026/07/23 18:31:42","No. Paper is general with no named target discipline.",,"Technical tool/workflow paper",,"No",,"No. The paper treats reproducibility as context-independent or does not address variation.",,"Yes. The paper actively describes, introduces, or recommends at least one concrete workflow, checklist, or tool.","Step-by-step (explicit)","Literate programming/dynamic documents, Containerization (e.g., Docker, Singularity, CodeOcean, Binder, WholeTale, etc.)","Not described","Not described","Not described","Not applicable. E1e = Manual only or Not described.","No","Authors (self-check), Peer reviewers, Third-party/independent reproducers/replicators","Before submission, proactively, After publication",
10,"Amelia","Sustainable computational science: the ReScience initiative","10.7717/peerj-cs.142","2026/07/21 22:16:35","No. Paper is general with no named target discipline.",,"Guidelines/policy paper","Technical tool/workflow paper","Yes","Reproducibility: ""..the result of a computation means running the same software on the same input data and obtaining the same results. The goal of a reproduction attempt is to verify that the computational protocol leading to the results has been recorded correctly."" (p.4) 

Reproducibility: ""..strictly speaking, reproducibility is defined in the context of identical computational environments."" (p.4)","Yes. The paper explicitly notes that reproducibility looks different and is practiced differently depending on context.","Programming language or software, Software longevity/decay","Yes. The paper actively describes, introduces, or recommends at least one concrete workflow, checklist, or tool.","Narrative (implicit)","Containerization (e.g., Docker, Singularity, CodeOcean, Binder, WholeTale, etc.), Version control, Package/dependency management","Not described","Not described","Manual only. The workflow is entirely manual.","Not applicable. E1e = Manual only or Not described.","No","Peer reviewers, Third-party/independent reproducers/replicators","After publication",
11,"Amelia","Sciunits: reusable research objects","10.1109/escience.2017.51","2026/07/23 19:46:59","No. Paper is general with no named target discipline.",,"Technical tool/workflow paper",,"No",,"No. The paper treats reproducibility as context-independent or does not address variation.",,"Yes. The paper actively describes, introduces, or recommends at least one concrete workflow, checklist, or tool.","Step-by-step (explicit)","Containerization (e.g., Docker, Singularity, CodeOcean, Binder, WholeTale, etc.)","Not described","Not described","Full automation. The entire proposed workflow is automated with no required manual steps.","No. Automation is present but does not involve LLMs.","No","Not described","Not described",
12,"Amelia","Reproducibility: a primer on semantics and implications for research","10.3768/rtipress.2017.bk.0020.1708","2026/07/20 22:43:36","No. Paper is general with no named target discipline.",,"Guidelines/policy paper",,"Yes","Reproducibility: ""In the broadest terms, reproducibility has numerous (related) connotations... reproducibility is the ability to obtain the same result, observation, or output from an experiment, a device, a system, a process, or an entire study."" (p. 20)

Computational reproducibility: ""When detailed information is provided about code, software, hardware, and implementation details."" (p. 12, Table 2)","Yes. The paper explicitly notes that reproducibility looks different and is practiced differently depending on context.","Scientific discipline, Study design","Yes. The paper actively describes, introduces, or recommends at least one concrete workflow, checklist, or tool.","Step-by-step (explicit)","Not described","Not described","Not described","Not described","Not applicable. E1e = Manual only or Not described.","No","Authors (self-check), Third-party/independent reproducers/replicators, FDA/EPA external auditors, internal Office of Quality Assurance staff","Not described",
13,"Amelia","Reproducibility does not imply reproduction","10.59350/7xmvp-a5292","2026/07/15 19:40:02","No. Paper is general with no named target discipline.",,"Opinion",,"No",,"No. The paper treats reproducibility as context-independent or does not address variation.",,"No. The paper discusses reproducibility in general but does NOT describe a specific workflow or tool.",,,,,,,"No","Not described","Not described",
14,"Amelia","An empirical analysis of journal policy effectiveness for computational reproducibility","10.1073/pnas.1708290115","2026/07/23 19:19:18","No. Paper is general with no named target discipline.",,"Empirical audit/assessment",,"Yes","Reproducibility: ""A key component of scientific communication is sufficient information for other researchers in the field to reproduce published findings. For computational and data-enabled research, this has often been interpreted to mean making available the raw data from which results were generated, the computer code that generated the findings, and any additional information needed such as workflows and input parameters."" (p.2584, Abstract/Intro)","Yes. The paper explicitly notes that reproducibility looks different and is practiced differently depending on context.","Scientific discipline","No. The paper discusses reproducibility in general but does NOT describe a specific workflow or tool.",,,,,,,"Yes","Not described","After publication",
15,"Amelia","Coding be eR: assessing and improving the reproducibility of R-based research with containR","https://openalex.org/w2945130123","2026/07/13 13:12:49","No. Paper is general with no named target discipline.",,"Technical tool/workflow paper","Empirical audit/assessment","No",,"No. The paper treats reproducibility as context-independent or does not address variation.",,"Yes. The paper actively describes, introduces, or recommends at least one concrete workflow, checklist, or tool.","Step-by-step (explicit)","Containerization (e.g., Docker, Singularity, CodeOcean, Binder, WholeTale, etc.)","R","Not described","Full automation. The entire proposed workflow is automated with no required manual steps.","No. Automation is present but does not involve LLMs.","No","Not described","Not described",
16,"Amelia","ReproServer: making reproducibility easier and less intensive","10.48550/arxiv.1808.01406","2026/07/21 21:15:41","No. Paper is general with no named target discipline.",,"Technical tool/workflow paper",,"No",,"No. The paper treats reproducibility as context-independent or does not address variation.",,"Yes. The paper actively describes, introduces, or recommends at least one concrete workflow, checklist, or tool.","Step-by-step (explicit)","Containerization (e.g., Docker, Singularity, CodeOcean, Binder, WholeTale, etc.), Package/dependency management","Not described","Not described","Partial automation. Some steps are automated and some require human judgment.","No. Automation is present but does not involve LLMs.","Yes","Authors (self-check), Peer reviewers","Before submission, proactively, parallel to peer review process",
17,"Amelia","Transparency, reproducibility, and the credibility of economics research","10.1257/jel.20171350","2026/07/13 14:33:16","Yes. Paper explicitly targets one or more named disciplines","Economics","Empirical audit/assessment","Narrative review","Yes","Pure replication: Perhaps the most straightforward type of replication in economics involves using the same specification, the same sample, and the same population. Essentially, this is running the same code on the same data and testing if you get the same results. (p. 942)","Yes. The paper explicitly notes that reproducibility looks different and is practiced differently depending on context.","combination between study settings (lab vs. field), historical, and cultural context","No. The paper discusses reproducibility in general but does NOT describe a specific workflow or tool.",,,,,,,"No","Data editors, Peer reviewers, Third-party/independent reproducers/replicators","After acceptance, before publication, After publication",
18,"Amelia","Reproducibility confidentiality data access","https://openalex.org/w2902580422","2026/07/23 21:27:54","Yes. Paper explicitly targets one or more named disciplines","Economics","Guidelines/policy paper",,"Yes","""Reproducibility ('narrow' in J Appl Econometrics, 'pure replication' Hamermesh, sometimes called 'replicability'): Same data, same code; [Programming] aspects of a 'unit test'""","Yes. The paper explicitly notes that reproducibility looks different and is practiced differently depending on context.","Data or material license","Yes. The paper actively describes, introduces, or recommends at least one concrete workflow, checklist, or tool.","Narrative (implicit)","Not described","Not described","Administrative/register data, Proprietary/confidential data","Not described","Not applicable. E1e = Manual only or Not described.","No","Third-party/independent reproducers/replicators","Not described",
19,"Amelia","The ReproRubric: evaluation criteria for the reproducibility of computational analyses","10.31219/osf.io/thvef","2026/07/23 20:31:09","Yes. Paper explicitly targets one or more named disciplines","General social science","Technical tool/workflow paper","Guidelines/policy paper","Yes","Reproducible: ""...is defined here as the ability to produce the same results using the original data and analysis scripts."" (p. 1)","Yes. The paper explicitly notes that reproducibility looks different and is practiced differently depending on context.","Programming language or software","Yes. The paper actively describes, introduces, or recommends at least one concrete workflow, checklist, or tool.","Step-by-step (explicit)","Literate programming/dynamic documents, Containerization (e.g., Docker, Singularity, CodeOcean, Binder, WholeTale, etc.), Version control, Package/dependency management","R, Python","Not described","Partial automation. Some steps are automated and some require human judgment.","No. Automation is present but does not involve LLMs.","Yes","Authors (self-check), Third-party/independent reproducers/replicators","Not described",
20,"Amelia","Successes and struggles with computational reproducibility: lessons from the fragile families challenge","10.1177/2378023119849803","2026/07/16 13:46:47","Yes. Paper explicitly targets one or more named disciplines","Sociology","Empirical audit/assessment","Guidelines/policy paper","Yes","Reproducibility: ""the ability of a researcher to recreate the results of a published study using the original author's raw data and code."" (Abstract

Computational reproducibility: ""a researcher's ability to recreate the results in a published article using the raw data and code of the original author"" (p.1)","Yes. The paper explicitly notes that reproducibility looks different and is practiced differently depending on context.","Scientific discipline, Study design","Yes. The paper actively describes, introduces, or recommends at least one concrete workflow, checklist, or tool.","Step-by-step (explicit)","Containerization (e.g., Docker, Singularity, CodeOcean, Binder, WholeTale, etc.), Package/dependency management","R, Python","Survey/experimental, Proprietary/confidential data","Partial automation. Some steps are automated and some require human judgment.","No. Automation is present but does not involve LLMs.","Yes","Authors (self-check), Data editors, Peer reviewers, Third-party/independent reproducers/replicators","After acceptance, before publication",
21,"Amelia","Implementing computational reproducibility in the whole tale environment","10.1145/3322790.3330594","2026/07/13 11:57:27","No. Paper is general with no named target discipline.",,"Technical tool/workflow paper",,"Yes","Computational Reproducibility: all necessary data and the computer codes are provided to run the analysis again and recreate the scientific findings (as discussed in the previous section). (p.18)

Whole Tale supports computational reproducibility by enabling researchers to create and package code, data and information about the workflow and computational environment necessary to support review and reproduce results of computational analyses that are reported in published research. Whole Tale implements this definition by supporting explicit citation of externally referenced data, capturing the artifacts and provenance information needed to facilitate understanding, transparency, and execution of the computational processes and workflows used for review and reproducibility at the time of publication. (p. 19)","No. The paper treats reproducibility as context-independent or does not address variation.",,"Yes. The paper actively describes, introduces, or recommends at least one concrete workflow, checklist, or tool.","Step-by-step (explicit)","Containerization (e.g., Docker, Singularity, CodeOcean, Binder, WholeTale, etc.)","Not described","Not described","Partial automation. Some steps are automated and some require human judgment.","No. Automation is present but does not involve LLMs.","No","Authors (self-check), Peer reviewers, Third-party/independent reproducers/replicators","Before submission, proactively, After acceptance, before publication, After publication",
22,"Amelia","Application of BagIt-serialized research object bundles for packaging and Re-execution of computational analyses","10.1109/escience.2019.00068","2026/07/13 12:08:28","No. Paper is general with no named target discipline.",,"Technical tool/workflow paper",,"No",,"No. The paper treats reproducibility as context-independent or does not address variation.",,"Yes. The paper actively describes, introduces, or recommends at least one concrete workflow, checklist, or tool.","Narrative (implicit)","Containerization (e.g., Docker, Singularity, CodeOcean, Binder, WholeTale, etc.)","Not described","Not described","Partial automation. Some steps are automated and some require human judgment.","No. Automation is present but does not involve LLMs.","No","Not described","Not described",
23,"Amelia","Creating and sharing reproducible research code the workflowr way","10.12688/f1000research.20843.1","2026/06/18 10:50:48","No. Paper is general with no named target discipline.",,"Technical tool/workflow paper",,"Yes","...it can be accessed and run, with outputs that can be corroborated against published results.","No. The paper treats reproducibility as context-independent or does not address variation.",,"Yes. The paper actively describes, introduces, or recommends at least one concrete workflow, checklist, or tool.","Step-by-step (explicit)","Literate programming/dynamic documents, Version control","R","Not described","Full automation. The entire proposed workflow is automated with no required manual steps.","No. Automation is present but does not involve LLMs.","No","Authors (self-check)","Not described",
24,"Amelia","Computational reproducibility: the elephant in the room","10.1109/ms.2018.2883805","2026/07/15 19:09:29","No. Paper is general with no named target discipline.",,"Opinion",,"Yes","Reproducibility: ""It seems to us that unless a scientific article allows the reader to reproduce every table, diagram, and statistical result using code, for which the source and means to run it are provided, then the results are unquantifiably in error."" (p. 138)","No. The paper treats reproducibility as context-independent or does not address variation.",,"No. The paper discusses reproducibility in general but does NOT describe a specific workflow or tool.",,,,,,,"No","Not described","Not described",
25,"Amelia","Toward computational reproducibility: a doctoral student's story of passing the baton","10.1002/pra2.134","2026/07/16 11:06:15","No. Paper is general with no named target discipline.",,"Replication/reproduction attempt",,"Yes","Computational Reproducibility: ""which is characterized by the ability to rerun the computational analyses involved in original research. To test CR requires access to the raw data and code underpinning the original analysis."" (p.688)","Yes. The paper explicitly notes that reproducibility looks different and is practiced differently depending on context.","Operating system (Windows vs. Linux)","No. The paper discusses reproducibility in general but does NOT describe a specific workflow or tool.",,,,,,,"No","Third-party/independent reproducers/replicators","Not described",
26,"Amelia","Facilitating reproducible project management and manuscript development in team science: the projects R package","10.1371/journal.pone.0212390","2026/07/16 13:17:36","No. Paper is general with no named target discipline.",,"Technical tool/workflow paper",,"Yes","Reproducibility: ""...can be defined as the extent to which readers can emulate the researchers' methods and workflow."" (p.1)","No. The paper treats reproducibility as context-independent or does not address variation.",,"Yes. The paper actively describes, introduces, or recommends at least one concrete workflow, checklist, or tool.","Step-by-step (explicit)","Literate programming/dynamic documents, Version control","R","Not described","Partial automation. Some steps are automated and some require human judgment.","No. Automation is present but does not involve LLMs.","No","Authors (self-check)","Not described",
27,"Amelia","Rebooting reproducibility: From re-execution to replication","https://elifesciences.org/labs/6fb86e9c/rebooting-reproducibility-from-re-execution-to-replication","2026/07/24 08:22:11","No. Paper is general with no named target discipline.",,"Guidelines/policy paper","Technical tool/workflow paper","No",,"Yes. The paper explicitly notes that reproducibility looks different and is practiced differently depending on context.","Data type, Computational and infrastructure complexity","Yes. The paper actively describes, introduces, or recommends at least one concrete workflow, checklist, or tool.","Narrative (implicit)","Literate programming/dynamic documents, Version control","Not described","Not described","Partial automation. Some steps are automated and some require human judgment.","No. Automation is present but does not involve LLMs.","No","Peer reviewers, Third-party/independent reproducers/replicators","Not described",
28,"Amelia","A synthetic dataset primer for the biobehavioural sciences to promote reproducibility and hypothesis generation","10.7554/elife.53275","2026/07/21 20:44:14","No. Paper is general with no named target discipline.",,"Technical tool/workflow paper","Educational/training resource","No",,"No. The paper treats reproducibility as context-independent or does not address variation.",,"Yes. The paper actively describes, introduces, or recommends at least one concrete workflow, checklist, or tool.","Narrative (implicit)","Package/dependency management","R","Survey/experimental, Proprietary/confidential data","Not described","Not applicable. E1e = Manual only or Not described.","No","Authors (self-check), Third-party/independent reproducers/replicators","Not described",
29,"Amelia","Journal data policies: exploring how the understanding of editors and authors corresponds to the policies themselves","10.1371/journal.pone.0230281","2026/07/13 19:01:38","No. Paper is general with no named target discipline.",,"User study (e.g., survey, interview, focus group discussion -- with computational reproducibility as the main topic)",,"No",,"No. The paper treats reproducibility as context-independent or does not address variation.",,"No. The paper discusses reproducibility in general but does NOT describe a specific workflow or tool.",,,,,,,"No","Data editors","Not described",
30,"Amelia","Advancing computational reproducibility in the dataverse data repository platform","10.1145/3391800.3398173","2026/07/23 20:51:18","No. Paper is general with no named target discipline.",,"Technical tool/workflow paper",,"No",,"No. The paper treats reproducibility as context-independent or does not address variation.",,"Yes. The paper actively describes, introduces, or recommends at least one concrete workflow, checklist, or tool.","Step-by-step (explicit)","Containerization (e.g., Docker, Singularity, CodeOcean, Binder, WholeTale, etc.), Package/dependency management","Not described","Not described","Partial automation. Some steps are automated and some require human judgment.","No. Automation is present but does not involve LLMs.","No","Not described","Not described",
31,"Amelia","Reproducibility, preservation, and access to research with ReproZip and ReproServer","10.29173/iq969","2026/07/23 18:38:56","No. Paper is general with no named target discipline.",,"Technical tool/workflow paper",,"Yes","Reproducibility: ""...implies that when another researcher tries to rerun the same analysis—using the same data and code as the original creator— they will achieve the same result (Goodman et al., 2016)."" (p. 2)","Yes. The paper explicitly notes that reproducibility looks different and is practiced differently depending on context.","Programming language or software","Yes. The paper actively describes, introduces, or recommends at least one concrete workflow, checklist, or tool.","Step-by-step (explicit)","Containerization (e.g., Docker, Singularity, CodeOcean, Binder, WholeTale, etc.)","Not described","Not described","Partial automation. Some steps are automated and some require human judgment.","No. Automation is present but does not involve LLMs.","No","Authors (self-check), Peer reviewers, Librarians","Not described",
32,"Amelia","Beyond open data: a model for linking digital artifacts to enable reproducibility of scientific claims","10.1145/3391800.3398172","2026/07/23 19:04:55","No. Paper is general with no named target discipline.",,"Conceptual/review paper","Guidelines/policy paper","No",,"No. The paper treats reproducibility as context-independent or does not address variation.",,"No. The paper discusses reproducibility in general but does NOT describe a specific workflow or tool.",,,,,,,"No","Authors (self-check), Third-party/independent reproducers/replicators","Not described",
33,"Amelia","Documenting computing environments for reproducible experiments","10.3233/apc200106","2026/07/13 19:28:52","No. Paper is general with no named target discipline.",,"Empirical audit/assessment",,"No",,"No. The paper treats reproducibility as context-independent or does not address variation.",,"No. The paper discusses reproducibility in general but does NOT describe a specific workflow or tool.",,,,,,,"No","Third-party/independent reproducers/replicators","After publication",
34,"Amelia","Reproducibility and replicability in economics","10.1162/99608f92.4f6b9e67","2026/07/24 05:42:17","Yes. Paper explicitly targets one or more named disciplines","Economics","Conceptual/review paper","Empirical audit/assessment","Yes","Reproducibility: “to the ability [...] to duplicate the results of a prior study using the same materials and procedures as were used by the original investigator” (p. 3)","Yes. The paper explicitly notes that reproducibility looks different and is practiced differently depending on context.","Data type, Data or material license","Yes. The paper actively describes, introduces, or recommends at least one concrete workflow, checklist, or tool.","Narrative (implicit)","Not described","Stata, Matlab","Administrative/register data, Proprietary/confidential data","Not described","Not applicable. E1e = Manual only or Not described.","No","Data editors, Third-party/independent reproducers/replicators","After acceptance, before publication",
35,"Amelia","Trust, but verify: an investigation of methods of verification and dissemination of computational research artifacts for transparency and reproducibility","https://openalex.org/w3202707833","2026/07/24 08:32:16","Yes. Paper explicitly targets one or more named disciplines","Economics, Political Science","User study (e.g., survey, interview, focus group discussion -- with computational reproducibility as the main topic)",,"No",,"Yes. The paper explicitly notes that reproducibility looks different and is practiced differently depending on context.","Scientific discipline, Data or material license, Programming language or software","Yes. The paper actively describes, introduces, or recommends at least one concrete workflow, checklist, or tool.","Step-by-step (explicit)","Literate programming/dynamic documents, Containerization (e.g., Docker, Singularity, CodeOcean, Binder, WholeTale, etc.), Version control, Package/dependency management","R, Python, Stata, MATLAB, Fortran, C/C++, Java","Proprietary/confidential data","Partial automation. Some steps are automated and some require human judgment.","No. Automation is present but does not involve LLMs.","Yes","Authors (self-check), Data editors, Peer reviewers, Third-party/independent reproducers/replicators","After acceptance, before publication",
36,"Amelia","A survey on collecting, managing, and analyzing provenance from scripts","10.1145/3311955","2026/07/21 20:38:25","No. Paper is general with no named target discipline.",,"Meta-studies (e.g., scoping review, systematic review, meta-analysis)",,"No",,"No. The paper treats reproducibility as context-independent or does not address variation.",,"No. The paper discusses reproducibility in general but does NOT describe a specific workflow or tool.",,,,,,,"No","Not described","Not described",
37,"Amelia","The four possibilities of reproducible scientific computations","10.59350/81ba8-dse91","2026/07/15 19:45:41","No. Paper is general with no named target discipline.",,"Opinion",,"Yes","Reproducibility: ""A computation is reproducible if it offers the four essential possibilities:

    The possibility to inspect all the input data and all the source code that can possibly have an impact on the results.
    The possibility to run the code on a suitable computer of one's own choice in order to verify that it indeed produces the claimed results.
    The possibility to explore the behavior of the code, by inspecting intermediate results, by running the code with small modifications, or by subjecting it to code analysis tools.
    The possibility to verify that published executable versions of the computation, proposed as binary files or as services, do indeed correspond to the available source code.""","Yes. The paper explicitly notes that reproducibility looks different and is practiced differently depending on context.","Scientific discipline, Time","No. The paper discusses reproducibility in general but does NOT describe a specific workflow or tool.",,,,,,,"No","Not described","Not described",
38,"Amelia","Ten simple rules for writing dockerfiles for reproducible data science","10.1371/journal.pcbi.1008316","2026/07/17 15:41:54","No. Paper is general with no named target discipline.",,"Technical tool/workflow paper",,"No",,"No. The paper treats reproducibility as context-independent or does not address variation.",,"Yes. The paper actively describes, introduces, or recommends at least one concrete workflow, checklist, or tool.","Step-by-step (explicit)","Containerization (e.g., Docker, Singularity, CodeOcean, Binder, WholeTale, etc.), Version control, Package/dependency management","R, Python","Proprietary/confidential data","Partial automation. Some steps are automated and some require human judgment.","No. Automation is present but does not involve LLMs.","No","Authors (self-check), Third-party/independent reproducers/replicators","Before submission, proactively",
39,"Amelia","How to make a pie: reproducible research for empirical economics and econometrics","10.1111/joes.12389","2026/07/17 15:58:40","Yes. Paper explicitly targets one or more named disciplines","Economics","Guidelines/policy paper","Educational/training resource","Yes","Reproducibility: ""For many, a research project would be classified as reproducible if the authors of the project provided all the materials for any other researcher to replicate the results without any additional information from the author. In a strict sense, this means that a replication data set exists and is available and that managing the entire process, beginning with data preprocessing and ending with the paper, including all steps in the descriptive analysis, modelization, and handling of results, can be repeated"" (p. 1138)","Yes. The paper explicitly notes that reproducibility looks different and is practiced differently depending on context.","Data or material license","Yes. The paper actively describes, introduces, or recommends at least one concrete workflow, checklist, or tool.",,"Literate programming/dynamic documents, Version control","R, Python, Stata, SAS, MATLAB, GAMS, Mathematica","Proprietary/confidential data","Partial automation. Some steps are automated and some require human judgment.","No. Automation is present but does not involve LLMs.","Yes","Data editors, Peer reviewers, Third-party/independent reproducers/replicators","parallel to peer review, before acceptance decision",
40,"Amelia","The role of containers in reproducibility","10.1109/canopiehpc51917.2020.00008","2026/07/13 11:27:11","No. Paper is general with no named target discipline.",,"Technical tool/workflow paper",,"No",,"Yes. The paper explicitly notes that reproducibility looks different and is practiced differently depending on context.","varies between runtime and workflow","Yes. The paper actively describes, introduces, or recommends at least one concrete workflow, checklist, or tool.","Narrative (implicit)","Containerization (e.g., Docker, Singularity, CodeOcean, Binder, WholeTale, etc.)","Not described","Not described","Full automation. The entire proposed workflow is automated with no required manual steps.","No. Automation is present but does not involve LLMs.","No","Not described","Not described",
41,"Amelia","Reproducibility in accounting research: views of the research community","10.1111/1475-679x.12305","2026/07/15 15:42:08","Yes. Paper explicitly targets one or more named disciplines","Accounting","User study (e.g., survey, interview, focus group discussion -- with computational reproducibility as the main topic)","Guidelines/policy paper","Yes","Reproducibility: ""We define 'reproducibility' as the ability of a researcher to confirm the findings of a peer-reviewed and published study in a similar setting that may include slight but reasonable variations of method, sample, and/or time period. We consider a study as replicated (i.e., 'replicability') when it is repeated exactly as published, using the same underlying data sets and methods."" (p. 521)","Yes. The paper explicitly notes that reproducibility looks different and is practiced differently depending on context.","Scientific discipline, Data type","No. The paper discusses reproducibility in general but does NOT describe a specific workflow or tool.",,,,,,,"No","Authors (self-check), Third-party/independent reproducers/replicators","Before submission, proactively, After acceptance, before publication, After publication",
42,"Amelia","AEA data and code availability policy","10.1257/pandp.111.818","2026/07/24 05:55:40","Yes. Paper explicitly targets one or more named disciplines","Economics","Guidelines/policy paper",,"No",,"Yes. The paper explicitly notes that reproducibility looks different and is practiced differently depending on context.","Study design, Data or material license","Yes. The paper actively describes, introduces, or recommends at least one concrete workflow, checklist, or tool.","Step-by-step (explicit)","Not described","Not described","Survey/experimental, Proprietary/confidential data","Not described","Not applicable. E1e = Manual only or Not described.","No","Data editors, Third-party/independent reproducers/replicators","After acceptance, before publication",
43,"Amelia","Dawning of a new age? Economics journals’ data policies on the test bench","10.53377/lq.10940","2026/07/24 08:09:41","Yes. Paper explicitly targets one or more named disciplines","Economics","Empirical audit/assessment",,"No",,"Yes. The paper explicitly notes that reproducibility looks different and is practiced differently depending on context.","Data or material license","No. The paper discusses reproducibility in general but does NOT describe a specific workflow or tool.",,,,,,,"No","Authors (self-check), Data editors","Not described",
44,"Amelia","Active maintenance: a proposal for the long-term computational reproducibility of scientific results","10.1017/s1049096521000366","2026/07/20 21:44:45","Yes. Paper explicitly targets one or more named disciplines","Political Science","Guidelines/policy paper","Empirical audit/assessment","Yes","Computational reproducibility: ""A study is computationally reproducible if a sufficiently savvy third party could download the code and data from a public repository and successfully execute the analysis with minimal difficulty."" (p. 462). 

Computational reproducibility: ""...or the ability to reproduce analytic results of a scientific study on the basis of publicly available code and data..."" (Abstract)","No. The paper treats reproducibility as context-independent or does not address variation.",,"Yes. The paper actively describes, introduces, or recommends at least one concrete workflow, checklist, or tool.","Narrative (implicit)","Containerization (e.g., Docker, Singularity, CodeOcean, Binder, WholeTale, etc.)","R, Stata, SPSS","Not described","Partial automation. Some steps are automated and some require human judgment.","No. Automation is present but does not involve LLMs.","No","Authors (self-check), Third-party/independent reproducers/replicators, archive/repository staff (librarian)","After publication",
45,"Amelia","Toward reusable science with readable code and reproducibility","10.48550/arxiv.2109.10387","2026/06/16 12:24:14","No. Paper is general with no named target discipline.",,"Technical tool/workflow paper","User study (e.g., survey, interview, focus group discussion -- with computational reproducibility as the main topic)","Yes","...defined as the ability to obtain consistent results using the same input data, code, computational steps, and methods (p. 1)","No. The paper treats reproducibility as context-independent or does not address variation.",,"Yes. The paper actively describes, introduces, or recommends at least one concrete workflow, checklist, or tool.","Narrative (implicit)","Literate programming/dynamic documents","R","Not described","Partial automation. Some steps are automated and some require human judgment.","No. Automation is present but does not involve LLMs.","No","Authors (self-check)","Before submission, proactively",
46,"Amelia","Reproducible research in R: a tutorial on how to do the same thing more than once","10.3390/psych3040053","2026/07/20 22:26:27","No. Paper is general with no named target discipline.",,"Technical tool/workflow paper","Educational/training resource","Yes","Computational reproducibility:  ""..is the ability to obtain identical results from the same data with the same computer code."" (Abstract)

Reproducibility: ""..can be defined as the ability of anyone to obtain identical results from the same data with the same computer code"" (p. 837)","No. The paper treats reproducibility as context-independent or does not address variation.",,"Yes. The paper actively describes, introduces, or recommends at least one concrete workflow, checklist, or tool.","Step-by-step (explicit)","Literate programming/dynamic documents, Containerization (e.g., Docker, Singularity, CodeOcean, Binder, WholeTale, etc.), Version control, Package/dependency management","R","Survey/experimental","Full automation. The entire proposed workflow is automated with no required manual steps.","No. Automation is present but does not involve LLMs.","No","Authors (self-check), Third-party/independent reproducers/replicators","Not described",
47,"Amelia","The science of open (communication) science: toward an evidence-driven understanding of quality criteria in communication research","10.1093/joc/jqab032","2026/07/14 20:30:13","Yes. Paper explicitly targets one or more named disciplines","Communication science","Conceptual/review paper",,"Yes","Reproducibility: “obtaining consistent results using the same input data; computational steps, methods, and code; and conditions of analysis” (p. 689)","Yes. The paper explicitly notes that reproducibility looks different and is practiced differently depending on context.","Study design, Data type","No. The paper discusses reproducibility in general but does NOT describe a specific workflow or tool.",,,,,,,"No","Not described","Not described",
48,"Amelia","Challenges of curating for reproducible and FAIR research output","10.15497/rda00063","2026/07/20 21:08:46","No. Paper is general with no named target discipline.",,"User study (e.g., survey, interview, focus group discussion -- with computational reproducibility as the main topic)","Guidelines/policy paper","Yes","Computational reproducibility: ""..as the ability to repeat the analysis and arrive at the same result"" (p.3)","Yes. The paper explicitly notes that reproducibility looks different and is practiced differently depending on context.","Scientific discipline, Data type, Data or material license","Yes. The paper actively describes, introduces, or recommends at least one concrete workflow, checklist, or tool.","Narrative (implicit)","Literate programming/dynamic documents, Containerization (e.g., Docker, Singularity, CodeOcean, Binder, WholeTale, etc.), Version control","Not described","Not described","Not described","Not applicable. E1e = Manual only or Not described.","No","Data editors, Peer reviewers, Third-party/independent reproducers/replicators","Not described",
49,"Amelia","The fundamental principles of reproducibility","10.1098/rsta.2020.0210","2026/07/15 15:00:42","No. Paper is general with no named target discipline.",,"Conceptual/review paper",,"Yes","Reproducibility: ""is the ability of independent investigators to draw the same conclusions from an experiment by following the documentation shared by the original investigators."" (p. 10)","No. The paper treats reproducibility as context-independent or does not address variation.",,"No. The paper discusses reproducibility in general but does NOT describe a specific workflow or tool.",,,,,,,"No","Third-party/independent reproducers/replicators","Not described",
50,"Amelia","Fixing dependency errors for python build reproducibility","10.1145/3460319.3464797","2026/07/17 12:11:34","No. Paper is general with no named target discipline.",,"Technical tool/workflow paper","Empirical audit/assessment","Yes","Reproducibility: ""..the repeatability of the process of establishing a fact or of conditions under which the same fact can be observed"" (p. 439)","No. The paper treats reproducibility as context-independent or does not address variation.",,"Yes. The paper actively describes, introduces, or recommends at least one concrete workflow, checklist, or tool.","Step-by-step (explicit)","Package/dependency management","Python","Not described","Full automation. The entire proposed workflow is automated with no required manual steps.","No. Automation is present but does not involve LLMs.","No","Not described","Not described",
51,"Amelia","A reproducible data analysis workflow with R Markdown, Git, Make, and Docker","10.5964/qcmb.3763","2026/07/20 22:17:17","No. Paper is general with no named target discipline.",,"Technical tool/workflow paper","Educational/training resource","Yes","Computational reproducibility: ""...the analysis exactly reproduces at a later point in time even if the computing platform or software is changed"" (Abstract)

Reproducibility: ""...is the ability to obtain identical results from the same statistical analysis and the same data. For us, statistical results are only reproducible if their generating, computational workflow is reported completely and transparently, and remains permanently available, such that the workflow can be re-run by a different person or later in time, and that the results remain identical to those initially reported"" (p.2)","No. The paper treats reproducibility as context-independent or does not address variation.",,"Yes. The paper actively describes, introduces, or recommends at least one concrete workflow, checklist, or tool.","Step-by-step (explicit)","Literate programming/dynamic documents, Containerization (e.g., Docker, Singularity, CodeOcean, Binder, WholeTale, etc.), Version control, Package/dependency management","R","Not described","Partial automation. Some steps are automated and some require human judgment.","No. Automation is present but does not involve LLMs.","No","Authors (self-check)","Not described",
52,"Amelia","CODECHECK: an open science initiative for the independent execution of computations underlying research articles during peer review to improve reproducibility","10.12688/f1000research.51738.2","2026/07/17 12:40:51","No. Paper is general with no named target discipline.",,"Technical tool/workflow paper",,"Yes","Computational results: ""..code generates the output it claims to create"" (p. 4)","Yes. The paper explicitly notes that reproducibility looks different and is practiced differently depending on context.","Scientific discipline, Data type, Data or material license, Programming language or software","Yes. The paper actively describes, introduces, or recommends at least one concrete workflow, checklist, or tool.","Step-by-step (explicit)","Containerization (e.g., Docker, Singularity, CodeOcean, Binder, WholeTale, etc.)","R","Proprietary/confidential data","Manual only. The workflow is entirely manual.","Not applicable. E1e = Manual only or Not described.","Yes","Data editors, Peer reviewers, Third-party/independent reproducers/replicators","After acceptance, before publication, After publication, parallel to peer-review",
53,"Amelia","Science capsule: towards sharing and reproducibility of scientific workflows","10.1109/works54523.2021.00014","2026/07/14 21:03:59","No. Paper is general with no named target discipline.",,"Technical tool/workflow paper",,"No",,"No. The paper treats reproducibility as context-independent or does not address variation.",,"Yes. The paper actively describes, introduces, or recommends at least one concrete workflow, checklist, or tool.","Step-by-step (explicit)","Containerization (e.g., Docker, Singularity, CodeOcean, Binder, WholeTale, etc.), Version control","Python","Not described","Not described","Not applicable. E1e = Manual only or Not described.","No","Not described","Not described",
54,"Amelia","WORCS: a workflow for open reproducible code in science","10.3233/ds-210031","2026/07/23 21:10:01","No. Paper is general with no named target discipline.",,"Technical tool/workflow paper",,"Yes","Computational reproducibility: ""..means that a third party can exactly recreate the results from the original data, using the published analysis code."" (p. 39)","No. The paper treats reproducibility as context-independent or does not address variation.",,"Yes. The paper actively describes, introduces, or recommends at least one concrete workflow, checklist, or tool.","Step-by-step (explicit)","Literate programming/dynamic documents, Containerization (e.g., Docker, Singularity, CodeOcean, Binder, WholeTale, etc.), Version control, Package/dependency management","R","Proprietary/confidential data","Partial automation. Some steps are automated and some require human judgment.","No. Automation is present but does not involve LLMs.","Yes","Authors (self-check), Peer reviewers, Third-party/independent reproducers/replicators","Before submission, proactively, After acceptance, before publication",
55,"Amelia","Computational reproducibility: a practical framework for data curators","10.7191/jeslib.2021.1206","2026/07/22 11:22:00","No. Paper is general with no named target discipline.",,"Guidelines/policy paper","Educational/training resource","Yes","Reproducibility: ""...is simple in that experiments should be designed, executed, and documented in such a way that others can repeat them"" (p. 3)","Yes. The paper explicitly notes that reproducibility looks different and is practiced differently depending on context.","Scientific discipline","Yes. The paper actively describes, introduces, or recommends at least one concrete workflow, checklist, or tool.","Step-by-step (explicit)","Literate programming/dynamic documents, Containerization (e.g., Docker, Singularity, CodeOcean, Binder, WholeTale, etc.), Version control, Package/dependency management","Not described","Not described","Manual only. The workflow is entirely manual.","Not applicable. E1e = Manual only or Not described.","No","Authors (self-check), data curators, librarians","all stages of research lifecycle",
56,"Amelia","Reproducibility badging and definitions","10.3789/niso-rp-31-2021","2026/07/17 12:23:18","No. Paper is general with no named target discipline.",,"Guidelines/policy paper",,"Yes","Reproducibility: ""obtaining consistent results using the same input data, computational steps, methods, and code, and conditions of analysis."" (p.1)","No. The paper treats reproducibility as context-independent or does not address variation.",,"No. The paper discusses reproducibility in general but does NOT describe a specific workflow or tool.",,,,,,,"Yes","Third-party/independent reproducers/replicators","Not described",
57,"Amelia","Principles for data analysis workflows","10.1371/journal.pcbi.1008770","2026/07/23 19:31:52","No. Paper is general with no named target discipline.",,"Technical tool/workflow paper","Educational/training resource","Yes","Reproducible: ""Authors provide all the necessary data, and the computer codes to run the analysis again, recreating the results"" (p. 4)","No. The paper treats reproducibility as context-independent or does not address variation.",,"Yes. The paper actively describes, introduces, or recommends at least one concrete workflow, checklist, or tool.","Narrative (implicit)","Literate programming/dynamic documents, Containerization (e.g., Docker, Singularity, CodeOcean, Binder, WholeTale, etc.), Version control, Package/dependency management","R, Julia","Not described","Not described","Not applicable. E1e = Manual only or Not described.","No","Not described","Not described",
58,"Amelia","Improving research quality: the view from the UK reproducibility network institutional leads for research improvement","10.1186/s13104-021-05883-3","2026/07/23 18:47:37","No. Paper is general with no named target discipline.",,"Guidelines/policy paper",,"No",,"Yes. The paper explicitly notes that reproducibility looks different and is practiced differently depending on context.","Scientific discipline, Study design","No. The paper discusses reproducibility in general but does NOT describe a specific workflow or tool.",,,,,,,"No","Authors (self-check), Peer reviewers, Third-party/independent reproducers/replicators","Not described",
59,"Amelia","Understanding experiments and research practices for reproducibility: an exploratory study","10.7717/peerj.11140","2026/07/22 10:47:24","No. Paper is general with no named target discipline.",,"User study (e.g., survey, interview, focus group discussion -- with computational reproducibility as the main topic)",,"Yes","Reproducibility: ""..if the experiment can be performed to get the same or similar (close-by) results by a different team using a different experimental setup. The different conditions can be in the steps, data, settings, experimental execution environment, etc"" (p.1-2)","Yes. The paper explicitly notes that reproducibility looks different and is practiced differently depending on context.","Scientific discipline","No. The paper discusses reproducibility in general but does NOT describe a specific workflow or tool.",,,,,,,"No","Not described","Not described",
60,"Amelia","Reproducibility in the social sciences","10.1146/annurev-soc-090221-035954","2026/07/17 12:02:44","Yes. Paper explicitly targets one or more named disciplines","Sociology, General social science","Meta-studies (e.g., scoping review, systematic review, meta-analysis)","Guidelines/policy paper","Yes","Reproducibility: ""a new analyst using the same data would likely not arrive at the same result"" (p.79)","Yes. The paper explicitly notes that reproducibility looks different and is practiced differently depending on context.","Scientific discipline, Study design","Yes. The paper actively describes, introduces, or recommends at least one concrete workflow, checklist, or tool.","Narrative (implicit)","Not described","Not described","Survey/experimental, Administrative/register data","Partial automation. Some steps are automated and some require human judgment.","No. Automation is present but does not involve LLMs.","No","Data editors","After acceptance, before publication",
61,"Amelia","A collaborative semantic-based provenance management platform for reproducibility","10.7717/peerj-cs.921","2026/07/22 11:05:14","No. Paper is general with no named target discipline.",,"Technical tool/workflow paper",,"No",,"Yes. The paper explicitly notes that reproducibility looks different and is practiced differently depending on context.","computational vs. non-computational steps in research (research cycles)","Yes. The paper actively describes, introduces, or recommends at least one concrete workflow, checklist, or tool.","Narrative (implicit)","Literate programming/dynamic documents","Python","Not described","Partial automation. Some steps are automated and some require human judgment.","No. Automation is present but does not involve LLMs.","No","Authors (self-check)","Not described",
62,"Amelia","Containerization for creating reusable model code","10.18174/sesmo.18074","2026/07/23 21:18:33","No. Paper is general with no named target discipline.",,"Technical tool/workflow paper","Educational/training resource","No",,"No. The paper treats reproducibility as context-independent or does not address variation.",,"Yes. The paper actively describes, introduces, or recommends at least one concrete workflow, checklist, or tool.","Step-by-step (explicit)","Containerization (e.g., Docker, Singularity, CodeOcean, Binder, WholeTale, etc.)","R, NetLogo","Not described","Not described","Not applicable. E1e = Manual only or Not described.","No","Not described","Not described",
63,"Amelia","Toward practical transparent verifiable and long-term reproducible research using guix","10.1038/s41597-022-01720-9","2026/07/23 21:01:26","No. Paper is general with no named target discipline.",,"Technical tool/workflow paper",,"Yes","""Reproducibility of the computational environment is driven by transparency. To be fully reproducible one computational environment must be defined by (i) the source code of the software and libraries used (ii) the various options or configuration are required at build-time or run-time and (iii) the complete graph that fixes all the dependencies."" (p.8)","No. The paper treats reproducibility as context-independent or does not address variation.",,"Yes. The paper actively describes, introduces, or recommends at least one concrete workflow, checklist, or tool.","Step-by-step (explicit)","Containerization (e.g., Docker, Singularity, CodeOcean, Binder, WholeTale, etc.), Version control, Package/dependency management","R","Not described","Partial automation. Some steps are automated and some require human judgment.","No. Automation is present but does not involve LLMs.","No","Not described","Not described",
64,"Amelia","Reproducibility signals in science: a preliminary analysis","10.18653/v1/2022.wiesp-1.16","2026/06/15 19:08:16","No. Paper is general with no named target discipline.",,"Empirical audit/assessment",,"No",,"Yes. The paper explicitly notes that reproducibility looks different and is practiced differently depending on context.","Scientific discipline, Study design","No. The paper discusses reproducibility in general but does NOT describe a specific workflow or tool.",,,,,,,"No","Not described","Not described",
65,"Amelia","Long-term availability of data associated with articles in PLOS ONE","10.1371/journal.pone.0272845","2026/07/14 14:36:24","No. Paper is general with no named target discipline.",,"Empirical audit/assessment",,"No",,"No. The paper treats reproducibility as context-independent or does not address variation.",,"No. The paper discusses reproducibility in general but does NOT describe a specific workflow or tool.",,,,,,,"No","Not described","Not described",
66,"Amelia","Reproducible research publication workflow: a canonical workflow framework and FAIR digital object approach to quality research output","10.1162/dint_a_00133","2026/07/20 21:34:17","Yes. Paper explicitly targets one or more named disciplines","Economics, Political Science, General social science","Technical tool/workflow paper","Guidelines/policy paper","No",,"Yes. The paper explicitly notes that reproducibility looks different and is practiced differently depending on context.","Scientific discipline, Data type, Data or material license, Programming language or software","Yes. The paper actively describes, introduces, or recommends at least one concrete workflow, checklist, or tool.","Step-by-step (explicit)","Not described","Not described","Survey/experimental, Proprietary/confidential data","Partial automation. Some steps are automated and some require human judgment.","No. Automation is present but does not involve LLMs.","No","Data editors, Peer reviewers","Before submission, proactively, After acceptance, before publication",
67,"Amelia","Tools and recommendations for reproducible teaching","10.1080/26939169.2022.2138645","2026/07/14 13:41:08","No. Paper is general with no named target discipline.",,"Educational/training resource","Technical tool/workflow paper","Yes","Computational reproducibility is defined as having information about code, data, and software to replicate the findings which usually is beyond what is provided in a traditional research article (p. 252)","No. The paper treats reproducibility as context-independent or does not address variation.",,"Yes. The paper actively describes, introduces, or recommends at least one concrete workflow, checklist, or tool.","Narrative (implicit)","Version control","Not described","Not described","Not described","Not applicable. E1e = Manual only or Not described.","No","Third-party/independent reproducers/replicators","Not described",
68,"Amelia","Protecting against researcher bias in secondary data analysis: challenges and potential solutions","10.1007/s10654-021-00839-0","2026/06/16 13:35:06","No. Paper is general with no named target discipline.",,"Guidelines/policy paper",,"No",,"No. The paper treats reproducibility as context-independent or does not address variation.",,"No. The paper discusses reproducibility in general but does NOT describe a specific workflow or tool.",,,,,,,"No","Not described","Not described",
69,"Amelia","The interdependence of data producers and data users: how researchers’ behaviors can support or hinder each other","10.31222/osf.io/yp3ct","2026/07/16 20:27:38","No. Paper is general with no named target discipline.",,"User study (e.g., survey, interview, focus group discussion -- with computational reproducibility as the main topic)","Guidelines/policy paper","No",,"No. The paper treats reproducibility as context-independent or does not address variation.",,"No. The paper discusses reproducibility in general but does NOT describe a specific workflow or tool.",,,,,,,"No","Not described","Not described",
70,"Amelia","The Stark realities of reproducible statistically orientated sociological research: Some newer rules of the sociological method","10.1177/20597991221111681","2026/07/14 20:42:04","Yes. Paper explicitly targets one or more named disciplines","Sociology","Guidelines/policy paper",,"Yes","Duplication: ""Results are duplicated when they are consistently reproduced using the same research data and data analytical techniques. We argue that a sociological analysis can be described as being ‘duplicated’ when a third party that is unconnected with the original analysis can produce results that are identical (e.g. they match published results)."" (p. 208)","Yes. The paper explicitly notes that reproducibility looks different and is practiced differently depending on context.","Study design, Data type, Programming language or software","Yes. The paper actively describes, introduces, or recommends at least one concrete workflow, checklist, or tool.","Step-by-step (explicit)","Literate programming/dynamic documents","Not described","Not described","Manual only. The workflow is entirely manual.","Not applicable. E1e = Manual only or Not described.","No","Authors (self-check)","Before submission, proactively",
71,"Amelia","Teaching for Large-Scale Reproducibility Verification","10.1080/26939169.2022.2074582","2026/07/24 07:58:22","Yes. Paper explicitly targets one or more named disciplines","Economics","Educational/training resource","Technical tool/workflow paper","No",,"Yes. The paper explicitly notes that reproducibility looks different and is practiced differently depending on context.","Data type, Data or material license","Yes. The paper actively describes, introduces, or recommends at least one concrete workflow, checklist, or tool.","Step-by-step (explicit)","Version control, Package/dependency management","Stata, Matlab","Administrative/register data, Proprietary/confidential data","Partial automation. Some steps are automated and some require human judgment.","No. Automation is present but does not involve LLMs.","No","Data editors, Third-party/independent reproducers/replicators","After acceptance, before publication",
72,"Amelia","Care to share? Experimental evidence on code sharing behavior in the social sciences","10.1371/journal.pone.0289380","2026/07/16 11:55:56","Yes. Paper explicitly targets one or more named disciplines","Sociology, General social science","User study (e.g., survey, interview, focus group discussion -- with computational reproducibility as the main topic)",,"No",,"No. The paper treats reproducibility as context-independent or does not address variation.",,"No. The paper discusses reproducibility in general but does NOT describe a specific workflow or tool.",,,,,,,"No","Not described","Not described",
73,"Amelia","A backend platform for supporting the reproducibility of computational experiments","10.48550/arxiv.2308.00703","2026/07/13 20:17:15","No. Paper is general with no named target discipline.",,"Technical tool/workflow paper","User study (e.g., survey, interview, focus group discussion -- with computational reproducibility as the main topic)","Yes","Reproducibility is the ability to replicate the results of a study using the original methods, materials, and data (p. 1)","No. The paper treats reproducibility as context-independent or does not address variation.",,"Yes. The paper actively describes, introduces, or recommends at least one concrete workflow, checklist, or tool.","Step-by-step (explicit)","Containerization (e.g., Docker, Singularity, CodeOcean, Binder, WholeTale, etc.)","Not described","Not described","Partial automation. Some steps are automated and some require human judgment.","No. Automation is present but does not involve LLMs.","No","Authors (self-check)","Before submission, proactively",
74,"Amelia","Reproducibility as a service","10.1002/spe.3202","2026/07/24 09:26:00","No. Paper is general with no named target discipline.",,"Technical tool/workflow paper","Empirical audit/assessment","No",,"Yes. The paper explicitly notes that reproducibility looks different and is practiced differently depending on context.","Programming language or software","Yes. The paper actively describes, introduces, or recommends at least one concrete workflow, checklist, or tool.","Step-by-step (explicit)","Containerization (e.g., Docker, Singularity, CodeOcean, Binder, WholeTale, etc.), Package/dependency management","R","Not described","Partial automation. Some steps are automated and some require human judgment.","No. Automation is present but does not involve LLMs.","No","Authors (self-check), Data editors","Before submission, proactively, After acceptance, before publication",
75,"Amelia","Reinforcing reproducibility and replicability: an introduction","10.1162/99608f92.9ba2bd43","2026/07/24 07:14:44","Yes. Paper explicitly targets one or more named disciplines","Economics","Guidelines/policy paper",,"No",,"Yes. The paper explicitly notes that reproducibility looks different and is practiced differently depending on context.","Data or material license","No. The paper discusses reproducibility in general but does NOT describe a specific workflow or tool.",,,,,,,"No","Authors (self-check), Data editors, Third-party/independent reproducers/replicators","Before submission, proactively, After publication",
76,"Amelia","Making provenance work for you","10.32614/rj-2023-003","2026/07/16 13:24:56","No. Paper is general with no named target discipline.",,"Technical tool/workflow paper","Educational/training resource","No",,"No. The paper treats reproducibility as context-independent or does not address variation.",,"Yes. The paper actively describes, introduces, or recommends at least one concrete workflow, checklist, or tool.","Narrative (implicit)","Not described","R","Not described","Partial automation. Some steps are automated and some require human judgment.","No. Automation is present but does not involve LLMs.","No","Not described","Not described",
77,"Amelia","Report of the AEA data editor","10.1257/pandp.113.850","2026/07/23 22:12:16","Yes. Paper explicitly targets one or more named disciplines","Economics","Empirical audit/assessment","Guidelines/policy paper","No",,"No. The paper treats reproducibility as context-independent or does not address variation.",,"Yes. The paper actively describes, introduces, or recommends at least one concrete workflow, checklist, or tool.","Narrative (implicit)","Containerization (e.g., Docker, Singularity, CodeOcean, Binder, WholeTale, etc.), Package/dependency management","R, Python, Stata, Julia","Proprietary/confidential data","Manual only. The workflow is entirely manual.","Not applicable. E1e = Manual only or Not described.","No","Data editors, Third-party/independent reproducers/replicators","After acceptance, before publication, After publication",
78,"Amelia","CRRESS - session 4 - reproducibility and confidential data","10.31222/osf.io/vsj8u","2026/07/24 06:10:07","Yes. Paper explicitly targets one or more named disciplines","Economics","Guidelines/policy paper",,"Yes","Reproducibility: ""This package (data, code, tables, figures) and the results presented in the paper (tables, figures) are consistent."" (Slide 10, ""An alternative view on 'reproducibility and replication'"")","Yes. The paper explicitly notes that reproducibility looks different and is practiced differently depending on context.","Data or material license","Yes. The paper actively describes, introduces, or recommends at least one concrete workflow, checklist, or tool.","Step-by-step (explicit)","Not described",,"Administrative/register data, Proprietary/confidential data","Manual only. The workflow is entirely manual.","Not applicable. E1e = Manual only or Not described.","No","Data editors, Third-party/independent reproducers/replicators","Not described",
79,"Amelia","A review of containerization for interactive and reproducible analysis","10.52933/jdssv.v3i1.53","2026/07/16 10:23:41","No. Paper is general with no named target discipline.",,"Technical tool/workflow paper",,"No",,"No. The paper treats reproducibility as context-independent or does not address variation.",,"Yes. The paper actively describes, introduces, or recommends at least one concrete workflow, checklist, or tool.","Step-by-step (explicit)","Literate programming/dynamic documents, Containerization (e.g., Docker, Singularity, CodeOcean, Binder, WholeTale, etc.), Version control, Package/dependency management","R, Python","Not described","Not described","Not applicable. E1e = Manual only or Not described.","No","Authors (self-check), Peer reviewers","Not described",
80,"Amelia","Replication of the morning after: report from the nottingham replication games","10.31235/osf.io/a2d5p","2026/07/20 20:25:57","Yes. Paper explicitly targets one or more named disciplines","Political Science","Replication/reproduction attempt",,"No",,"No. The paper treats reproducibility as context-independent or does not address variation.",,"Yes. The paper actively describes, introduces, or recommends at least one concrete workflow, checklist, or tool.","Narrative (implicit)","Not described","R, Stata","Not described","Manual only. The workflow is entirely manual.","Not applicable. E1e = Manual only or Not described.","No","Data editors, Third-party/independent reproducers/replicators","After publication",
81,"Amelia","statacons: An SCons-based build tool for Stata","10.1177/1536867x231162032","2026/07/14 21:20:58","No. Paper is general with no named target discipline.",,"Technical tool/workflow paper",,"No",,"No. The paper treats reproducibility as context-independent or does not address variation.",,"Yes. The paper actively describes, introduces, or recommends at least one concrete workflow, checklist, or tool.","Step-by-step (explicit)","Literate programming/dynamic documents, Version control","Python, Stata","Not described","Partial automation. Some steps are automated and some require human judgment.","No. Automation is present but does not involve LLMs.","No","Not described","Not described",
82,"Amelia","Supporting reproducible research","https://arcabc.ca/islandora/object/tru%3a6265","2026/07/15 19:18:45","No. Paper is general with no named target discipline.",,"Educational/training resource",,"Yes","Reproducibility: ""is the ability to take the original methods and data and get the same results."" (p.171)

""Computational reproducibility: ""which is the ability to rerun a pipeline using the original computational environment and dependencies, facilitated through the use of research compedia"" (p.178)","Yes. The paper explicitly notes that reproducibility looks different and is practiced differently depending on context.","Scientific discipline, Study design, Data type","Yes. The paper actively describes, introduces, or recommends at least one concrete workflow, checklist, or tool.","Narrative (implicit)","Literate programming/dynamic documents, Containerization (e.g., Docker, Singularity, CodeOcean, Binder, WholeTale, etc.), Version control, Package/dependency management","R, Python, Julia","Text/NLP, Proprietary/confidential data","Partial automation. Some steps are automated and some require human judgment.","No. Automation is present but does not involve LLMs.","No","Authors (self-check), Peer reviewers, Third-party/independent reproducers/replicators","Before submission, proactively, After publication",
83,"Amelia","Reproducibility and transparency versus privacy and confidentiality: Reflections from a data editor","10.1016/j.jeconom.2023.05.001","2026/07/24 06:22:58","Yes. Paper explicitly targets one or more named disciplines","Economics","Guidelines/policy paper","Empirical audit/assessment","Yes","Reproducibility: ""refers to the ability of a researcher to duplicate the results of a prior study using the same materials and procedures as were used by the original investigator.""","Yes. The paper explicitly notes that reproducibility looks different and is practiced differently depending on context.","Scientific discipline, Data type, Data or material license","Yes. The paper actively describes, introduces, or recommends at least one concrete workflow, checklist, or tool.","Step-by-step (explicit)","Not described","Not described","Administrative/register data, Proprietary/confidential data","Manual only. The workflow is entirely manual.","Not applicable. E1e = Manual only or Not described.","No","Data editors, Third-party/independent reproducers/replicators","After acceptance, before publication",
84,"Amelia","Replications in agricultural economics","10.1002/aepp.13386","2026/07/14 14:40:06","Yes. Paper explicitly targets one or more named disciplines","Economics","Guidelines/policy paper",,"Yes","Repeatability: ""Repeatability is examined by using the same data or new data from the same population and exactly the same methodology in a very broad sense as described above. Very small deviations in the results, for example, due to different numerical inaccuracies on different computers, different software, or random differences between the original sample and the new sample of the same population, can be tolerated but the main conclusions need to remain unchanged and differences in estimated magnitudes need to be negligible for those who use these estimated magnitudes."" (p. 1261)","Yes. The paper explicitly notes that reproducibility looks different and is practiced differently depending on context.","Data or material license, Programming language or software","Yes. The paper actively describes, introduces, or recommends at least one concrete workflow, checklist, or tool.","Narrative (implicit)","Not described","Not described","Proprietary/confidential data","Not described","Not applicable. E1e = Manual only or Not described.","No","Data editors, Peer reviewers, Third-party/independent reproducers/replicators","After publication",
85,"Amelia","The Role of Third-Party Verification in Research Reproducibility","10.1162/99608f92.6d4bf9eb","2026/07/21 14:12:09","Yes. Paper explicitly targets one or more named disciplines","Economics, Management/Business, Finance","Technical tool/workflow paper","Guidelines/policy paper","Yes","Reproducibility: ""..an empirical result is deemed reproducible if it can be recreated by running the original code of the authors on the original data"" (p.2)","No. The paper treats reproducibility as context-independent or does not address variation.",,"Yes. The paper actively describes, introduces, or recommends at least one concrete workflow, checklist, or tool.","Narrative (implicit)","Not described","Not described","Administrative/register data, Proprietary/confidential data","Manual only. The workflow is entirely manual.","Not applicable. E1e = Manual only or Not described.","Yes","Data editors, Third-party/independent reproducers/replicators","Before submission, proactively, After acceptance, before publication",
86,"Amelia","What makes computational communication science (ir)reproducible?","10.5117/ccr2024.1.5.chan","2026/07/13 19:49:30","Yes. Paper explicitly targets one or more named disciplines","Communication science","Empirical audit/assessment","Technical tool/workflow paper","Yes","Reproducibility: ""one must perform the same analysis on the same dataset, i.e. execute the code with the data, and check whether the same answer can be obtained consistently.""","No. The paper treats reproducibility as context-independent or does not address variation.",,"Yes. The paper actively describes, introduces, or recommends at least one concrete workflow, checklist, or tool.","Step-by-step (explicit)","Containerization (e.g., Docker, Singularity, CodeOcean, Binder, WholeTale, etc.), Package/dependency management","Not described","Survey/experimental, Not described","Partial automation. Some steps are automated and some require human judgment.","No. Automation is present but does not involve LLMs.","No","Third-party/independent reproducers/replicators","After publication",
87,"Amelia","Measuring transparency in the social sciences: political science and international relations","10.1098/rsos.240313","2026/07/22 11:48:09","Yes. Paper explicitly targets one or more named disciplines","Political Science, International relation","Empirical audit/assessment",,"Yes","computational reproducibility: ""..making available the data and code of a paper’s results, for others to reproduce them."" (p. 2)","Yes. The paper explicitly notes that reproducibility looks different and is practiced differently depending on context.","Scientific discipline","No. The paper discusses reproducibility in general but does NOT describe a specific workflow or tool.",,,,,,,"No","Data editors, Peer reviewers","Not described",
88,"Amelia","Reproducibility in Management Science","10.1287/mnsc.2023.03556","2026/07/14 20:08:56","Yes. Paper explicitly targets one or more named disciplines","Management/Business","Empirical audit/assessment",,"Yes","Computational reproducibility: is defined as the extent to which results in studies can be reproduced based on the same data and analysis as the original study. (p. 1344)","Yes. The paper explicitly notes that reproducibility looks different and is practiced differently depending on context.","Study design, Data type, Data or material license","No. The paper discusses reproducibility in general but does NOT describe a specific workflow or tool.",,,,,,,"No","Third-party/independent reproducers/replicators","After publication",
89,"Amelia","Computational reproducibility in computational social science","10.1140/epjds/s13688-024-00514-w","2026/07/22 11:31:34","Yes. Paper explicitly targets one or more named disciplines","Communication science","Guidelines/policy paper","Technical tool/workflow paper","Yes","Reproducibility: ""..you can take the original data and the computer code used to analyze the data and reproduce the numerical findings from the study.” (p. 2)

""A result is reproducible when the same analysis steps performed on the same dataset consistently produce the same answer. This reproducibility of the result can be checked by the original investigators and other researchers with the nonrestrictive reproducible materials."" (p. 3)","Yes. The paper explicitly notes that reproducibility looks different and is practiced differently depending on context.","Data or material license, Programming language or software","Yes. The paper actively describes, introduces, or recommends at least one concrete workflow, checklist, or tool.","Step-by-step (explicit)","Literate programming/dynamic documents, Containerization (e.g., Docker, Singularity, CodeOcean, Binder, WholeTale, etc.)","R, Python","Digital trace data","Partial automation. Some steps are automated and some require human judgment.","No. Automation is present but does not involve LLMs.","Yes","Authors (self-check), Data editors, Third-party/independent reproducers/replicators","After acceptance, before publication",
90,"Amelia","A guide for social science journal editors on easing into open science","10.1186/s41073-023-00141-5","2026/07/22 22:39:07","Yes. Paper explicitly targets one or more named disciplines","General social science","Guidelines/policy paper",,"No",,"No. The paper treats reproducibility as context-independent or does not address variation.",,"No. The paper discusses reproducibility in general but does NOT describe a specific workflow or tool.",,,,,,,"No","Not described","Not described",
91,"Amelia","CORE-bench: fostering the credibility of published research through a computational reproducibility agent benchmark","10.48550/arxiv.2409.11363","2026/07/22 22:29:36","Yes. Paper explicitly targets one or more named disciplines","General social science","Technical tool/workflow paper","Empirical audit/assessment","Yes","Computational reproducibility: ""..the ability to reproduce the results of a scientific study using the data and code provided by its authors"" (p. 2)","Yes. The paper explicitly notes that reproducibility looks different and is practiced differently depending on context.","Scientific discipline, Programming language or software","Yes. The paper actively describes, introduces, or recommends at least one concrete workflow, checklist, or tool.","Step-by-step (explicit)","Containerization (e.g., Docker, Singularity, CodeOcean, Binder, WholeTale, etc.), Package/dependency management","R, Python","Not described","Full automation. The entire proposed workflow is automated with no required manual steps.","Yes. The paper explicitly mentions LLMs (e.g., GPT, Claude, Llama) as part of the workflow.","No","AI Agents","After publication",
92,"Amelia","Audio-as-data tools: replicating computational data processing","10.17645/mac.7851","2026/07/16 20:14:38","Yes. Paper explicitly targets one or more named disciplines","Communication science","Technical tool/workflow paper",,"Yes","Reproduced processing: ""using the same data and the same methods to produce the same data outcomes, despite using different software to conduct the methods."" (p.4)","Yes. The paper explicitly notes that reproducibility looks different and is practiced differently depending on context.","Programming language or software","Yes. The paper actively describes, introduces, or recommends at least one concrete workflow, checklist, or tool.","Narrative (implicit)","Not described","R, Python","Audio data","Full automation. The entire proposed workflow is automated with no required manual steps.","No. Automation is present but does not involve LLMs.","No","Authors (self-check)","Not described",
93,"Amelia","Unintended code errors and computational reproducibility","10.31222/osf.io/rv6xd","2026/07/20 20:32:52","Yes. Paper explicitly targets one or more named disciplines","General social science","Empirical audit/assessment",,"No",,"No. The paper treats reproducibility as context-independent or does not address variation.",,"Yes. The paper actively describes, introduces, or recommends at least one concrete workflow, checklist, or tool.","Step-by-step (explicit)","Not described","R","Not described","Manual only. The workflow is entirely manual.","Not applicable. E1e = Manual only or Not described.","No","Data editors","After publication",
94,"Amelia","Navigating the landscape of reproducible research: a predictive modeling approach","10.1145/3627673.3679831","2026/06/16 08:19:22","No. Paper is general with no named target discipline.",,"Technical tool/workflow paper",,"No",,"No. The paper treats reproducibility as context-independent or does not address variation.",,"Yes. The paper actively describes, introduces, or recommends at least one concrete workflow, checklist, or tool.","Narrative (implicit)","Not described","Not described","Not described","Partial automation. Some steps are automated and some require human judgment.","No. Automation is present but does not involve LLMs.","Yes","Authors (self-check), Third-party/independent reproducers/replicators","Not described",
95,"Amelia","Computational reproducibility in finance: evidence from 1,000 tests","10.1093/rfs/hhae029","2026/07/21 20:09:08","Yes. Paper explicitly targets one or more named disciplines","Finance","Empirical audit/assessment","Guidelines/policy paper","Yes","Reproduction: ""...consists of an attempt to regenerate a result in the same sample applying the same method"" (p. 3560)

Reproduction: ""..is to verify whether the result obtained by running the original code on the original data equals the original result"" (p. 3560)","Yes. The paper explicitly notes that reproducibility looks different and is practiced differently depending on context.","Programming language or software","Yes. The paper actively describes, introduces, or recommends at least one concrete workflow, checklist, or tool.","Step-by-step (explicit)","Not described","R, Python, Stata, Julia, SAS, Matlab","Trading data","Partial automation. Some steps are automated and some require human judgment.","No. Automation is present but does not involve LLMs.","Yes","Data editors, Third-party/independent reproducers/replicators","Before submission, proactively, After acceptance, before publication",
96,"Amelia","Evaluating tools for enhancing reproducibility in computational scientific experiments","10.1145/3641525.3663623","2026/07/14 09:21:25","No. Paper is general with no named target discipline.",,"Technical tool/workflow paper",,"No",,"No. The paper treats reproducibility as context-independent or does not address variation.",,"No. The paper discusses reproducibility in general but does NOT describe a specific workflow or tool.",,,,,,,"No","Third-party/independent reproducers/replicators","After publication",
97,"Amelia","Why and how we share reproducible research at yale university’s institution for social and policy studies","10.1162/99608f92.dca148ba","2026/07/20 20:53:27","Yes. Paper explicitly targets one or more named disciplines","Political Science, General social science","Guidelines/policy paper","Technical tool/workflow paper","Yes","Computational reproducibility: ""a computational reproducibility check to verify that the code executes and to compare the code output with the numerical results reported in the manuscript"" (p.4)","Yes. The paper explicitly notes that reproducibility looks different and is practiced differently depending on context.","Data or material license","Yes. The paper actively describes, introduces, or recommends at least one concrete workflow, checklist, or tool.","Narrative (implicit)","Not described","Not described","Survey/experimental, Proprietary/confidential data","Not described","Not applicable. E1e = Manual only or Not described.","No","Third-party/independent reproducers/replicators","Before submission, proactively, After acceptance, before publication, After publication",
98,"Amelia","Mass reproducibility and replicability: a new hope","10.2139/ssrn.4790780","2026/06/21 21:07:35","Yes. Paper explicitly targets one or more named disciplines","Economics, Political Science","Empirical audit/assessment",,"Yes","Reproducibility, as delineated by Dreber and Johannesson (2023), is the examination of whether  the results and conclusions of original studies can be duplicated using the original studies’ data, while replicability is defined as using data other than what was used in the original studies (p. 9).
Computational reproducibility  gauges the extent to which results in original studies can be reproduced using both the data and code from those studies (p. 9). 
Recreate reproducibility assesses the extent to which results can be reproduced using the information in the original studies without access to the processed data set and/or the analysis code (p. 9).","Yes. The paper explicitly notes that reproducibility looks different and is practiced differently depending on context.","Scientific discipline, Differences across journals' policy","Yes. The paper actively describes, introduces, or recommends at least one concrete workflow, checklist, or tool.","Step-by-step (explicit)","Not described","Not described","Not described","Manual only. The workflow is entirely manual.","Not applicable. E1e = Manual only or Not described.","No","Third-party/independent reproducers/replicators","After publication",
99,"Amelia","Introducing reproducible research standards at the world bank","10.1162/99608f92.21328ce3","2026/07/16 10:49:39","Yes. Paper explicitly targets one or more named disciplines","Economics","Guidelines/policy paper","Educational/training resource","Yes","Reproducibility: """"Research consumers... should be able to examine and recreate research results easily. This requires documented data sources, clearly written analytical scripts, and validation that all results in published outputs can be reproduced by a third party."" (p.2)","Yes. The paper explicitly notes that reproducibility looks different and is practiced differently depending on context.","Data or material license, Programming language or software","Yes. The paper actively describes, introduces, or recommends at least one concrete workflow, checklist, or tool.","Narrative (implicit)","Not described","Stata","Proprietary/confidential data","Manual only. The workflow is entirely manual.","Not applicable. E1e = Manual only or Not described.","Yes","Third-party but internal team (WB)","After acceptance, before publication",
100,"Amelia","Computational and robustness reproducibility of ""UN peacekeeping and democratization in conflict-affected countries""","10.31235/osf.io/7k2vz","2026/07/20 20:12:28","Yes. Paper explicitly targets one or more named disciplines","Political Science","Replication/reproduction attempt",,"No",,"No. The paper treats reproducibility as context-independent or does not address variation.",,"Yes. The paper actively describes, introduces, or recommends at least one concrete workflow, checklist, or tool.","Step-by-step (explicit)","Not described","R, Stata","Not described","Manual only. The workflow is entirely manual.","Not applicable. E1e = Manual only or Not described.","No","Third-party/independent reproducers/replicators","After publication",
101,"Amelia","Replicability of simulation studies for the investigation of statistical methods: the RepliSims project","10.1098/rsos.231003","2026/07/16 19:58:22","No. Paper is general with no named target discipline.",,"Replication/reproduction attempt","Empirical audit/assessment","Yes","Reproducibility: ""...is defined as generating the exact same results using the exact same data and the exact same analysis"" (p.2)","No. The paper treats reproducibility as context-independent or does not address variation.",,"No. The paper discusses reproducibility in general but does NOT describe a specific workflow or tool.",,,,,,,"No","Third-party/independent reproducers/replicators","After publication",
102,"Amelia","In-Class Data Analysis Replications: Teaching Students While Testing Science","10.1162/99608f92.f9720d1f","2026/07/14 21:11:30","No. Paper is general with no named target discipline.",,"Educational/training resource","User study (e.g., survey, interview, focus group discussion -- with computational reproducibility as the main topic)","Yes","Reproducibility: ""different analysts using their independently written data analysis code to reproduce the original estimates and claims, using the same data and the same analysis plan. Such data analysis replication corresponds to a computational reproduction based on the original data, but without the original code."" (p. 3)","No. The paper treats reproducibility as context-independent or does not address variation.",,"Yes. The paper actively describes, introduces, or recommends at least one concrete workflow, checklist, or tool.","Step-by-step (explicit)","Literate programming/dynamic documents","Python","Digital trace data, Text/NLP","Manual only. The workflow is entirely manual.","Not applicable. E1e = Manual only or Not described.","No","Third-party/independent reproducers/replicators","After publication",
103,"Amelia","The Challenges of Replicating Volatile Platform-Data Studies: Replicating Schatto-Eckrodt et al. (2020)","10.17645/mac.7789","2026/07/16 11:44:14","Yes. Paper explicitly targets one or more named disciplines","Communication science","Replication/reproduction attempt",,"Yes","Reproduction: ""denotes researchers' capacity to re‑execute or re‑implement the same computational analyses and yield results that are quantitatively identical"" (p. 3)","Yes. The paper explicitly notes that reproducibility looks different and is practiced differently depending on context.","Data or material license","No. The paper discusses reproducibility in general but does NOT describe a specific workflow or tool.",,,,,,,"No","Authors (self-check), Third-party/independent reproducers/replicators","After publication",
104,"Amelia","Reproduce to validate: a comprehensive study on the reproducibility of economics research","10.1111/caje.12728","2026/07/15 19:27:43","Yes. Paper explicitly targets one or more named disciplines","Economics","Empirical audit/assessment",,"No",,"No. The paper treats reproducibility as context-independent or does not address variation.",,"Yes. The paper actively describes, introduces, or recommends at least one concrete workflow, checklist, or tool.","Narrative (implicit)",,"R, Stata, Matlab, SAS, SPSS, Excel","Proprietary/confidential data","Manual only. The workflow is entirely manual.","Not applicable. E1e = Manual only or Not described.","No","Data editors, Third-party/independent reproducers/replicators","After acceptance, before publication, After publication",
105,"Amelia","Promoting reproducibility and replicability in political science","10.1177/20531680241233439","2026/06/21 20:50:52","Yes. Paper explicitly targets one or more named disciplines","Political Science","Empirical audit/assessment","Guidelines/policy paper","Yes","Reproducibility here is defined as testing if results and conclusions of original studies can be reproduced using the original studies’ data (p. 1)

Computational reproducibility tests the extent to which results in original studies can be reproduced using the data and code from the original studies (p. 2). 

Recreate reproducibility tests to what extent results in original studies can be reproduced using the information in the original studies without access to the processed data set and/or the analysis code (p. 3)","Yes. The paper explicitly notes that reproducibility looks different and is practiced differently depending on context.","Study design","No. The paper discusses reproducibility in general but does NOT describe a specific workflow or tool.",,,,,,,"No","Data editors, Third-party/independent reproducers/replicators","After acceptance, before publication, After publication",
106,"Amelia","The data availability policies of political science journals","10.31235/osf.io/df2ya","2026/07/21 20:52:43","Yes. Paper explicitly targets one or more named disciplines","Political Science","Empirical audit/assessment","Guidelines/policy paper","No",,"No. The paper treats reproducibility as context-independent or does not address variation.",,"No. The paper discusses reproducibility in general but does NOT describe a specific workflow or tool.",,,,,,,"No","Not described","Not described",
107,"Amelia","Teaching constructive replications in the behavioral and social sciences using quantitative data","10.1177/00986283231219503","2026/06/16 13:38:21","Yes. Paper explicitly targets one or more named disciplines","General social science","Educational/training resource",,"Yes","Analytical replication: Attempting to computationally reproduce previous findings using the same numerical data, known as analytical replication (p. 117)","No. The paper treats reproducibility as context-independent or does not address variation.",,"Yes. The paper actively describes, introduces, or recommends at least one concrete workflow, checklist, or tool.","Step-by-step (explicit)","Not described","R","Not described","Manual only. The workflow is entirely manual.","No. Automation is present but does not involve LLMs.","No","Third-party/independent reproducers/replicators","After publication",
108,"Amelia","Checklists for computational reproducibility in social sciences: insights from literature and survey evaluation","10.1145/3736731.3746161","2026/07/17 11:08:39","Yes. Paper explicitly targets one or more named disciplines","General social science","Meta-studies (e.g., scoping review, systematic review, meta-analysis)","User study (e.g., survey, interview, focus group discussion -- with computational reproducibility as the main topic)","Yes","Reproducibility: ""the ability of independent investigators to achieve the same outcome from an experiment by following the documentation provided by the original authors"" (p. 180)","Yes. The paper explicitly notes that reproducibility looks different and is practiced differently depending on context.","Scientific discipline, Data type","Yes. The paper actively describes, introduces, or recommends at least one concrete workflow, checklist, or tool.","Step-by-step (explicit)","Literate programming/dynamic documents, Containerization (e.g., Docker, Singularity, CodeOcean, Binder, WholeTale, etc.), Version control, Package/dependency management","Not described","Digital trace data, Proprietary/confidential data","Manual only. The workflow is entirely manual.","Not applicable. E1e = Manual only or Not described.","No","Authors (self-check), Portal moderation/journal-like review","Before submission, proactively",
109,"Amelia","A protocol for structured robustness reproductions and replicability assessments","10.2139/ssrn.5135862","2026/06/16 10:48:33","Yes. Paper explicitly targets one or more named disciplines","Economics","Guidelines/policy paper",,"Yes","Computational reproducibility refers to the ability to reproduce the results of a study using the original data and code, following the exact analytical procedures. (p. 3)","No. The paper treats reproducibility as context-independent or does not address variation.",,"Yes. The paper actively describes, introduces, or recommends at least one concrete workflow, checklist, or tool.","Step-by-step (explicit)","Not described","Not described","Not described","Manual only. The workflow is entirely manual.","Not applicable. E1e = Manual only or Not described.","No","Third-party/independent reproducers/replicators","After publication",
110,"Amelia","Data and code availability in political science publications from 1995 to 2022","10.1017/s1049096524001276","2026/07/21 21:10:06","Yes. Paper explicitly targets one or more named disciplines","Political Science","Empirical audit/assessment",,"Yes","Reproducibility: ""..refers narrowly to computational reproducibility—that other researchers can use the same data (and perhaps even the same code) to obtain the same results."" (p. 340)","No. The paper treats reproducibility as context-independent or does not address variation.",,"No. The paper discusses reproducibility in general but does NOT describe a specific workflow or tool.",,,,,,,"No","Data editors","After acceptance, before publication",
111,"Amelia","Replication code availability over time and across fields: evidence from the german socio-economic panel","10.1111/ecin.13267","2026/07/14 14:52:54","Yes. Paper explicitly targets one or more named disciplines","Economics","Empirical audit/assessment","Replication/reproduction attempt","Yes","Computational reproducibility: ""A study is computationally reproducible, when other researchers, using the same data and code, get the same results as the original study (Pérignon et al., 2023). Hence, computational reproducibility depends on two crucial ingredients: the availability of data and the availability of code, that is, computer instructions in statistical software such as Stata, R, or Matlab."" (p. 357)","Yes. The paper explicitly notes that reproducibility looks different and is practiced differently depending on context.","Scientific discipline, Data or material license","No. The paper discusses reproducibility in general but does NOT describe a specific workflow or tool.",,,,,,,"No","Not described","After publication",
112,"Amelia","REPRO-bench: can agentic AI systems assess the reproducibility of social science research?","10.18653/v1/2025.findings-acl.1210","2026/07/16 10:12:13","Yes. Paper explicitly targets one or more named disciplines","General social science","Technical tool/workflow paper",,"Yes","Reproducibility: ""refers to the ability to obtain consistent results using the same data and methods as the original study."" (p.23617)","No. The paper treats reproducibility as context-independent or does not address variation.",,"Yes. The paper actively describes, introduces, or recommends at least one concrete workflow, checklist, or tool.","Step-by-step (explicit)","Package/dependency management","R, Python, Stata, Julia, MATLAB","Not described","Full automation. The entire proposed workflow is automated with no required manual steps.","Yes. The paper explicitly mentions LLMs (e.g., GPT, Claude, Llama) as part of the workflow.","Yes","Third-party/independent reproducers/replicators, AI Agents","After publication",
113,"Amelia","Let’s talk about it: making scientific computational reproducibility easier","10.1109/vl-hcc65237.2025.00015","2026/07/14 11:03:40","No. Paper is general with no named target discipline.",,"Empirical audit of different containers","User study (e.g., survey, interview, focus group discussion -- with computational reproducibility as the main topic)","Yes","Reproducibility: “obtaining consistent results using the same input data; computational steps, methods, and code; and conditions of analysis” (p. 1)","No. The paper treats reproducibility as context-independent or does not address variation.",,"Yes. The paper actively describes, introduces, or recommends at least one concrete workflow, checklist, or tool.","Step-by-step (explicit)","Containerization (e.g., Docker, Singularity, CodeOcean, Binder, WholeTale, etc.), Package/dependency management","Not described","Not described","Full automation. The entire proposed workflow is automated with no required manual steps.","Yes. The paper explicitly mentions LLMs (e.g., GPT, Claude, Llama) as part of the workflow.","No","Not described","Not described",
114,"Amelia","SciConv: a conversational tool for reproducibility","10.1109/vl-hcc65237.2025.00071","2026/07/14 11:52:05","No. Paper is general with no named target discipline.",,"Technical tool/workflow paper",,"No",,"No. The paper treats reproducibility as context-independent or does not address variation.",,"Yes. The paper actively describes, introduces, or recommends at least one concrete workflow, checklist, or tool.","Narrative (implicit)","Containerization (e.g., Docker, Singularity, CodeOcean, Binder, WholeTale, etc.)","Not described","Not described","Full automation. The entire proposed workflow is automated with no required manual steps.","Yes. The paper explicitly mentions LLMs (e.g., GPT, Claude, Llama) as part of the workflow.","No","Not described","Not described",
115,"Amelia","Similarity-based assessment of computational reproducibility in jupyter notebooks","10.1145/3736731.3746159","2026/06/15 13:10:08","No. Paper is general with no named target discipline.",,"Technical tool/workflow paper",,"Yes","Computational reproducibility refers to obtaining consistent results when rerunning an experiment (Abstract).","Yes. The paper explicitly notes that reproducibility looks different and is practiced differently depending on context.","Data type","Yes. The paper actively describes, introduces, or recommends at least one concrete workflow, checklist, or tool.","Step-by-step (explicit)","Literate programming/dynamic documents","Python","Not described","Full automation. The entire proposed workflow is automated with no required manual steps.","No. Automation is present but does not involve LLMs.","Yes","Not described","Not described",
116,"Amelia","AutoReproduce: automatic AI experiment reproduction with paper lineage","10.48550/arxiv.2505.20662","2026/07/24 09:52:33","No. Paper is general with no named target discipline.",,"Technical tool/workflow paper",,"Yes","Automated experiment reproduction: ""...the task of building LLM agents that generate executable code to reproduce methods and experiments according to the descriptions"" (p.3)","No. The paper treats reproducibility as context-independent or does not address variation.",,"Yes. The paper actively describes, introduces, or recommends at least one concrete workflow, checklist, or tool.","Step-by-step (explicit)","Not described","Python","Not described","Full automation. The entire proposed workflow is automated with no required manual steps.","Yes. The paper explicitly mentions LLMs (e.g., GPT, Claude, Llama) as part of the workflow.","Yes","AI Agents","Not described",
117,"Amelia","Computational reproducibility of R code supplements on OSF","10.36190/2025.49","2026/07/21 22:27:20","Yes. Paper explicitly targets one or more named disciplines","General social science","Empirical audit/assessment","Technical tool/workflow paper","No",,"Yes. The paper explicitly notes that reproducibility looks different and is practiced differently depending on context.","Programming language or software","Yes. The paper actively describes, introduces, or recommends at least one concrete workflow, checklist, or tool.","Step-by-step (explicit)","Containerization (e.g., Docker, Singularity, CodeOcean, Binder, WholeTale, etc.), Version control, Package/dependency management","R","Not described","Full automation. The entire proposed workflow is automated with no required manual steps.","No. Automation is present but does not involve LLMs.","No","Third-party/independent reproducers/replicators","After publication",
118,"Amelia","Tooling for reproducible research: considerations for the past and future of data analysis","10.17713/ajs.v54i3.2052","2026/07/21 14:02:08","No. Paper is general with no named target discipline.",,"Technical tool/workflow paper","Opinion","Yes","Reproducibility: ""...the concept of reproducibility involved communicating the computational details of an analysis to colleagues, collaborators, students, funders, the public, and oneself"" (p. 1–2, Introduction). 

Computational reproducibility: ""..whereby the code and data used to conduct a data analysis can be executed together to reproduce an original published result (usually exactly). "" (p. 2)","No. The paper treats reproducibility as context-independent or does not address variation.",,"Yes. The paper actively describes, introduces, or recommends at least one concrete workflow, checklist, or tool.","Narrative (implicit)","Literate programming/dynamic documents","R, SAS","Not described","Not described","Not applicable. E1e = Manual only or Not described.","No","Not described","Not described",
119,"Amelia","“Works on my machine”: a case study of replicability challenges inComputational humanities research","10.63744/iaqeoznkfkuz","2026/07/16 10:33:44","Yes. Paper explicitly targets one or more named disciplines","Computational Humanities","Empirical audit/assessment",,"Yes","Replication: ""the case where all of these [research question, dataset, method] are (virtually) identical to the original study is termed replication, and the degree to which this can be achieved replicability"" (p.143)","No. The paper treats reproducibility as context-independent or does not address variation.",,"No. The paper discusses reproducibility in general but does NOT describe a specific workflow or tool.",,,,,,,"No","Not described","Not described",
120,"Amelia","Reproducibility spectrum for applied social sciences: conceptual taxonomy and recommended tools","10.5281/zenodo.17830903","2026/07/21 21:24:06","Yes. Paper explicitly targets one or more named disciplines","General social science","Technical tool/workflow paper","Educational/training resource","No",,"No. The paper treats reproducibility as context-independent or does not address variation.",,"Yes. The paper actively describes, introduces, or recommends at least one concrete workflow, checklist, or tool.","Step-by-step (explicit)","Literate programming/dynamic documents, Containerization (e.g., Docker, Singularity, CodeOcean, Binder, WholeTale, etc.), Version control, Package/dependency management","R, Python","Not described","Partial automation. Some steps are automated and some require human judgment.","No. Automation is present but does not involve LLMs.","Yes","Not described","Not described",
121,"Amelia","Statistical perspectives on reproducibility: definitions and challenges","10.1007/s42519-025-00459-x","2026/07/22 22:45:22","No. Paper is general with no named target discipline.",,"Meta-studies (e.g., scoping review, systematic review, meta-analysis)",,"Yes","Reproducibility Type A: ""...is the ability to follow the analysis of an experiment based on the same data and a clear description of the data and the method. Stronger version of Reproducibility Type A: Experimental conclusions are reproduced if another researcher applied the same analysis to the same data and reached the same conclusions, using the description of the data and the method provided by the original researcher."" (p. 4, Section 2)","Yes. The paper explicitly notes that reproducibility looks different and is practiced differently depending on context.","Scientific discipline","Yes. The paper actively describes, introduces, or recommends at least one concrete workflow, checklist, or tool.","Narrative (implicit)","Literate programming/dynamic documents","R","Not described","Not described","Not applicable. E1e = Manual only or Not described.","No","Authors (self-check), Data editors, Third-party/independent reproducers/replicators","Not described",
122,"Amelia","AIRepr: an analyst-inspector framework for evaluating reproducibility of LLMs in data science","10.18653/v1/2025.findings-emnlp.539","2026/07/24 09:33:36","No. Paper is general with no named target discipline.",,"Technical tool/workflow paper",,"Yes","Workflow reproducibility: ""...as a property of the workflow reflecting how well it supports independent generation of code that faithfully implements the original analysis it describes."" (p. 10172)","Yes. The paper explicitly notes that reproducibility looks different and is practiced differently depending on context.","Data type","Yes. The paper actively describes, introduces, or recommends at least one concrete workflow, checklist, or tool.","Step-by-step (explicit)","Not described","Python","Not described","Full automation. The entire proposed workflow is automated with no required manual steps.","Yes. The paper explicitly mentions LLMs (e.g., GPT, Claude, Llama) as part of the workflow.","Yes","AI Agents","Not described",
123,"Amelia","Why computational reproducibility matters","10.59350/vpfzy-wrr35","2026/07/15 20:16:19","No. Paper is general with no named target discipline.",,"Opinion",,"No",,"No. The paper treats reproducibility as context-independent or does not address variation.",,"Yes. The paper actively describes, introduces, or recommends at least one concrete workflow, checklist, or tool.","Narrative (implicit)","Containerization (e.g., Docker, Singularity, CodeOcean, Binder, WholeTale, etc.)","Not described","Not described","Not described","Not applicable. E1e = Manual only or Not described.","No","Not described","Not described",
124,"Amelia","Perceived problems, causes, and solutions of finance research reproducibility and replicability: a pre-registered report","10.1016/j.pacfin.2024.102564","2026/07/15 19:00:49","Yes. Paper explicitly targets one or more named disciplines","Finance","User study (e.g., survey, interview, focus group discussion -- with computational reproducibility as the main topic)",,"Yes","Reproducibility: ""we consider reproducibility to refer to the notion that a study's findings can be reproduced when it is repeated exactly, using the same underlying datasets and methods. By contrast, we consider replicability to refer to the notion that a study's findings can be replicated when its findings are confirmed in similar but not identical settings. These changes may include slight but reasonable variations of method, sample or time period."" (p. 2)","Yes. The paper explicitly notes that reproducibility looks different and is practiced differently depending on context.","Scientific discipline","No. The paper discusses reproducibility in general but does NOT describe a specific workflow or tool.",,,,,,,"No","Not described","Not described",
125,"Amelia","A report on ""corruption and Co-optation in autocracy: evidence from Russia""","https://openalex.org/w7112551898","2026/07/14 12:12:18","Yes. Paper explicitly targets one or more named disciplines","Political Science","Replication/reproduction attempt",,"No",,"No. The paper treats reproducibility as context-independent or does not address variation.",,"No. The paper discusses reproducibility in general but does NOT describe a specific workflow or tool.",,,,,,,"No","Third-party/independent reproducers/replicators","After publication",
126,"Amelia","Automated Reproducibility Testing in R Markdown","10.1525/collabra.138638","2026/06/18 13:38:35","No. Paper is general with no named target discipline.",,"Technical tool/workflow paper",,"Yes","Computational results are considered reproducible if the same computation on the same data yields the same results if performed on a different computer or on the same computer later in time (Abstract)","No. The paper treats reproducibility as context-independent or does not address variation.",,"Yes. The paper actively describes, introduces, or recommends at least one concrete workflow, checklist, or tool.","Narrative (implicit)","Literate programming/dynamic documents","R","Not described","Full automation. The entire proposed workflow is automated with no required manual steps.","No. Automation is present but does not involve LLMs.","No","Not described","Not described",
127,"Amelia","A framework for evaluating reproducibility and replicability in economics","10.1111/ecin.13244","2026/07/14 14:12:46","Yes. Paper explicitly targets one or more named disciplines","Economics","Guidelines/policy paper",,"Yes","Reproducibility: ""testing if results and conclusions of original studies can be reproduced based on the same data as used in the original studies"" (p. 340)

Computational reproducibility: ""To what extent results in original studies can be reproduced based on data and code posted or provided by the original authors"" (p. 341)

Inferential reproducibility: ""is about different researchers drawing the same conclusion from the same study and data and is not matched by any of our categories."" (p. 349)","Yes. The paper explicitly notes that reproducibility looks different and is practiced differently depending on context.","Study design, Data type","No. The paper discusses reproducibility in general but does NOT describe a specific workflow or tool.",,,,,,,"No","Data editors, Third-party/independent reproducers/replicators","After publication",
128,"Amelia","The reliability of replications: a study in computational reproductions","10.1098/rsos.241038","2026/06/18 14:50:31","Yes. Paper explicitly targets one or more named disciplines","General social science","Replication/reproduction attempt",,"Yes","the capacity for assessing the value or accuracy of scientific claims based on the original methods, data and code (p. 6)

Computational replication: Reproducibility, sometimes labelled as computational replication, or computational or analytic reproduction, means obtaining the same results as the original study using the same data and code (p. 8).","Yes. The paper explicitly notes that reproducibility looks different and is practiced differently depending on context.","Study design, Programming language or software","No. The paper discusses reproducibility in general but does NOT describe a specific workflow or tool.",,,,,,,"No","Third-party/independent reproducers/replicators","After publication",
129,"Amelia","Accelerating social science knowledge production with the coordinated open-source model","10.1007/s11135-024-02020-7","2026/07/23 20:57:24","Yes. Paper explicitly targets one or more named disciplines","General social science","Conceptual/review paper",,"No",,"No. The paper treats reproducibility as context-independent or does not address variation.",,"No. The paper discusses reproducibility in general but does NOT describe a specific workflow or tool.",,,,,,,"No","Not described","Not described",
130,"Amelia","Reproducibility in the classroom","10.1146/annurev-statistics-112723-034436","2026/07/14 13:08:55","No. Paper is general with no named target discipline.",,"Educational/training resource",,"Yes","Reproducibility is the process of obtaining the same results using the same input data and following the same computational steps pertaining to methods and analysis (p. 2)","No. The paper treats reproducibility as context-independent or does not address variation.",,"No. The paper discusses reproducibility in general but does NOT describe a specific workflow or tool.",,,,,,,"No","Third-party/independent reproducers/replicators","After publication",
131,"Amelia","Guide for Accelerating Computational Reproducibility in the Social Sciences","https://bitss.github.io/acre","2026/06/15 14:04:06","Yes. Paper explicitly targets one or more named disciplines","Economics, General social science","Guidelines/policy paper","Educational/training resource","Yes","The degree to which it is possible to obtain consistent results using the same input data, computational methods, and conditions of analysis (Introduction https://bitss.github.io/ACRE/intro.html)

A research paper is reproducible if it is possible to reproduce within a reasonable margin of error using the data, code, and materials made available by the author (Definition https://bitss.github.io/ACRE/definitions.html#definitions)

Pure Replication, Reproduction, or Verification entails re-running existing code, with error-checking, on the original dataset to obtain the published results (Definition https://bitss.github.io/ACRE/definitions.html#definitions)","Yes. The paper explicitly notes that reproducibility looks different and is practiced differently depending on context.","Data or material license, CR may vary depending on the scientific claims.","Yes. The paper actively describes, introduces, or recommends at least one concrete workflow, checklist, or tool.","Step-by-step (explicit)","Literate programming/dynamic documents, Containerization (e.g., Docker, Singularity, CodeOcean, Binder, WholeTale, etc.), Version control","Not described","Not described","Manual only. The workflow is entirely manual.","Not applicable. E1e = Manual only or Not described.","Yes","Authors (self-check), Third-party/independent reproducers/replicators","Not described",
132,"Amelia","Long-term effects of the targeting the ultra poor program—a reproducibility and replicability assessment of banerjee et al. (2021)","10.1093/qopen/qoae031","2026/07/21 22:07:25","Yes. Paper explicitly targets one or more named disciplines","Economics","Replication/reproduction attempt",,"No",,"No. The paper treats reproducibility as context-independent or does not address variation.",,"Yes. The paper actively describes, introduces, or recommends at least one concrete workflow, checklist, or tool.","Step-by-step (explicit)","Not described","Stata","Survey/experimental","Manual only. The workflow is entirely manual.","Not applicable. E1e = Manual only or Not described.","Yes","Third-party/independent reproducers/replicators","After publication",
133,"Amelia","From guidelines to practice: evaluating the reproducibility of methods in computational social science","10.1145/3795766.3799759","2026/07/17 11:30:23","Yes. Paper explicitly targets one or more named disciplines","Communication science, General social science","Empirical audit/assessment","User study (e.g., survey, interview, focus group discussion -- with computational reproducibility as the main topic)","Yes","Reproducibility: ""...is defined here as a user's ability to execute a method, obtain outputs, and understand the procedural and conceptual steps involved."" (Section 3.5, Measures)","Yes. The paper explicitly notes that reproducibility looks different and is practiced differently depending on context.","Programming language or software, Analytical methods","Yes. The paper actively describes, introduces, or recommends at least one concrete workflow, checklist, or tool.","Narrative (implicit)","Containerization (e.g., Docker, Singularity, CodeOcean, Binder, WholeTale, etc.)","R, Python","Digital trace data, Text/NLP","Manual only. The workflow is entirely manual.","Not applicable. E1e = Manual only or Not described.","No","Not described","Not described",
134,"Amelia","PaperRepro: automated computational reproducibility assessment for social science papers","10.48550/arxiv.2603.00058","2026/07/24 09:40:53","Yes. Paper explicitly targets one or more named disciplines","Economics, Political Science, General social science","Technical tool/workflow paper",,"Yes","Reproducibility: ""to determine whether the reported results can be reproduced using the same computational procedures, and assign a reproducibility score."" (Section 2, ""Problem definition"", p.2)","Yes. The paper explicitly notes that reproducibility looks different and is practiced differently depending on context.","Programming language or software","Yes. The paper actively describes, introduces, or recommends at least one concrete workflow, checklist, or tool.","Step-by-step (explicit)","Package/dependency management","R, Stata","Not described","Full automation. The entire proposed workflow is automated with no required manual steps.","Yes. The paper explicitly mentions LLMs (e.g., GPT, Claude, Llama) as part of the workflow.","Yes","AI Agents","Not described",
135,"Amelia","Automating computational reproducibility in social science: comparing prompt-based and agent-based approaches","10.48550/arxiv.2602.08561","2026/07/22 22:21:51","Yes. Paper explicitly targets one or more named disciplines","General social science","Technical tool/workflow paper",,"No",,"No. The paper treats reproducibility as context-independent or does not address variation.",,"Yes. The paper actively describes, introduces, or recommends at least one concrete workflow, checklist, or tool.","Step-by-step (explicit)","Containerization (e.g., Docker, Singularity, CodeOcean, Binder, WholeTale, etc.)","R","Not described","Full automation. The entire proposed workflow is automated with no required manual steps.","Yes. The paper explicitly mentions LLMs (e.g., GPT, Claude, Llama) as part of the workflow.","No","Not described","Not described",
136,"Amelia","Artisan: agentic artifact evaluation","10.48550/arxiv.2602.10046","2026/06/16 11:34:30","No. Paper is general with no named target discipline.",,"Technical tool/workflow paper",,"Yes","...defined as the ability of a different team to obtain similar experimental outcomes using the same experimental setup (p. 1)","No. The paper treats reproducibility as context-independent or does not address variation.",,"Yes. The paper actively describes, introduces, or recommends at least one concrete workflow, checklist, or tool.","Step-by-step (explicit)","Not described","Not described","Not described","Full automation. The entire proposed workflow is automated with no required manual steps.","Yes. The paper explicitly mentions LLMs (e.g., GPT, Claude, Llama) as part of the workflow.","No","Third-party/independent reproducers/replicators","After publication",
137,"Amelia","Overcoming barriers to computational reproducibility","10.48550/arxiv.2602.03863","2026/07/16 05:25:22","No. Paper is general with no named target discipline.",,"Guidelines/policy paper",,"Yes","Reproducibility: ""the possibility for independent researchers to exactly reproduce the final results of an analysis without any involvement of its original authors."" (p. 2)","Yes. The paper explicitly notes that reproducibility looks different and is practiced differently depending on context.","Scientific discipline","Yes. The paper actively describes, introduces, or recommends at least one concrete workflow, checklist, or tool.","Step-by-step (explicit)","Package/dependency management","R, Python","Proprietary/confidential data","Not described","Not applicable. E1e = Manual only or Not described.","Yes","Authors (self-check), Data editors, Peer reviewers, Third-party/independent reproducers/replicators","Before submission, proactively, After acceptance, before publication, After publication",
138,"Amelia","Reproducibility and robustness of economics and political science research","10.1038/s41586-026-10251-x","2026/07/08 10:58:33","Yes. Paper explicitly targets one or more named disciplines","Economics, Political Science","Empirical audit/assessment","Replication/reproduction attempt","Yes","A claim to be ‘computationally reproducible’ if its results can be reproduced using the data and protocols from the original study (p. 141)","Yes. The paper explicitly notes that reproducibility looks different and is practiced differently depending on context.","journal's data policy","No. The paper discusses reproducibility in general but does NOT describe a specific workflow or tool.",,,,,,,"No","Third-party/independent reproducers/replicators","After publication",
139,"Amelia","PRIMAD-LID: a developed framework for computational reproducibility","10.48550/arxiv.2601.02349","2026/06/16 10:31:34","No. Paper is general with no named target discipline.",,"Theoretical review about a framework used to assess reproducibility (PRIMAD-LID))",,"Yes","The interpretive element captures whether independent researchers arrive at the same conclusions and explanations based on a study’s findings (p.13)","Yes. The paper explicitly notes that reproducibility looks different and is practiced differently depending on context.","Scientific discipline, Data type, data quality","Yes. The paper actively describes, introduces, or recommends at least one concrete workflow, checklist, or tool.","Narrative (implicit)","Containerization (e.g., Docker, Singularity, CodeOcean, Binder, WholeTale, etc.), Version control","Not described","Not described","Not described","Not applicable. E1e = Manual only or Not described.","No","Authors (self-check)","Not described",
140,"Amelia","How to Get There From Here? Barriers and Enablers on the Road Towards Reproducibility in Research","10.36850/f4c4-4a38","2026/07/16 05:02:41","No. Paper is general with no named target discipline.",,"User study (e.g., survey, interview, focus group discussion -- with computational reproducibility as the main topic)",,"Yes","Reproducibility: ""obtaining consistent results when repeating studies, experiments and analyses."" (p. 1)","Yes. The paper explicitly notes that reproducibility looks different and is practiced differently depending on context.","Scientific discipline, Study design","No. The paper discusses reproducibility in general but does NOT describe a specific workflow or tool.",,,,,,,"No","Not described","Not described",
141,"Amelia","Understanding cultural persistence and change: A replication of Giuliano and Nunn (2021)","10.1111/ecin.13242","2026/06/16 13:54:39","Yes. Paper explicitly targets one or more named disciplines","Economics","Replication/reproduction attempt",,"Yes","Deep reproduction: deep reproducibility studies, dig deeply into the original study including the raw data and the coding decisions to detect potential coding errors or questionable coding decisions (p. 23)","No. The paper treats reproducibility as context-independent or does not address variation.",,"No. The paper discusses reproducibility in general but does NOT describe a specific workflow or tool.",,,,,,,"No","Third-party/independent reproducers/replicators","After publication",
142,"Amelia","Teaching Reproducibility and Replicability While Teaching Econometrics in the Classroom","10.1007/978-3-031-97942-2_7","2026/07/15 20:23:13","Yes. Paper explicitly targets one or more named disciplines","Economics","Educational/training resource","Technical tool/workflow paper","Yes","Reproducibility: ""to reproduce means using the exact same data and method"" (p. 116) and ""In a broader definition, reproducibility includes using the same data and method but with different programming languages or libraries"" (p. 116, fn. 1)","No. The paper treats reproducibility as context-independent or does not address variation.",,"Yes. The paper actively describes, introduces, or recommends at least one concrete workflow, checklist, or tool.","Step-by-step (explicit)","Literate programming/dynamic documents, Containerization (e.g., Docker, Singularity, CodeOcean, Binder, WholeTale, etc.), Version control","R, Python, Julia","Not described","Not described","Not applicable. E1e = Manual only or Not described.","No","Third-party/independent reproducers/replicators","Not described",
143,"Amelia","What is Computational Reproducibility?","10.60762/ggdbd25002.1.0","2026/06/16 14:39:17","Yes. Paper explicitly targets one or more named disciplines","Communication science","Guidelines/policy paper",,"Yes","Reproducibility means obtaining consistent results, ideally with identical numerical findings, using the same data and computational analysis methods as the original study (p. 2)

computational reproducibility which can be defined as the ability to consistently arrive at numerical comparable findings using the same data and methods as the original research (p. 2)","No. The paper treats reproducibility as context-independent or does not address variation.",,"No. The paper discusses reproducibility in general but does NOT describe a specific workflow or tool.",,,,,,,"No","Authors (self-check), Third-party/independent reproducers/replicators","Before submission, proactively, After acceptance, before publication, After publication",
144,"Amelia","Investigating the reproducibility of the social and behavioural sciences","10.1038/s41586-026-10203-5","2026/07/17 10:52:49","Yes. Paper explicitly targets one or more named disciplines","Economics, Political Science, Sociology, Management/Business, General social science","Empirical audit/assessment","Replication/reproduction attempt","Yes","Reproducibility: ""..observing the same results when applying the same analysis to the same data"" (p. 126)

 ""Published claims should be reproducible, yielding the same result when the same analysis is applied to the same data"" (Abstract, p.126)","No. The paper treats reproducibility as context-independent or does not address variation.",,"Yes. The paper actively describes, introduces, or recommends at least one concrete workflow, checklist, or tool.","Narrative (implicit)","Not described","Not described","Not described","Manual only. The workflow is entirely manual.","Not applicable. E1e = Manual only or Not described.","Yes","Third-party/independent reproducers/replicators","After publication",
145,"Amelia","A Brief Glossary of Terms about Repeatability: Replicability, Robustness, and Reproducibility","10.31222/osf.io/mqfp4_v1","2026/07/17 12:32:55","No. Paper is general with no named target discipline.",,"Conceptual/review paper",,"Yes","Reproducibility: ""Reproduction, or assessing reproducibility, refers to investigating the same question as a prior study with the same data using the same analysis."" (p.1)","No. The paper treats reproducibility as context-independent or does not address variation.",,"No. The paper discusses reproducibility in general but does NOT describe a specific workflow or tool.",,,,,,,"No","Not described","Not described",
