"paper_id","coder","submitted","paper_title","doi","timestamp","B1","B1A","C1","C2","D1","D1A","D2","D2A","E1","E1A","E1B","E1C","E1D","E1E","E1F","F1","F2","F3","notes"
3,"Amelia",TRUE,"Reproducing statistical results","10.1146/annurev-statistics-010814-020127","2026/07/23 18:54:59","No. Paper is general with no named target discipline.",,"Guidelines/policy paper",,"Yes","Computational reproducibility: ""..refers to changes in scientific practice and reporting standards to accommodate the use of computational technology occurring primarily over the past two decades, in particular whether the same results can be obtained from the data and code used in the original study"" (p. 2)","Yes. The paper explicitly notes that reproducibility looks different and is practiced differently depending on context.","Scientific discipline, Data or material license","Yes. The paper actively describes, introduces, or recommends at least one concrete workflow, checklist, or tool.","Step-by-step (explicit)","Version control","Not described","Proprietary/confidential data","Partial automation. Some steps are automated and some require human judgment.","No. Automation is present but does not involve LLMs.","No","Authors (self-check), Third-party/independent reproducers/replicators","Before submission, proactively, After publication",
3,"Ineke",TRUE,"Reproducing statistical results","10.1146/annurev-statistics-010814-020127","2026/06/12 13:25:42","No. Paper is general with no named target discipline.",,"Meta-studies (e.g., scoping review, systematic review, meta-analysis)","Guidelines/policy paper","Yes","""In contrast, computational reproducibility refers to changes in scientific practice and reporting standards to accommodate the use of computational technology occurring primarily over the past two decades, in particular whether the same results can be obtained from the data and code used in the original study (Anderson et al. 2013, Bailey et al. 2013, Donoho et al. 2009, King 1995, Nosek et al. 2012, Peng 2009, Sandve et al. 2013, Stodden 2012, Stodden et al. 2013)."" (p. 2)

""computational reproducibility—an exact implementation of the same software
steps as the original research, using the original fixed data set—"" (p. 8)","Yes. The paper explicitly notes that reproducibility looks different and is practiced differently depending on context.","The text is ""proposing the terms “empirical reproducibility,” “computational reproducibility,” and “statistical reproducibility” to disambiguate an overloaded term (Stodden 2011, 2013).""","Yes. The paper actively describes, introduces, or recommends at least one concrete workflow, checklist, or tool.","Step-by-step (explicit)","Not described","Not described","Not described","Partial automation. Some steps are automated and some require human judgment.","No. Automation is present but does not involve LLMs.","Yes","Authors (self-check), Peer reviewers, Third-party/independent reproducers/replicators","Before submission, proactively, After acceptance, before publication, After publication",
3,"Mehtab",TRUE,"Reproducing statistical results","10.1146/annurev-statistics-010814-020127","2026/06/11 16:36:20","No. Paper is general with no named target discipline.",,"Narrative review article","Technical tool/workflow paper","Yes","""computational reproducibility refers to changes in scientific practice and reporting standards to accommodate the use of computational technology occurring primarily over the past two decades, in particular whether the same results can be obtained from the data and code used in the original study"" (p. 2)","Yes. The paper explicitly notes that reproducibility looks different and is practiced differently depending on context.","Study design, Data type, Data or material license","Yes. The paper actively describes, introduces, or recommends at least one concrete workflow, checklist, or tool.","Step-by-step (explicit)","Not described","Not described","Not described","Manual only. The workflow is entirely manual.","Not applicable. E1e = Manual only or Not described.","No","Authors (self-check)","Before submission, proactively, After acceptance, before publication, After publication",
3,"Elisabetta",TRUE,"Reproducing statistical results","10.1146/annurev-statistics-010814-020127","2026/06/29 12:14:06","No. Paper is general with no named target discipline.",,"something between a review (but not a systematic one) and a guidelines paper.",,"Yes","""computational reproducibility refers to changes in scientific practice and reporting standards to accommodate the use of computational technology occurring primarily over the past two decades, in particular whether the same results can be obtained from the data and code used in the original study"" (p. 2) 
""computational reproducibility—an exact implementation of the same software steps as the original research, using the original fixed data set"" (p. 8)","Yes. The paper explicitly notes that reproducibility looks different and is practiced differently depending on context.","Scientific discipline, Study design, Data or material license","Yes. The paper actively describes, introduces, or recommends at least one concrete workflow, checklist, or tool.","Narrative (implicit)","Not described","Not described","Not described","Not described","Not applicable. E1e = Manual only or Not described.","No","Third-party/independent reproducers/replicators","After acceptance, before publication, After publication",
4,"Amelia",TRUE,"Storing reproducible results from computational experiments using scientific python packages","10.25080/majora-629e541a-006","2026/07/20 20:45:21","No. Paper is general with no named target discipline.",,"Technical tool/workflow paper",,"Yes","Computational experiment reproducible: ""..describing the experiment in such detail that it is possible for others to independently repeat it"" (p. 45)

Reproducibility: ""...of a study is the ability of others to repeat the study and obtain the same results using a general description of the original work"" (p. 46)","No. The paper treats reproducibility as context-independent or does not address variation.",,"Yes. The paper actively describes, introduces, or recommends at least one concrete workflow, checklist, or tool.","Narrative (implicit)","Package/dependency management","Python","Not described","Not described","Not applicable. E1e = Manual only or Not described.","No","Not described","Not described",
4,"Ineke",TRUE,"Storing reproducible results from computational experiments using scientific python packages","10.25080/majora-629e541a-006","2026/06/12 14:35:40","No. Paper is general with no named target discipline.",,"Technical tool/workflow paper",,"Yes","""reproducibility of a study is the ability of others to repeat the study and obtain the same results using a general description of the original work."" (p. 46)","No. The paper treats reproducibility as context-independent or does not address variation.",,"Yes. The paper actively describes, introduces, or recommends at least one concrete workflow, checklist, or tool.","Narrative (implicit)","Version control, Package/dependency management","Python","Not described","Partial automation. Some steps are automated and some require human judgment.","No. Automation is present but does not involve LLMs.","No","Not described","Not described",
4,"Mehtab",TRUE,"Storing reproducible results from computational experiments using scientific python packages","10.25080/majora-629e541a-006","2026/06/11 17:50:44","No. Paper is general with no named target discipline.",,"Technical tool/workflow paper",,"No",,"No. The paper treats reproducibility as context-independent or does not address variation.",,"Yes. The paper actively describes, introduces, or recommends at least one concrete workflow, checklist, or tool.","Narrative (implicit)","Not described","Python","Not described","Partial automation. Some steps are automated and some require human judgment.","No. Automation is present but does not involve LLMs.","No","Authors (self-check)","Before submission, proactively",
4,"Elisabetta",TRUE,"Storing reproducible results from computational experiments using scientific python packages","10.25080/majora-629e541a-006","2026/06/12 16:10:59","No. Paper is general with no named target discipline.",,"Technical tool/workflow paper",,"Yes","The paper defines both reproducibility and replicability but the definition of the latter seems more fitting: ""reproducibility of a study is the ability of others to repeat the study and obtain the same results using a general description of the original work. The related term replicability then means the ability of others to repeat the study and obtain the same results using the exact same setup (code, hardware, etc.) as in the original work."" (p.2) 
The authors also discuss this in a note, saying that some authors swap the definitions compared to the conventions they have adopted.","No. The paper treats reproducibility as context-independent or does not address variation.",,"Yes. The paper actively describes, introduces, or recommends at least one concrete workflow, checklist, or tool.","Narrative (implicit)","Not described","Python","Not described","Full automation. The entire proposed workflow is automated with no required manual steps.","No. Automation is present but does not involve LLMs.","No","Authors (self-check)","Before submission, proactively","I answered that the workflow is automated because it consists of a Python package that would automatically store metadata."
8,"Amelia",TRUE,"How transparency and reproducibility can increase credibility in policy analysis: a case study of the minimum wage policy estimate","10.7249/rgsd394","2026/07/14 12:05:00","Yes. Paper explicitly targets one or more named disciplines","Economics, Political Science","Replication/reproduction attempt",,"Yes","Reproducibility tests if it is possible for a third party to obtain the same results using the same data, methods and code (p. 9)","No. The paper treats reproducibility as context-independent or does not address variation.",,"No. The paper discusses reproducibility in general but does NOT describe a specific workflow or tool.",,,,,,,"No","Third-party/independent reproducers/replicators","Not described",
8,"Ineke",TRUE,"How transparency and reproducibility can increase credibility in policy analysis: a case study of the minimum wage policy estimate","10.7249/rgsd394","2026/06/15 10:45:37","Yes. Paper explicitly targets one or more named disciplines","Political Science, General social science","Guidelines/policy paper","Replication/reproduction attempt","Yes","""Reproducibility tests if it is possible for a third party to obtain the same results using the same data, methods and code."" (pp. 9 f.)","No. The paper treats reproducibility as context-independent or does not address variation.",,"Yes. The paper actively describes, introduces, or recommends at least one concrete workflow, checklist, or tool.","Step-by-step (explicit)","Literate programming/dynamic documents, Version control, Package/dependency management","R, Stata","Survey/experimental, Administrative/register data","Full automation. The entire proposed workflow is automated with no required manual steps.","Not applicable. E1e = Manual only or Not described.","Yes","Third-party/independent reproducers/replicators","After publication",
8,"Mehtab",TRUE,"How transparency and reproducibility can increase credibility in policy analysis: a case study of the minimum wage policy estimate","10.7249/rgsd394","2026/06/11 18:33:58","Yes. Paper explicitly targets one or more named disciplines","Economics","Guidelines/policy paper","Replication/reproduction attempt","Yes","""Reproducibility tests if it is possible for a third party to obtain the same results using the same data, methods and code"" (p. 17)

""lack of reproducibility means that is hard or impossible to obtain the same results
using the same data, methodology and code"" (p. 10)","Yes. The paper explicitly notes that reproducibility looks different and is practiced differently depending on context.","Scientific discipline, Study design","Yes. The paper actively describes, introduces, or recommends at least one concrete workflow, checklist, or tool.","Step-by-step (explicit)","Literate programming/dynamic documents, Version control","Not described","Not described","Partial automation. Some steps are automated and some require human judgment.","No. Automation is present but does not involve LLMs.","Yes","Third-party/independent reproducers/replicators","After publication",
8,"Elisabetta",TRUE,"How transparency and reproducibility can increase credibility in policy analysis: a case study of the minimum wage policy estimate","10.7249/rgsd394","2026/06/26 11:19:33","Yes. Paper explicitly targets one or more named disciplines","policy analysis","Guidelines/policy paper","Replication/reproduction attempt","Yes","""Reproducibility tests if it is possible for a third party to obtain the same results using the same data, methods and code"" (p.19-20)
""reproducibility (same data, code, methods)"" (p.20)","Yes. The paper explicitly notes that reproducibility looks different and is practiced differently depending on context.","Scientific discipline","Yes. The paper actively describes, introduces, or recommends at least one concrete workflow, checklist, or tool.","Step-by-step (explicit)","Literate programming/dynamic documents, Version control","R","policy reports","Manual only. The workflow is entirely manual.","Not applicable. E1e = Manual only or Not described.","Yes","Third-party/independent reproducers/replicators","After publication",
9,"Amelia",TRUE,"Using ReproZip for reproducibility and library services","10.29173/iq18","2026/07/23 18:31:42","No. Paper is general with no named target discipline.",,"Technical tool/workflow paper",,"No",,"No. The paper treats reproducibility as context-independent or does not address variation.",,"Yes. The paper actively describes, introduces, or recommends at least one concrete workflow, checklist, or tool.","Step-by-step (explicit)","Literate programming/dynamic documents, Containerization (e.g., Docker, Singularity, CodeOcean, Binder, WholeTale, etc.)","Not described","Not described","Not described","Not applicable. E1e = Manual only or Not described.","No","Authors (self-check), Peer reviewers, Third-party/independent reproducers/replicators","Before submission, proactively, After publication",
9,"Ineke",TRUE,"Using ReproZip for reproducibility and library services","10.29173/iq18","2026/06/15 11:54:22","No. Paper is general with no named target discipline.",,"Technical tool/workflow paper",,"No",,"Yes. The paper explicitly notes that reproducibility looks different and is practiced differently depending on context.","Programming language or software","Yes. The paper actively describes, introduces, or recommends at least one concrete workflow, checklist, or tool.","Step-by-step (explicit)","Literate programming/dynamic documents, Version control, Package/dependency management","Python","Not described","Not described","Not applicable. E1e = Manual only or Not described.","No","Not described","Not described",
9,"Mehtab",TRUE,"Using ReproZip for reproducibility and library services","10.29173/iq18","2026/06/15 13:56:29","No. Paper is general with no named target discipline.",,"Technical tool/workflow paper",,"No",,"No. The paper treats reproducibility as context-independent or does not address variation.",,"Yes. The paper actively describes, introduces, or recommends at least one concrete workflow, checklist, or tool.","Step-by-step (explicit)","Containerization (e.g., Docker, Singularity, CodeOcean, Binder, WholeTale, etc.)","Not described","Not described","Partial automation. Some steps are automated and some require human judgment.","No. Automation is present but does not involve LLMs.","No","Paper says ""This package can easily be shared with reviewers, collaborators, or released to the general public"", but I am unsure if it means third-party/replicators","Not described",
9,"Elisabetta",TRUE,"Using ReproZip for reproducibility and library services","10.29173/iq18","2026/06/26 11:41:26","No. Paper is general with no named target discipline.",,"Technical tool/workflow paper",,"No",,"No. The paper treats reproducibility as context-independent or does not address variation.",,"Yes. The paper actively describes, introduces, or recommends at least one concrete workflow, checklist, or tool.","Step-by-step (explicit)","Literate programming/dynamic documents, Containerization (e.g., Docker, Singularity, CodeOcean, Binder, WholeTale, etc.), Package/dependency management","Not described","Not described","Full automation. The entire proposed workflow is automated with no required manual steps.","No. Automation is present but does not involve LLMs.","No","Authors (self-check), Third-party/independent reproducers/replicators","Before submission, proactively, After publication",
11,"Amelia",TRUE,"Sciunits: reusable research objects","10.1109/escience.2017.51","2026/07/23 19:46:59","No. Paper is general with no named target discipline.",,"Technical tool/workflow paper",,"No",,"No. The paper treats reproducibility as context-independent or does not address variation.",,"Yes. The paper actively describes, introduces, or recommends at least one concrete workflow, checklist, or tool.","Step-by-step (explicit)","Containerization (e.g., Docker, Singularity, CodeOcean, Binder, WholeTale, etc.)","Not described","Not described","Full automation. The entire proposed workflow is automated with no required manual steps.","No. Automation is present but does not involve LLMs.","No","Not described","Not described",
11,"Ineke",TRUE,"Sciunits: reusable research objects","10.1109/escience.2017.51","2026/06/15 13:28:05","No. Paper is general with no named target discipline.",,"Technical tool/workflow paper",,"No",,"Yes. The paper explicitly notes that reproducibility looks different and is practiced differently depending on context.","differentiation of reuse: 1. exact repeat-execution, 2. partial repeat execution, 3. modified repeat execution.","Yes. The paper actively describes, introduces, or recommends at least one concrete workflow, checklist, or tool.","Step-by-step (explicit)","Containerization (e.g., Docker, Singularity, CodeOcean, Binder, WholeTale, etc.)","Python, C","Not described","Partial automation. Some steps are automated and some require human judgment.","Not applicable. E1e = Manual only or Not described.","No","Not described","Not described",
11,"Mehtab",TRUE,"Sciunits: reusable research objects","10.1109/escience.2017.51","2026/06/15 15:53:10","No. Paper is general with no named target discipline.",,"Technical tool/workflow paper",,"Yes","""The minimum use case for sharing a computational experiment (in the form of a shared research object) involves repeating its original execution and verifying its results."" (p. 1)","No. The paper treats reproducibility as context-independent or does not address variation.",,"Yes. The paper actively describes, introduces, or recommends at least one concrete workflow, checklist, or tool.","Step-by-step (explicit)","Containerization (e.g., Docker, Singularity, CodeOcean, Binder, WholeTale, etc.)","Not described","Not described","Partial automation. Some steps are automated and some require human judgment.","No. Automation is present but does not involve LLMs.","No","Not described","Not described",
11,"Elisabetta",TRUE,"Sciunits: reusable research objects","10.1109/escience.2017.51","2026/06/11 15:12:38","Yes. Paper explicitly targets one or more named disciplines","geosciences","Technical tool/workflow paper",,"No",,"No. The paper treats reproducibility as context-independent or does not address variation.",,"Yes. The paper actively describes, introduces, or recommends at least one concrete workflow, checklist, or tool.","Step-by-step (explicit)","Containerization (e.g., Docker, Singularity, CodeOcean, Binder, WholeTale, etc.)","Python","Not described","Partial automation. Some steps are automated and some require human judgment.","No. Automation is present but does not involve LLMs.","No","Not described","Not described",
12,"Amelia",TRUE,"Reproducibility: a primer on semantics and implications for research","10.3768/rtipress.2017.bk.0020.1708","2026/07/20 22:43:36","No. Paper is general with no named target discipline.",,"Guidelines/policy paper",,"Yes","Reproducibility: ""In the broadest terms, reproducibility has numerous (related) connotations... reproducibility is the ability to obtain the same result, observation, or output from an experiment, a device, a system, a process, or an entire study."" (p. 20)

Computational reproducibility: ""When detailed information is provided about code, software, hardware, and implementation details."" (p. 12, Table 2)","Yes. The paper explicitly notes that reproducibility looks different and is practiced differently depending on context.","Scientific discipline, Study design","Yes. The paper actively describes, introduces, or recommends at least one concrete workflow, checklist, or tool.","Step-by-step (explicit)","Not described","Not described","Not described","Not described","Not applicable. E1e = Manual only or Not described.","No","Authors (self-check), Third-party/independent reproducers/replicators, FDA/EPA external auditors, internal Office of Quality Assurance staff","Not described",
12,"Ineke",TRUE,"Reproducibility: a primer on semantics and implications for research","10.3768/rtipress.2017.bk.0020.1708","2026/06/15 15:48:45","Yes. Paper explicitly targets one or more named disciplines","General social science, bench sciences (laboratory, natural, clinical sciences)","Meta-studies (e.g., scoping review, systematic review, meta-analysis)","Guidelines/policy paper","No",,"Yes. The paper explicitly notes that reproducibility looks different and is practiced differently depending on context.","Scientific discipline, Study design, conceptual differentiation: Methodological, Results, Inferential, Empirical, Statistical, Computational, Analytical reproducibility","Yes. The paper actively describes, introduces, or recommends at least one concrete workflow, checklist, or tool.","Step-by-step (explicit)","Not described","Not described","Not described","Not described","Not applicable. E1e = Manual only or Not described.","No","Authors (self-check), Peer reviewers, Third-party/independent reproducers/replicators","Before submission, proactively, After acceptance, before publication, After publication",
12,"Mehtab",TRUE,"Reproducibility: a primer on semantics and implications for research","10.3768/rtipress.2017.bk.0020.1708","2026/06/16 11:38:46","No. Paper is general with no named target discipline.",,"Educational/training resource","Guidelines/policy paper","Yes","""Reproducible research entails creating and providing access to complete descriptions of the study designs, critical assumptions, methods, tools (e.g., for data collection), source code or specifics of statistical techniques employed, and the resulting data of the original work. Such documentation must be sufficient to enable other investigators, independently, to attempt to reproduce the initially reported results."" (p. 62)","Yes. The paper explicitly notes that reproducibility looks different and is practiced differently depending on context.","Scientific discipline, Study design","Yes. The paper actively describes, introduces, or recommends at least one concrete workflow, checklist, or tool.","Step-by-step (explicit)","Not described","Not described","Survey/experimental","Manual only. The workflow is entirely manual.","Not applicable. E1e = Manual only or Not described.","No","Authors (self-check), Third-party/independent reproducers/replicators","Before submission, proactively, After publication",
12,"Elisabetta",TRUE,"Reproducibility: a primer on semantics and implications for research","10.3768/rtipress.2017.bk.0020.1708","2026/06/30 12:17:56","No. Paper is general with no named target discipline.",,"primer on reproducibility (semantics, practices to ensure transparency, etc.)",,"Yes","The paper seems to use the term ""repeatability"" in the sense we give ""reproducibility"". However, it is not a text that is specifically on economics or similar, and so there is no real discussion of whether the ""same code"" part is really included in the definition. 

- distinction between reproducibility and replicability: ""The differences lie mainly in whether every element of a given study must be done in exactly the same way in any effort either to 
do it again or to confirm original results. That requirement is basically the “restrictive” aspect of replicability. By contrast, reproducibility does not turn so critically on such elements as having identical subjects, methods, and other components"" (p.15)

- repeatability: ""The closeness of agreement between independent results obtained when the 
same study is replicated on identical test material or subjects, using the same measurement procedure, same observer, same measuring instrument, the same location and under the same conditions"" (p.17)
""Repeatability is the closeness of agreement between independent results obtained when the same method is replicated on identical test material or subjects and under the same conditions"" (p.28)

- please note that there is a definition specifically of computational reproducibility, but it does not seem to entail the use of the same code, but rather the possibility of a description of the code: ""Computational reproducibility encompasses detailed information that may 
go beyond the specific research components noted above. This may include 
descriptions of hardware, software, programming code, and other details 
of the implementation or analysis activities"" (p.41)","Yes. The paper explicitly notes that reproducibility looks different and is practiced differently depending on context.","Scientific discipline","No. The paper discusses reproducibility in general but does NOT describe a specific workflow or tool.",,,,,,,"No","Third-party/independent reproducers/replicators","After publication",
17,"Amelia",TRUE,"Transparency, reproducibility, and the credibility of economics research","10.1257/jel.20171350","2026/07/13 14:33:16","Yes. Paper explicitly targets one or more named disciplines","Economics","Empirical audit/assessment","Narrative review","Yes","Pure replication: Perhaps the most straightforward type of replication in economics involves using the same specification, the same sample, and the same population. Essentially, this is running the same code on the same data and testing if you get the same results. (p. 942)","Yes. The paper explicitly notes that reproducibility looks different and is practiced differently depending on context.","combination between study settings (lab vs. field), historical, and cultural context","No. The paper discusses reproducibility in general but does NOT describe a specific workflow or tool.",,,,,,,"No","Data editors, Peer reviewers, Third-party/independent reproducers/replicators","After acceptance, before publication, After publication",
17,"Ineke",TRUE,"Transparency, reproducibility, and the credibility of economics research","10.1257/jel.20171350","2026/06/26 09:28:51","Yes. Paper explicitly targets one or more named disciplines","Economics","Guidelines/policy paper","Meta-studies (e.g., scoping review, systematic review, meta-analysis)","No",,"No. The paper treats reproducibility as context-independent or does not address variation.",,"Yes. The paper actively describes, introduces, or recommends at least one concrete workflow, checklist, or tool.","Narrative (implicit)","Literate programming/dynamic documents, Version control","Not described","Survey/experimental, Administrative/register data, Proprietary/confidential data","Not described","Not applicable. E1e = Manual only or Not described.","No","Not described","Not described",
17,"Mehtab",TRUE,"Transparency, reproducibility, and the credibility of economics research","10.1257/jel.20171350","2026/06/16 12:57:34","Yes. Paper explicitly targets one or more named disciplines","Economics","Meta-studies (e.g., scoping review, systematic review, meta-analysis)","Guidelines/policy paper","Yes","""Perhaps the most straightforward type of replication in economics involves using the same specification, the same sample, and the same population. Essentially, this is running the same code on the same data and testing if you get the same results."" (p. 942)","Yes. The paper explicitly notes that reproducibility looks different and is practiced differently depending on context.","Scientific discipline, Study design","Yes. The paper actively describes, introduces, or recommends at least one concrete workflow, checklist, or tool.","Step-by-step (explicit)","Literate programming/dynamic documents, Version control","Not described","Survey/experimental, Proprietary/confidential data","Not described","Not applicable. E1e = Manual only or Not described.","No","Peer reviewers, Third-party/independent reproducers/replicators","After acceptance, before publication, After publication",
17,"Elisabetta",TRUE,"Transparency, reproducibility, and the credibility of economics research","10.1257/jel.20171350","2026/07/03 13:06:28","Yes. Paper explicitly targets one or more named disciplines","Economics, Political Science, psychology (the latter and political science are not the primary focus, but are still included rather extensively)","Meta-studies (e.g., scoping review, systematic review, meta-analysis)",,"Yes","Verification: ""Perhaps the most straightforward type of replication in economics involves using the same specification, the same sample, and the same population. Essentially, this is running the same code on the same data and testing if you get the same results."" (p.23)","Yes. The paper explicitly notes that reproducibility looks different and is practiced differently depending on context.","Data or material license","Yes. The paper actively describes, introduces, or recommends at least one concrete workflow, checklist, or tool.","Narrative (implicit)","Literate programming/dynamic documents, Version control","Not described","Not described","Partial automation. Some steps are automated and some require human judgment.","No. Automation is present but does not involve LLMs.","No","Peer reviewers, Third-party/independent reproducers/replicators","After publication, also (implied) during the publication process, without specifying necessarily if before or after acceptance",
19,"Amelia",TRUE,"The ReproRubric: evaluation criteria for the reproducibility of computational analyses","10.31219/osf.io/thvef","2026/07/23 20:31:09","Yes. Paper explicitly targets one or more named disciplines","General social science","Technical tool/workflow paper","Guidelines/policy paper","Yes","Reproducible: ""...is defined here as the ability to produce the same results using the original data and analysis scripts."" (p. 1)","Yes. The paper explicitly notes that reproducibility looks different and is practiced differently depending on context.","Programming language or software","Yes. The paper actively describes, introduces, or recommends at least one concrete workflow, checklist, or tool.","Step-by-step (explicit)","Literate programming/dynamic documents, Containerization (e.g., Docker, Singularity, CodeOcean, Binder, WholeTale, etc.), Version control, Package/dependency management","R, Python","Not described","Partial automation. Some steps are automated and some require human judgment.","No. Automation is present but does not involve LLMs.","Yes","Authors (self-check), Third-party/independent reproducers/replicators","Not described",
19,"Ineke",TRUE,"The ReproRubric: evaluation criteria for the reproducibility of computational analyses","10.31219/osf.io/thvef","2026/06/26 11:56:19","No. Paper is general with no named target discipline.",,"Technical tool/workflow paper",,"Yes",""" 'Reproducible' is defined here as the ability to produce the same results using the original data and analysis scripts."" (p. 1)","No. The paper treats reproducibility as context-independent or does not address variation.",,"Yes. The paper actively describes, introduces, or recommends at least one concrete workflow, checklist, or tool.","Step-by-step (explicit)","Not described","Not described","Not described","Full automation. The entire proposed workflow is automated with no required manual steps.","No. Automation is present but does not involve LLMs.","No","Not described","Not described",
19,"Mehtab",TRUE,"The ReproRubric: evaluation criteria for the reproducibility of computational analyses","10.31219/osf.io/thvef","2026/06/16 15:14:01","No. Paper is general with no named target discipline.",,"Technical tool/workflow paper",,"Yes","""'Reproducible' is defined here as the ability to produce the same results using the original data and analysis scripts."" (p. 1, footnote 1)","No. The paper treats reproducibility as context-independent or does not address variation.",,"Yes. The paper actively describes, introduces, or recommends at least one concrete workflow, checklist, or tool.","Step-by-step (explicit)","Literate programming/dynamic documents, Containerization (e.g., Docker, Singularity, CodeOcean, Binder, WholeTale, etc.), Version control","Not described","Not described","Partial automation. Some steps are automated and some require human judgment.","No. Automation is present but does not involve LLMs.","Yes","Authors (self-check), Data editors, Third-party/independent reproducers/replicators, funders","Before submission, proactively, After publication",
19,"Elisabetta",TRUE,"The ReproRubric: evaluation criteria for the reproducibility of computational analyses","10.31219/osf.io/thvef","2026/06/12 15:50:28","No. Paper is general with no named target discipline.",,"Technical tool/workflow paper",,"Yes","""the ability to produce the same results using the original data and analysis scripts"" (note 1, p. 1)","Yes. The paper explicitly notes that reproducibility looks different and is practiced differently depending on context.","based on what is provided, e.g. raw data shared, version control, containers, repository archived, etc.","Yes. The paper actively describes, introduces, or recommends at least one concrete workflow, checklist, or tool.","Step-by-step (explicit)","Not described","Not described","Not described","Partial automation. Some steps are automated and some require human judgment.","No. Automation is present but does not involve LLMs.","Yes","Authors (self-check)","Before submission, proactively",
20,"Amelia",TRUE,"Successes and struggles with computational reproducibility: lessons from the fragile families challenge","10.1177/2378023119849803","2026/07/16 13:46:47","Yes. Paper explicitly targets one or more named disciplines","Sociology","Empirical audit/assessment","Guidelines/policy paper","Yes","Reproducibility: ""the ability of a researcher to recreate the results of a published study using the original author's raw data and code."" (Abstract

Computational reproducibility: ""a researcher's ability to recreate the results in a published article using the raw data and code of the original author"" (p.1)","Yes. The paper explicitly notes that reproducibility looks different and is practiced differently depending on context.","Scientific discipline, Study design","Yes. The paper actively describes, introduces, or recommends at least one concrete workflow, checklist, or tool.","Step-by-step (explicit)","Containerization (e.g., Docker, Singularity, CodeOcean, Binder, WholeTale, etc.), Package/dependency management","R, Python","Survey/experimental, Proprietary/confidential data","Partial automation. Some steps are automated and some require human judgment.","No. Automation is present but does not involve LLMs.","Yes","Authors (self-check), Data editors, Peer reviewers, Third-party/independent reproducers/replicators","After acceptance, before publication",
20,"Ineke",TRUE,"Successes and struggles with computational reproducibility: lessons from the fragile families challenge","10.1177/2378023119849803","2026/06/26 12:49:11","Yes. Paper explicitly targets one or more named disciplines","Sociology, General social science","Guidelines/policy paper","Technical tool/workflow paper","Yes","""a researcher’s ability to recreate the results in a published article using the raw data and code of the original author"" (p. 1)","Yes. The paper explicitly notes that reproducibility looks different and is practiced differently depending on context.","Scientific discipline, Data or material license, Programming language or software","Yes. The paper actively describes, introduces, or recommends at least one concrete workflow, checklist, or tool.","Step-by-step (explicit)","Containerization (e.g., Docker, Singularity, CodeOcean, Binder, WholeTale, etc.)","R, Python, Stata","Not described","Full automation. The entire proposed workflow is automated with no required manual steps.","No. Automation is present but does not involve LLMs.","Yes","Authors (self-check), Data editors, Peer reviewers","After acceptance, before publication",
20,"Mehtab",TRUE,"Successes and struggles with computational reproducibility: lessons from the fragile families challenge","10.1177/2378023119849803","2026/06/16 17:50:14","Yes. Paper explicitly targets one or more named disciplines","Sociology, General social science","Replication/reproduction attempt",,"Yes","""we focus on a very narrow form of reproducibility: a researcher's ability to recreate the results in a published article using the raw data and code of the original author. Following Stodden (2015), we call this 'computational reproducibility'"" (p. 1)","Yes. The paper explicitly notes that reproducibility looks different and is practiced differently depending on context.","Study design, Programming language or software","Yes. The paper actively describes, introduces, or recommends at least one concrete workflow, checklist, or tool.","Step-by-step (explicit)","Containerization (e.g., Docker, Singularity, CodeOcean, Binder, WholeTale, etc.), Package/dependency management","R, Python","Survey/experimental","Partial automation. Some steps are automated and some require human judgment.","No. Automation is present but does not involve LLMs.","Yes","Peer reviewers, reproducibility reviewer","Before submission, proactively, Simultaneous with peer review",
20,"Elisabetta",TRUE,"Successes and struggles with computational reproducibility: lessons from the fragile families challenge","10.1177/2378023119849803","2026/07/02 12:17:25","Yes. Paper explicitly targets one or more named disciplines","Sociology, General social science","Empirical audit/assessment",,"Yes","""the ability of a researcher to recreate the results of a published study using the original author’s raw data and code"" (abstract)
""a researcher’s ability to recreate the results in a published article using the raw data and code of the original author"" (p.1)","Yes. The paper explicitly notes that reproducibility looks different and is practiced differently depending on context.","it talks about the fact that reproducibility could be harder in other settings, outside of the Fragile Families Challenge, because of a range of reasons related to the characteristics of the challenge, e.g. in other settings authors may have less experience writing code or there could be some data access issues that did not occur in this challenge because the data was provided.","Yes. The paper actively describes, introduces, or recommends at least one concrete workflow, checklist, or tool.","Step-by-step (explicit)","Containerization (e.g., Docker, Singularity, CodeOcean, Binder, WholeTale, etc.), Version control, Package/dependency management","Not described","Survey/experimental, Administrative/register data","Partial automation. Some steps are automated and some require human judgment.","No. Automation is present but does not involve LLMs.","Yes","Data editors, Peer reviewers, Third-party/independent reproducers/replicators","reproducibility review simultaneous to manuscript review",
21,"Amelia",TRUE,"Implementing computational reproducibility in the whole tale environment","10.1145/3322790.3330594","2026/07/13 11:57:27","No. Paper is general with no named target discipline.",,"Technical tool/workflow paper",,"Yes","Computational Reproducibility: all necessary data and the computer codes are provided to run the analysis again and recreate the scientific findings (as discussed in the previous section). (p.18)

Whole Tale supports computational reproducibility by enabling researchers to create and package code, data and information about the workflow and computational environment necessary to support review and reproduce results of computational analyses that are reported in published research. Whole Tale implements this definition by supporting explicit citation of externally referenced data, capturing the artifacts and provenance information needed to facilitate understanding, transparency, and execution of the computational processes and workflows used for review and reproducibility at the time of publication. (p. 19)","No. The paper treats reproducibility as context-independent or does not address variation.",,"Yes. The paper actively describes, introduces, or recommends at least one concrete workflow, checklist, or tool.","Step-by-step (explicit)","Containerization (e.g., Docker, Singularity, CodeOcean, Binder, WholeTale, etc.)","Not described","Not described","Partial automation. Some steps are automated and some require human judgment.","No. Automation is present but does not involve LLMs.","No","Authors (self-check), Peer reviewers, Third-party/independent reproducers/replicators","Before submission, proactively, After acceptance, before publication, After publication",
21,"Ineke",TRUE,"Implementing computational reproducibility in the whole tale environment","10.1145/3322790.3330594","2026/06/26 13:20:56","Yes. Paper explicitly targets one or more named disciplines","Political Science","Technical tool/workflow paper",,"Yes","""Computational Reproducibility: all necessary data and the computer codes are provided to run the analysis again and recreate the scientific findings"" (p. 18)","No. The paper treats reproducibility as context-independent or does not address variation.",,"Yes. The paper actively describes, introduces, or recommends at least one concrete workflow, checklist, or tool.","Step-by-step (explicit)","Literate programming/dynamic documents, Containerization (e.g., Docker, Singularity, CodeOcean, Binder, WholeTale, etc.), Version control, Package/dependency management","Not described","Not described","Partial automation. Some steps are automated and some require human judgment.","No. Automation is present but does not involve LLMs.","No","Not described","After acceptance, before publication, After publication",
21,"Mehtab",TRUE,"Implementing computational reproducibility in the whole tale environment","10.1145/3322790.3330594","2026/06/17 11:57:45","No. Paper is general with no named target discipline.",,"Technical tool/workflow paper",,"Yes","""We define computational reproducibility for the Whole Tale project as follows: Whole Tale supports computational reproducibility by enabling researchers to create and package code, data and information about the workflow and computational environment necessary to support review and reproduce results of computational analyses that are reported in published research."" (p. 19)","No. The paper treats reproducibility as context-independent or does not address variation.",,"Yes. The paper actively describes, introduces, or recommends at least one concrete workflow, checklist, or tool.","Step-by-step (explicit)","Containerization (e.g., Docker, Singularity, CodeOcean, Binder, WholeTale, etc.)","Not described","Not described","Partial automation. Some steps are automated and some require human judgment.","No. Automation is present but does not involve LLMs.","No","Peer reviewers, Third-party/independent reproducers/replicators","After acceptance, before publication, After publication",
21,"Elisabetta",TRUE,"Implementing computational reproducibility in the whole tale environment","10.1145/3322790.3330594","2026/06/12 15:44:24","Yes. Paper explicitly targets one or more named disciplines","Political Science","Technical tool/workflow paper",,"Yes","""all necessary data and the computer codes are provided to run the analysis again and 
recreate the scientific findings"" (p.3)","Yes. The paper explicitly notes that reproducibility looks different and is practiced differently depending on context.","Scientific discipline","Yes. The paper actively describes, introduces, or recommends at least one concrete workflow, checklist, or tool.","Step-by-step (explicit)","Containerization (e.g., Docker, Singularity, CodeOcean, Binder, WholeTale, etc.)","Not described","Not described","Partial automation. Some steps are automated and some require human judgment.","No. Automation is present but does not involve LLMs.","No","Peer reviewers, Third-party/independent reproducers/replicators","during publication process",
23,"Amelia",TRUE,"Creating and sharing reproducible research code the workflowr way","10.12688/f1000research.20843.1","2026/06/18 10:50:48","No. Paper is general with no named target discipline.",,"Technical tool/workflow paper",,"Yes","...it can be accessed and run, with outputs that can be corroborated against published results.","No. The paper treats reproducibility as context-independent or does not address variation.",,"Yes. The paper actively describes, introduces, or recommends at least one concrete workflow, checklist, or tool.","Step-by-step (explicit)","Literate programming/dynamic documents, Version control","R","Not described","Full automation. The entire proposed workflow is automated with no required manual steps.","No. Automation is present but does not involve LLMs.","No","Authors (self-check)","Not described",
23,"Ineke",TRUE,"Creating and sharing reproducible research code the workflowr way","10.12688/f1000research.20843.1","2026/07/03 15:10:30","No. Paper is general with no named target discipline.",,"Technical tool/workflow paper",,"Yes","""Verifying and extending such results requires that the code be “reproducible”; that is, it can be accessed and run, with outputs that can be corroborated against published results."" (p. 3)","No. The paper treats reproducibility as context-independent or does not address variation.",,"Yes. The paper actively describes, introduces, or recommends at least one concrete workflow, checklist, or tool.","Step-by-step (explicit)","Literate programming/dynamic documents, Version control","R","Not described","Partial automation. Some steps are automated and some require human judgment.","No. Automation is present but does not involve LLMs.","No","Not described","Not described",
23,"Mehtab",TRUE,"Creating and sharing reproducible research code the workflowr way","10.12688/f1000research.20843.1","2026/06/17 12:13:42","No. Paper is general with no named target discipline.",,"Technical tool/workflow paper",,"Yes","""Verifying and extending such results requires that the code be 'reproducible'; that is, it can be accessed and run, with outputs that can be corroborated against published results."" (p. 3, Introduction)","No. The paper treats reproducibility as context-independent or does not address variation.",,"Yes. The paper actively describes, introduces, or recommends at least one concrete workflow, checklist, or tool.","Step-by-step (explicit)","Literate programming/dynamic documents, Version control","R","Not described","Partial automation. Some steps are automated and some require human judgment.","No. Automation is present but does not involve LLMs.","No","Authors (self-check)","Before submission, proactively",
23,"Elisabetta",TRUE,"Creating and sharing reproducible research code the workflowr way","10.12688/f1000research.20843.1","2026/06/12 15:39:39","No. Paper is general with no named target discipline.",,"Technical tool/workflow paper",,"Yes","reproducible code: ""it can be accessed and run, with outputs that can be corroborated 
against published results"" (p.3)","No. The paper treats reproducibility as context-independent or does not address variation.",,"Yes. The paper actively describes, introduces, or recommends at least one concrete workflow, checklist, or tool.","Step-by-step (explicit)","Literate programming/dynamic documents, Version control","R","Not described","Partial automation. Some steps are automated and some require human judgment.","No. Automation is present but does not involve LLMs.","No","Authors (self-check)","Not described",
25,"Amelia",TRUE,"Toward computational reproducibility: a doctoral student's story of passing the baton","10.1002/pra2.134","2026/07/16 11:06:15","No. Paper is general with no named target discipline.",,"Replication/reproduction attempt",,"Yes","Computational Reproducibility: ""which is characterized by the ability to rerun the computational analyses involved in original research. To test CR requires access to the raw data and code underpinning the original analysis."" (p.688)","Yes. The paper explicitly notes that reproducibility looks different and is practiced differently depending on context.","Operating system (Windows vs. Linux)","No. The paper discusses reproducibility in general but does NOT describe a specific workflow or tool.",,,,,,,"No","Third-party/independent reproducers/replicators","Not described",
25,"Ineke",TRUE,"Toward computational reproducibility: a doctoral student's story of passing the baton","10.1002/pra2.134","2026/07/03 15:10:58","No. Paper is general with no named target discipline.",,"Replication/reproduction attempt",,"Yes","""One form, the focus of much research in information sciences, is computational reproducibility (CR), which is characterized by the ability to rerun the computational analyses involved in original research."" (p. 1)","No. The paper treats reproducibility as context-independent or does not address variation.",,"Yes. The paper actively describes, introduces, or recommends at least one concrete workflow, checklist, or tool.","Step-by-step (explicit)","Not described","Not described","Not described","Partial automation. Some steps are automated and some require human judgment.","No. Automation is present but does not involve LLMs.","No","Not described","Not described",
25,"Mehtab",TRUE,"Toward computational reproducibility: a doctoral student's story of passing the baton","10.1002/pra2.134","2026/06/17 13:51:26","No. Paper is general with no named target discipline.",,"Empirical audit/assessment","Replication/reproduction attempt","Yes","""One form, the focus of much research in information sciences, is computational reproducibility (CR), which is characterized by the ability to rerun the computational analyses involved in original research. To test CR requires access to the raw data and code underpinning the original analysis."" (p. 1, Introduction)","No. The paper treats reproducibility as context-independent or does not address variation.",,"No. The paper discusses reproducibility in general but does NOT describe a specific workflow or tool.",,,,,,,"No","Third-party/independent reproducers/replicators","After publication",
25,"Elisabetta",TRUE,"Toward computational reproducibility: a doctoral student's story of passing the baton","10.1002/pra2.134","2026/06/12 17:24:57","No. Paper is general with no named target discipline.",,"Replication/reproduction attempt",,"Yes","""ability to rerun the computational analyses involved in original research. To test CR requires access to the raw data and code underpinning the original analysis"" (p.1)","No. The paper treats reproducibility as context-independent or does not address variation.",,"Yes. The paper actively describes, introduces, or recommends at least one concrete workflow, checklist, or tool.","Narrative (implicit)","Not described","Not described","Not described","Manual only. The workflow is entirely manual.","Not applicable. E1e = Manual only or Not described.","No","Third-party/independent reproducers/replicators","after submission of another student's PhD dissertation, to check how to extend previous research work",
31,"Amelia",TRUE,"Reproducibility, preservation, and access to research with ReproZip and ReproServer","10.29173/iq969","2026/07/23 18:38:56","No. Paper is general with no named target discipline.",,"Technical tool/workflow paper",,"Yes","Reproducibility: ""...implies that when another researcher tries to rerun the same analysis—using the same data and code as the original creator— they will achieve the same result (Goodman et al., 2016)."" (p. 2)","Yes. The paper explicitly notes that reproducibility looks different and is practiced differently depending on context.","Programming language or software","Yes. The paper actively describes, introduces, or recommends at least one concrete workflow, checklist, or tool.","Step-by-step (explicit)","Containerization (e.g., Docker, Singularity, CodeOcean, Binder, WholeTale, etc.)","Not described","Not described","Partial automation. Some steps are automated and some require human judgment.","No. Automation is present but does not involve LLMs.","No","Authors (self-check), Peer reviewers, Librarians","Not described",
31,"Ineke",TRUE,"Reproducibility, preservation, and access to research with ReproZip and ReproServer","10.29173/iq969","2026/07/03 15:09:53","No. Paper is general with no named target discipline.",,"Technical tool/workflow paper",,"Yes","""Reproducible research implies that when another researcher tries to rerun the same analysis—using the same data and code as the original creator— they will achieve the same result (Goodman et al., 2016)."" (p. 2)","No. The paper treats reproducibility as context-independent or does not address variation.",,"Yes. The paper actively describes, introduces, or recommends at least one concrete workflow, checklist, or tool.","Step-by-step (explicit)","Containerization (e.g., Docker, Singularity, CodeOcean, Binder, WholeTale, etc.), Package/dependency management","Not described","Not described","Partial automation. Some steps are automated and some require human judgment.","No. Automation is present but does not involve LLMs.","No","Not described","Not described",
31,"Mehtab",TRUE,"Reproducibility, preservation, and access to research with ReproZip and ReproServer","10.29173/iq969","2026/06/17 13:42:12","No. Paper is general with no named target discipline.",,"Technical tool/workflow paper",,"Yes","""Reproducible research implies that when another researcher tries to rerun the same analysis—using the same data and code as the original creator—they will achieve the same result (Goodman et al., 2016). (p. 2)""","No. The paper treats reproducibility as context-independent or does not address variation.",,"Yes. The paper actively describes, introduces, or recommends at least one concrete workflow, checklist, or tool.","Step-by-step (explicit)","Containerization (e.g., Docker, Singularity, CodeOcean, Binder, WholeTale, etc.), Package/dependency management","Not described","Not described","Partial automation. Some steps are automated and some require human judgment.","No. Automation is present but does not involve LLMs.","No","Peer reviewers, Third-party/independent reproducers/replicators","After acceptance, before publication, After publication",
31,"Elisabetta",TRUE,"Reproducibility, preservation, and access to research with ReproZip and ReproServer","10.29173/iq969","2026/06/12 18:12:51","No. Paper is general with no named target discipline.",,"Technical tool/workflow paper",,"Yes","""Reproducible research implies that when another researcher tries to rerun the same analysis—using the same data and code as the original creator— they will achieve the same result"" (p.2)","No. The paper treats reproducibility as context-independent or does not address variation.",,"Yes. The paper actively describes, introduces, or recommends at least one concrete workflow, checklist, or tool.","Narrative (implicit)","Containerization (e.g., Docker, Singularity, CodeOcean, Binder, WholeTale, etc.), Package/dependency management","Not described","Not described","Partial automation. Some steps are automated and some require human judgment.","No. Automation is present but does not involve LLMs.","No","Peer reviewers, Third-party/independent reproducers/replicators","After acceptance, before publication, After publication",
33,"Amelia",TRUE,"Documenting computing environments for reproducible experiments","10.3233/apc200106","2026/07/13 19:28:52","No. Paper is general with no named target discipline.",,"Empirical audit/assessment",,"No",,"No. The paper treats reproducibility as context-independent or does not address variation.",,"No. The paper discusses reproducibility in general but does NOT describe a specific workflow or tool.",,,,,,,"No","Third-party/independent reproducers/replicators","After publication",
33,"Ineke",TRUE,"Documenting computing environments for reproducible experiments","10.3233/apc200106","2026/07/03 15:26:24","No. Paper is general with no named target discipline.",,"Technical tool/workflow paper",,"No","There is just a definition of  ""reproducible experiment"":
""In this paper, we define a reproducible experiment as a shared experiment that is repeated for verification and modified for establishing reproducibility."" (p. 757)","No. The paper treats reproducibility as context-independent or does not address variation.",,"Yes. The paper actively describes, introduces, or recommends at least one concrete workflow, checklist, or tool.","Step-by-step (explicit)","Containerization (e.g., Docker, Singularity, CodeOcean, Binder, WholeTale, etc.)","R, Python, C, C++","Survey/experimental","Partial automation. Some steps are automated and some require human judgment.","No. Automation is present but does not involve LLMs.","No","Not described","Not described",
33,"Mehtab",TRUE,"Documenting computing environments for reproducible experiments","10.3233/apc200106","2026/06/17 14:36:24","No. Paper is general with no named target discipline.",,"Technical tool/workflow paper","Empirical audit/assessment","Yes","""In this paper, we define a reproducible experiment as a shared experiment that is repeated for verification and modified for establishing reproducibility. (p. 2)""","No. The paper treats reproducibility as context-independent or does not address variation.",,"Yes. The paper actively describes, introduces, or recommends at least one concrete workflow, checklist, or tool.","Step-by-step (explicit)","Containerization (e.g., Docker, Singularity, CodeOcean, Binder, WholeTale, etc.), Package/dependency management","R, Python, C/C++","Not described","Partial automation. Some steps are automated and some require human judgment.","No. Automation is present but does not involve LLMs.","No","Third-party/independent reproducers/replicators","After publication",
33,"Elisabetta",TRUE,"Documenting computing environments for reproducible experiments","10.3233/apc200106","2026/06/12 18:40:01","No. Paper is general with no named target discipline.",,"Empirical audit/assessment",,"No","The only definition that comes somewhat close is the following, but it does not explicitly indicate same data/same analysis: ""we define a reproducible experiment as a shared experiment that is repeated for verification and modified for establishing reproducibility""","No. The paper treats reproducibility as context-independent or does not address variation.",,"No. The paper discusses reproducibility in general but does NOT describe a specific workflow or tool.",,,,,,,"No","Not described","After publication",
34,"Amelia",TRUE,"Reproducibility and replicability in economics","10.1162/99608f92.4f6b9e67","2026/07/24 05:42:17","Yes. Paper explicitly targets one or more named disciplines","Economics","Conceptual/review paper","Empirical audit/assessment","Yes","Reproducibility: “to the ability [...] to duplicate the results of a prior study using the same materials and procedures as were used by the original investigator” (p. 3)","Yes. The paper explicitly notes that reproducibility looks different and is practiced differently depending on context.","Data type, Data or material license","Yes. The paper actively describes, introduces, or recommends at least one concrete workflow, checklist, or tool.","Narrative (implicit)","Not described","Stata, Matlab","Administrative/register data, Proprietary/confidential data","Not described","Not applicable. E1e = Manual only or Not described.","No","Data editors, Third-party/independent reproducers/replicators","After acceptance, before publication",
34,"Ineke",TRUE,"Reproducibility and replicability in economics","10.1162/99608f92.4f6b9e67","2026/07/03 15:38:16","Yes. Paper explicitly targets one or more named disciplines","Economics","Meta-studies (e.g., scoping review, systematic review, meta-analysis)",,"No",,"Yes. The paper explicitly notes that reproducibility looks different and is practiced differently depending on context.","Data or material license, Programming language or software","No. The paper discusses reproducibility in general but does NOT describe a specific workflow or tool.",,,,,,,"No","Not described","Not described",
34,"Mehtab",TRUE,"Reproducibility and replicability in economics","10.1162/99608f92.4f6b9e67","2026/06/19 09:30:11","Yes. Paper explicitly targets one or more named disciplines","Economics","Meta-studies (e.g., scoping review, systematic review, meta-analysis)",,"No",,"Yes. The paper explicitly notes that reproducibility looks different and is practiced differently depending on context.","Data type","No. The paper discusses reproducibility in general but does NOT describe a specific workflow or tool.",,,,,,,"No","Data editors, Third-party/independent reproducers/replicators","After acceptance, before publication, After publication",
34,"Elisabetta",TRUE,"Reproducibility and replicability in economics","10.1162/99608f92.4f6b9e67","2026/06/15 15:15:01","Yes. Paper explicitly targets one or more named disciplines","Economics","Meta-studies (e.g., scoping review, systematic review, meta-analysis)",,"No",,"Yes. The paper explicitly notes that reproducibility looks different and is practiced differently depending on context.","Data type, Data or material license, what reproducibility has implied over the history of economics","No. The paper discusses reproducibility in general but does NOT describe a specific workflow or tool.",,,,,,,"No","Data editors, Peer reviewers, Third-party/independent reproducers/replicators","After publication, before publication, prior to final acceptance",
45,"Amelia",TRUE,"Toward reusable science with readable code and reproducibility","10.48550/arxiv.2109.10387","2026/06/16 12:24:14","No. Paper is general with no named target discipline.",,"Technical tool/workflow paper","User study (e.g., survey, interview, focus group discussion -- with computational reproducibility as the main topic)","Yes","...defined as the ability to obtain consistent results using the same input data, code, computational steps, and methods (p. 1)","No. The paper treats reproducibility as context-independent or does not address variation.",,"Yes. The paper actively describes, introduces, or recommends at least one concrete workflow, checklist, or tool.","Narrative (implicit)","Literate programming/dynamic documents","R","Not described","Partial automation. Some steps are automated and some require human judgment.","No. Automation is present but does not involve LLMs.","No","Authors (self-check)","Before submission, proactively",
45,"Ineke",TRUE,"Toward reusable science with readable code and reproducibility","10.48550/arxiv.2109.10387","2026/07/06 13:02:17","No. Paper is general with no named target discipline.",,"Technical tool/workflow paper",,"Yes","""Even re-executing published code files can be troublesome, which hinders the prospect of research reproducibility, defined as the ability to obtain consistent results using the same input data, code, computational steps, and methods."" (p. 1)","No. The paper treats reproducibility as context-independent or does not address variation.",,"Yes. The paper actively describes, introduces, or recommends at least one concrete workflow, checklist, or tool.","Step-by-step (explicit)","Containerization (e.g., Docker, Singularity, CodeOcean, Binder, WholeTale, etc.)","R","Not described","Full automation. The entire proposed workflow is automated with no required manual steps.","No. Automation is present but does not involve LLMs.","Yes","Authors (self-check), Data editors, Peer reviewers, ""In addition to the research-sharing infrastructures, our ser-vices could be independently used as a part of the submission system for academic journals."" (p. 7).","Before submission, proactively",
45,"Mehtab",TRUE,"Toward reusable science with readable code and reproducibility","10.48550/arxiv.2109.10387","2026/06/19 10:44:02","No. Paper is general with no named target discipline.",,"Technical tool/workflow paper","Empirical audit/assessment","Yes","""research reproducibility, defined as the ability to obtain consistent results using the same input data, code, computational steps, and methods"" (p. 3)","No. The paper treats reproducibility as context-independent or does not address variation.",,"Yes. The paper actively describes, introduces, or recommends at least one concrete workflow, checklist, or tool.","Step-by-step (explicit)","Containerization (e.g., Docker, Singularity, CodeOcean, Binder, WholeTale, etc.), Package/dependency management","R","Not described","Partial automation. Some steps are automated and some require human judgment.","No. Automation is present but does not involve LLMs.","No","Authors (self-check), Peer reviewers","Before submission, proactively, After acceptance, before publication",
45,"Elisabetta",TRUE,"Toward reusable science with readable code and reproducibility","10.48550/arxiv.2109.10387","2026/06/15 15:41:45","No. Paper is general with no named target discipline.",,"Technical tool/workflow paper",,"Yes","""the ability to obtain consistent results using the same input data, code, computational steps, and methods"" (p.1)","No. The paper treats reproducibility as context-independent or does not address variation.",,"Yes. The paper actively describes, introduces, or recommends at least one concrete workflow, checklist, or tool.","Step-by-step (explicit)","Containerization (e.g., Docker, Singularity, CodeOcean, Binder, WholeTale, etc.)","R","Not described","Full automation. The entire proposed workflow is automated with no required manual steps.","No. Automation is present but does not involve LLMs.","Yes","Authors (self-check), Third-party/independent reproducers/replicators","Before submission, proactively, After publication",
47,"Amelia",TRUE,"The science of open (communication) science: toward an evidence-driven understanding of quality criteria in communication research","10.1093/joc/jqab032","2026/07/14 20:30:13","Yes. Paper explicitly targets one or more named disciplines","Communication science","Conceptual/review paper",,"Yes","Reproducibility: “obtaining consistent results using the same input data; computational steps, methods, and code; and conditions of analysis” (p. 689)","Yes. The paper explicitly notes that reproducibility looks different and is practiced differently depending on context.","Study design, Data type","No. The paper discusses reproducibility in general but does NOT describe a specific workflow or tool.",,,,,,,"No","Not described","Not described",
47,"Ineke",TRUE,"The science of open (communication) science: toward an evidence-driven understanding of quality criteria in communication research","10.1093/joc/jqab032","2026/07/06 13:18:35","Yes. Paper explicitly targets one or more named disciplines","Communication science","Meta-studies (e.g., scoping review, systematic review, meta-analysis)",,"No",,"Yes. The paper explicitly notes that reproducibility looks different and is practiced differently depending on context.","Scientific discipline, Study design, Data type","No. The paper discusses reproducibility in general but does NOT describe a specific workflow or tool.",,,,,,,"No","Not described","Not described",
47,"Mehtab",TRUE,"The science of open (communication) science: toward an evidence-driven understanding of quality criteria in communication research","10.1093/joc/jqab032","2026/06/19 14:31:26","Yes. Paper explicitly targets one or more named disciplines","Communication science","Conceptual/review paper",,"No",,"No. The paper treats reproducibility as context-independent or does not address variation.",,"No. The paper discusses reproducibility in general but does NOT describe a specific workflow or tool.",,,,,,,"No","Not described","Not described",
47,"Elisabetta",TRUE,"The science of open (communication) science: toward an evidence-driven understanding of quality criteria in communication research","10.1093/joc/jqab032","2026/06/15 16:31:01","Yes. Paper explicitly targets one or more named disciplines","Communication science","essay in defense of a ""science of open (communication) science""",,"No",,"Yes. The paper explicitly notes that reproducibility looks different and is practiced differently depending on context.","Scientific discipline, Data type, Data or material license","No. The paper discusses reproducibility in general but does NOT describe a specific workflow or tool.",,,,,,,"No","Third-party/independent reproducers/replicators","Not described","Regarding the badging system (question F1): there is mention of badges, but no system is really explained and they are not really recommended."
51,"Amelia",TRUE,"A reproducible data analysis workflow with R Markdown, Git, Make, and Docker","10.5964/qcmb.3763","2026/07/20 22:17:17","No. Paper is general with no named target discipline.",,"Technical tool/workflow paper","Educational/training resource","Yes","Computational reproducibility: ""...the analysis exactly reproduces at a later point in time even if the computing platform or software is changed"" (Abstract)

Reproducibility: ""...is the ability to obtain identical results from the same statistical analysis and the same data. For us, statistical results are only reproducible if their generating, computational workflow is reported completely and transparently, and remains permanently available, such that the workflow can be re-run by a different person or later in time, and that the results remain identical to those initially reported"" (p.2)","No. The paper treats reproducibility as context-independent or does not address variation.",,"Yes. The paper actively describes, introduces, or recommends at least one concrete workflow, checklist, or tool.","Step-by-step (explicit)","Literate programming/dynamic documents, Containerization (e.g., Docker, Singularity, CodeOcean, Binder, WholeTale, etc.), Version control, Package/dependency management","R","Not described","Partial automation. Some steps are automated and some require human judgment.","No. Automation is present but does not involve LLMs.","No","Authors (self-check)","Not described",
51,"Ineke",TRUE,"A reproducible data analysis workflow with R Markdown, Git, Make, and Docker","10.5964/qcmb.3763","2026/07/06 13:34:34","No. Paper is general with no named target discipline.",,"Technical tool/workflow paper","reproducible analysis as a working example","Yes","""Reproducibility is the ability to obtain identical results from the same statistical analysis and the same data."" (p. 2)","Yes. The paper explicitly notes that reproducibility looks different and is practiced differently depending on context.","Programming language or software","Yes. The paper actively describes, introduces, or recommends at least one concrete workflow, checklist, or tool.","Step-by-step (explicit)","Literate programming/dynamic documents, Containerization (e.g., Docker, Singularity, CodeOcean, Binder, WholeTale, etc.), Version control, Package/dependency management","R","Not described","Partial automation. Some steps are automated and some require human judgment.","No. Automation is present but does not involve LLMs.","No","Not described","Not described",
51,"Mehtab",TRUE,"A reproducible data analysis workflow with R Markdown, Git, Make, and Docker","10.5964/qcmb.3763","2026/06/19 15:05:25","Yes. Paper explicitly targets one or more named disciplines","Psychology","Technical tool/workflow paper","Educational/training resource","Yes","""Reproducibility is the ability to obtain identical results from the same statistical analysis and the same data. For us, statistical results are only reproducible if their generating, computational workflow is reported completely and transparently, and remains permanently available, such that the workflow can be re-run by a different person or later in time, and that the results remain identical to those initially reported (Claerbout & Karrenbach, 1992; Heroux, Barba, Parashar, Stodden, & Taufer, 2018; The Turing Way Community et al., 2019)."" (p. 2)","No. The paper treats reproducibility as context-independent or does not address variation.",,"Yes. The paper actively describes, introduces, or recommends at least one concrete workflow, checklist, or tool.","Step-by-step (explicit)","Literate programming/dynamic documents, Containerization (e.g., Docker, Singularity, CodeOcean, Binder, WholeTale, etc.), Version control, Package/dependency management","R","Not described","Full automation. The entire proposed workflow is automated with no required manual steps.","No. Automation is present but does not involve LLMs.","No","Authors (self-check), Third-party/independent reproducers/replicators","Before submission, proactively, After publication",
51,"Elisabetta",TRUE,"A reproducible data analysis workflow with R Markdown, Git, Make, and Docker","10.5964/qcmb.3763","2026/06/22 09:42:08","No. Paper is general with no named target discipline.",,"Technical tool/workflow paper",,"Yes","""the ability to obtain identical results from the same statistical analysis and the same data"" (p.2)","No. The paper treats reproducibility as context-independent or does not address variation.",,"Yes. The paper actively describes, introduces, or recommends at least one concrete workflow, checklist, or tool.","Step-by-step (explicit)","Literate programming/dynamic documents, Containerization (e.g., Docker, Singularity, CodeOcean, Binder, WholeTale, etc.), Version control, Package/dependency management","R","Not described","Partial automation. Some steps are automated and some require human judgment.","No. Automation is present but does not involve LLMs.","No","Authors (self-check)","Before submission, proactively","Regarding question B1: I answered ""no"" even if the paper is published in ""Quantitative and Computational Methods in Behavioral Sciences"", which contains the name of a specific discipline, because in the text there is no reference to any discipline in particular."
54,"Amelia",TRUE,"WORCS: a workflow for open reproducible code in science","10.3233/ds-210031","2026/07/23 21:10:01","No. Paper is general with no named target discipline.",,"Technical tool/workflow paper",,"Yes","Computational reproducibility: ""..means that a third party can exactly recreate the results from the original data, using the published analysis code."" (p. 39)","No. The paper treats reproducibility as context-independent or does not address variation.",,"Yes. The paper actively describes, introduces, or recommends at least one concrete workflow, checklist, or tool.","Step-by-step (explicit)","Literate programming/dynamic documents, Containerization (e.g., Docker, Singularity, CodeOcean, Binder, WholeTale, etc.), Version control, Package/dependency management","R","Proprietary/confidential data","Partial automation. Some steps are automated and some require human judgment.","No. Automation is present but does not involve LLMs.","Yes","Authors (self-check), Peer reviewers, Third-party/independent reproducers/replicators","Before submission, proactively, After acceptance, before publication",
54,"Ineke",TRUE,"WORCS: a workflow for open reproducible code in science","10.3233/ds-210031","2026/07/06 14:08:58","No. Paper is general with no named target discipline.",,"Technical tool/workflow paper",,"No",,"No. The paper treats reproducibility as context-independent or does not address variation.",,"Yes. The paper actively describes, introduces, or recommends at least one concrete workflow, checklist, or tool.","Step-by-step (explicit)","Literate programming/dynamic documents, Version control, Package/dependency management","R","Not described","Partial automation. Some steps are automated and some require human judgment.","No. Automation is present but does not involve LLMs.","No","Authors (self-check), Peer reviewers","Before submission, proactively, After acceptance, before publication, After publication",
54,"Mehtab",TRUE,"WORCS: a workflow for open reproducible code in science","10.3233/ds-210031","2026/06/19 15:33:09","No. Paper is general with no named target discipline.",,"Technical tool/workflow paper",,"No",,"Yes. The paper explicitly notes that reproducibility looks different and is practiced differently depending on context.","Data type","Yes. The paper actively describes, introduces, or recommends at least one concrete workflow, checklist, or tool.","Step-by-step (explicit)","Literate programming/dynamic documents, Version control, Package/dependency management","R","Proprietary/confidential data","Partial automation. Some steps are automated and some require human judgment.","No. Automation is present but does not involve LLMs.","Yes","Authors (self-check), Peer reviewers, Third-party/independent reproducers/replicators","Before submission, proactively, After acceptance, before publication",
54,"Elisabetta",TRUE,"WORCS: a workflow for open reproducible code in science","10.3233/ds-210031","2026/06/15 17:29:40","No. Paper is general with no named target discipline.",,"Technical tool/workflow paper",,"Yes","""Computational reproducibility means that a third party can exactly recreate the results from the original data, using the published analysis code."" (p.11)","Yes. The paper explicitly notes that reproducibility looks different and is practiced differently depending on context.","Data or material license","Yes. The paper actively describes, introduces, or recommends at least one concrete workflow, checklist, or tool.","Step-by-step (explicit)","Literate programming/dynamic documents, Version control, Package/dependency management","R","Not described","Partial automation. Some steps are automated and some require human judgment.","No. Automation is present but does not involve LLMs.","No","Authors (self-check), Peer reviewers, Third-party/independent reproducers/replicators","Before submission, proactively, After publication, probably also before publication because reviewers are mentioned","In question F1 I answered ""no"" because the paper only mentions the possibility for authors to earn badges, but there is no explanation regarding the badging system nor a proper recommendation to use them."
56,"Amelia",TRUE,"Reproducibility badging and definitions","10.3789/niso-rp-31-2021","2026/07/17 12:23:18","No. Paper is general with no named target discipline.",,"Guidelines/policy paper",,"Yes","Reproducibility: ""obtaining consistent results using the same input data, computational steps, methods, and code, and conditions of analysis."" (p.1)","No. The paper treats reproducibility as context-independent or does not address variation.",,"No. The paper discusses reproducibility in general but does NOT describe a specific workflow or tool.",,,,,,,"Yes","Third-party/independent reproducers/replicators","Not described",
56,"Ineke",TRUE,"Reproducibility badging and definitions","10.3789/niso-rp-31-2021","2026/07/06 14:39:31","No. Paper is general with no named target discipline.",,"Guidelines/policy paper",,"No",,"Yes. The paper explicitly notes that reproducibility looks different and is practiced differently depending on context.","badging schemes","No. The paper discusses reproducibility in general but does NOT describe a specific workflow or tool.",,,,,,,"Yes","Not described","Not described",
56,"Mehtab",TRUE,"Reproducibility badging and definitions","10.3789/niso-rp-31-2021","2026/06/22 14:19:28","No. Paper is general with no named target discipline.",,"Guidelines/policy paper",,"No",,"No. The paper treats reproducibility as context-independent or does not address variation.",,"Yes. The paper actively describes, introduces, or recommends at least one concrete workflow, checklist, or tool.","Narrative (implicit)","Not described","Not described","Not described","Not described","Not applicable. E1e = Manual only or Not described.","Yes","Data editors, Peer reviewers, Third-party/independent reproducers/replicators","After acceptance, before publication, After publication",
56,"Elisabetta",TRUE,"Reproducibility badging and definitions","10.3789/niso-rp-31-2021","2026/06/12 16:13:54","No. Paper is general with no named target discipline.",,"Guidelines/policy paper",,"Yes","""Reproducibility, the practice of validating prior research through the sharing of data and methods"" (abstract)
Results reproduced: ""an independent party has regenerated computational results using the author-created research objects, methods, code, and conditions of analysis"" (p.10)","No. The paper treats reproducibility as context-independent or does not address variation.",,"No. The paper discusses reproducibility in general but does NOT describe a specific workflow or tool.",,,,,,,"Yes","Third-party/independent reproducers/replicators","After acceptance, before publication","Question F2: I chose the option ""after acceptance, before publication"" because it seems to be implied that the papers have to be rated before publication. It is not, however, specified explicitly that it has to be after acceptance."
58,"Amelia",TRUE,"Improving research quality: the view from the UK reproducibility network institutional leads for research improvement","10.1186/s13104-021-05883-3","2026/07/23 18:47:37","No. Paper is general with no named target discipline.",,"Guidelines/policy paper",,"No",,"Yes. The paper explicitly notes that reproducibility looks different and is practiced differently depending on context.","Scientific discipline, Study design","No. The paper discusses reproducibility in general but does NOT describe a specific workflow or tool.",,,,,,,"No","Authors (self-check), Peer reviewers, Third-party/independent reproducers/replicators","Not described",
58,"Ineke",TRUE,"Improving research quality: the view from the UK reproducibility network institutional leads for research improvement","10.1186/s13104-021-05883-3","2026/07/06 14:50:58","No. Paper is general with no named target discipline.",,"Commentary",,"No",,"Yes. The paper explicitly notes that reproducibility looks different and is practiced differently depending on context.","Scientific discipline, types of research activity","No. The paper discusses reproducibility in general but does NOT describe a specific workflow or tool.",,,,,,,"No","Peer reviewers","After acceptance, before publication",
58,"Mehtab",TRUE,"Improving research quality: the view from the UK reproducibility network institutional leads for research improvement","10.1186/s13104-021-05883-3","2026/06/22 14:44:02","No. Paper is general with no named target discipline.",,"Guidelines/policy paper",,"No",,"Yes. The paper explicitly notes that reproducibility looks different and is practiced differently depending on context.","Scientific discipline","No. The paper discusses reproducibility in general but does NOT describe a specific workflow or tool.",,,,,,,"No","Peer reviewers, funders","After acceptance, before publication, end-of-research-grant reporting period.",
58,"Elisabetta",TRUE,"Improving research quality: the view from the UK reproducibility network institutional leads for research improvement","10.1186/s13104-021-05883-3","2026/06/15 17:59:04","No. Paper is general with no named target discipline.",,"Guidelines/policy paper",,"No",,"Yes. The paper explicitly notes that reproducibility looks different and is practiced differently depending on context.","Scientific discipline","No. The paper discusses reproducibility in general but does NOT describe a specific workflow or tool.",,,,,,,"No","Peer reviewers, Third-party/independent reproducers/replicators","after submission, at the peer-review stage","For question F1 on badges I answered ""no"" because the paper does not discuss any badging/scoring system, however it is important to note that the paper seems to suggest using reproducibility as a way to guide hiring decisions and performance incentives of academics. How this would work is not really explained in depth though."
59,"Amelia",TRUE,"Understanding experiments and research practices for reproducibility: an exploratory study","10.7717/peerj.11140","2026/07/22 10:47:24","No. Paper is general with no named target discipline.",,"User study (e.g., survey, interview, focus group discussion -- with computational reproducibility as the main topic)",,"Yes","Reproducibility: ""..if the experiment can be performed to get the same or similar (close-by) results by a different team using a different experimental setup. The different conditions can be in the steps, data, settings, experimental execution environment, etc"" (p.1-2)","Yes. The paper explicitly notes that reproducibility looks different and is practiced differently depending on context.","Scientific discipline","No. The paper discusses reproducibility in general but does NOT describe a specific workflow or tool.",,,,,,,"No","Not described","Not described",
59,"Ineke",TRUE,"Understanding experiments and research practices for reproducibility: an exploratory study","10.7717/peerj.11140","2026/07/06 16:03:21","No. Paper is general with no named target discipline.",,"User study (e.g., survey, interview, focus group discussion -- with computational reproducibility as the main topic)",,"Yes","""We define a scientific experiment as reproducible if the experiment can be performed to get the same or similar (close-by) results by making variations in the original experiment (Samuel, 2019)."" (p. 4)","Yes. The paper explicitly notes that reproducibility looks different and is practiced differently depending on context.","Scientific discipline","No. The paper discusses reproducibility in general but does NOT describe a specific workflow or tool.",,,,,,,"No","Not described","Not described",
59,"Mehtab",TRUE,"Understanding experiments and research practices for reproducibility: an exploratory study","10.7717/peerj.11140","2026/06/23 16:38:16","No. Paper is general with no named target discipline.",,"User study (e.g., survey, interview, focus group discussion -- with computational reproducibility as the main topic)","Guidelines/policy paper","Yes","""We define a scientific experiment as reproducible if the experiment can be performed to get the same or similar (close-by) results by making variations in the original experiment (Samuel, 2019). The variations can be done in one or more of the variables like steps, data, settings, experimental execution environment, agents, order of execution, and time."" (p. 4)

""In contrast, a scientific experiment is said to be repeatable, if the experiment can be performed to get the same results by the same team using the same experimental setup."" (p. 2)","No. The paper treats reproducibility as context-independent or does not address variation.",,"Yes. The paper actively describes, introduces, or recommends at least one concrete workflow, checklist, or tool.","Narrative (implicit)","Not described","Python","Survey/experimental","Not described","Not applicable. E1e = Manual only or Not described.","No","Not described","Not described",
59,"Elisabetta",TRUE,"Understanding experiments and research practices for reproducibility: an exploratory study","10.7717/peerj.11140","2026/06/15 18:40:15","No. Paper is general with no named target discipline.",,"User study (e.g., survey, interview, focus group discussion -- with computational reproducibility as the main topic)",,"Yes","Repeatability: ""a scientific experiment is said to be repeatable, if the experiment can be performed to get the same results by the same team using the same experimental setup"" (p.2).
This seems more fitting than the definition provided for reproducibility: ""a scientific experiment is said to be reproducible, if the experiment can be performed to get the same or similar (close-by) results by a different team using a different experimental setup"" (p.1-2)
""reproducibility as obtaining consistent computational results using the same input data, steps, methods, code, and conditions of analysis"" (p.4)","Yes. The paper explicitly notes that reproducibility looks different and is practiced differently depending on context.","Scientific discipline","Yes. The paper actively describes, introduces, or recommends at least one concrete workflow, checklist, or tool.","Narrative (implicit)","Not described",,"Not described","Not described","Not applicable. E1e = Manual only or Not described.","No","Third-party/independent reproducers/replicators","After publication",
64,"Amelia",TRUE,"Reproducibility signals in science: a preliminary analysis","10.18653/v1/2022.wiesp-1.16","2026/06/15 19:08:16","No. Paper is general with no named target discipline.",,"Empirical audit/assessment",,"No",,"Yes. The paper explicitly notes that reproducibility looks different and is practiced differently depending on context.","Scientific discipline, Study design","No. The paper discusses reproducibility in general but does NOT describe a specific workflow or tool.",,,,,,,"No","Not described","Not described",
64,"Ineke",TRUE,"Reproducibility signals in science: a preliminary analysis","10.18653/v1/2022.wiesp-1.16","2026/07/10 11:26:02","Yes. Paper explicitly targets one or more named disciplines","Computer science","Meta-studies (e.g., scoping review, systematic review, meta-analysis)",,"No",,"No. The paper treats reproducibility as context-independent or does not address variation.",,"No. The paper discusses reproducibility in general but does NOT describe a specific workflow or tool.",,,,,,,"No","Not described","Not described",
64,"Mehtab",TRUE,"Reproducibility signals in science: a preliminary analysis","10.18653/v1/2022.wiesp-1.16","2026/06/23 18:09:49","Yes. Paper explicitly targets one or more named disciplines","Computer Science","Empirical audit/assessment",,"No",,"Yes. The paper explicitly notes that reproducibility looks different and is practiced differently depending on context.","Scientific discipline, Study design","No. The paper discusses reproducibility in general but does NOT describe a specific workflow or tool.",,,,,,,"No","Not described","Not described",
64,"Elisabetta",TRUE,"Reproducibility signals in science: a preliminary analysis","10.18653/v1/2022.wiesp-1.16","2026/06/16 15:33:34","Yes. Paper explicitly targets one or more named disciplines","computer science","examination of how features of papers correlate with their reproducibility",,"No",,"No. The paper treats reproducibility as context-independent or does not address variation.",,"No. The paper discusses reproducibility in general but does NOT describe a specific workflow or tool.",,,,,,,"No","Not described","Not described",
67,"Amelia",TRUE,"Tools and recommendations for reproducible teaching","10.1080/26939169.2022.2138645","2026/07/14 13:41:08","No. Paper is general with no named target discipline.",,"Educational/training resource","Technical tool/workflow paper","Yes","Computational reproducibility is defined as having information about code, data, and software to replicate the findings which usually is beyond what is provided in a traditional research article (p. 252)","No. The paper treats reproducibility as context-independent or does not address variation.",,"Yes. The paper actively describes, introduces, or recommends at least one concrete workflow, checklist, or tool.","Narrative (implicit)","Version control","Not described","Not described","Not described","Not applicable. E1e = Manual only or Not described.","No","Third-party/independent reproducers/replicators","Not described",
67,"Ineke",TRUE,"Tools and recommendations for reproducible teaching","10.1080/26939169.2022.2138645","2026/07/10 11:25:10","Yes. Paper explicitly targets one or more named disciplines","Data science","Educational/training resource",,"Yes","""In research, computational reproducibility is defined as having information about code, data, and software to replicate the findings which usually is beyond what is provided in a traditional research article (Stodden et al. 2013).We define computationally reproducible teaching materials as materials that can be reproduced identically at a later time by the same instructor (e.g., following semester) or by other instructors (i.e., on a different
machine with a different setup and at any point in time). (p. 252)","Yes. The paper explicitly notes that reproducibility looks different and is practiced differently depending on context.","Scientific discipline","Yes. The paper actively describes, introduces, or recommends at least one concrete workflow, checklist, or tool.","Narrative (implicit)","Literate programming/dynamic documents, Version control, Package/dependency management","R","Not described","Partial automation. Some steps are automated and some require human judgment.","No. Automation is present but does not involve LLMs.","No","Not described","Not described",
67,"Mehtab",TRUE,"Tools and recommendations for reproducible teaching","10.1080/26939169.2022.2138645","2026/06/23 18:45:33","Yes. Paper explicitly targets one or more named disciplines","Statistics and Data Science Education","Educational/training resource",,"Yes","""We define computationally reproducible teaching materials as materials that can be reproduced identically at a later time by the same instructor (e.g., following semester) or by other instructors (i.e., on a different machine with a different setup and at any point in time)."" (p. 3)","Yes. The paper explicitly notes that reproducibility looks different and is practiced differently depending on context.","pedagogical/course context","Yes. The paper actively describes, introduces, or recommends at least one concrete workflow, checklist, or tool.","Step-by-step (explicit)","Literate programming/dynamic documents, Version control, Package/dependency management","R","Not described","Partial automation. Some steps are automated and some require human judgment.","No. Automation is present but does not involve LLMs.","No","Authors (self-check)","Not described","The paper is actually out of scope and not really about computational reproducibility but rather reproducibility of teaching materials (can another instructor re-render my slides?). Still I have coded where it fits the coding rules"
67,"Elisabetta",TRUE,"Tools and recommendations for reproducible teaching","10.1080/26939169.2022.2138645","2026/06/16 16:20:06","Yes. Paper explicitly targets one or more named disciplines","data science","Educational/training resource",,"Yes",""" computational reproducibility is defined as having information about code, data, and software to replicate the findings"" (p.3)
""computationally reproducible teaching materials as materials that can be reproduced identically at a later time by the same instructor (e.g., following semester) or by other instructors (i.e., on a different machine with a different setup and at any point in time)"" (p.3)","No. The paper treats reproducibility as context-independent or does not address variation.",,"Yes. The paper actively describes, introduces, or recommends at least one concrete workflow, checklist, or tool.","Step-by-step (explicit)","Literate programming/dynamic documents, Version control, Package/dependency management","R","Not described","Partial automation. Some steps are automated and some require human judgment.","No. Automation is present but does not involve LLMs.","No","instructors of data science courses (reproducibility of teaching material)","Not described",
71,"Amelia",TRUE,"Teaching for Large-Scale Reproducibility Verification","10.1080/26939169.2022.2074582","2026/07/24 07:58:22","Yes. Paper explicitly targets one or more named disciplines","Economics","Educational/training resource","Technical tool/workflow paper","No",,"Yes. The paper explicitly notes that reproducibility looks different and is practiced differently depending on context.","Data type, Data or material license","Yes. The paper actively describes, introduces, or recommends at least one concrete workflow, checklist, or tool.","Step-by-step (explicit)","Version control, Package/dependency management","Stata, Matlab","Administrative/register data, Proprietary/confidential data","Partial automation. Some steps are automated and some require human judgment.","No. Automation is present but does not involve LLMs.","No","Data editors, Third-party/independent reproducers/replicators","After acceptance, before publication",
71,"Ineke",FALSE,"Teaching for Large-Scale Reproducibility Verification","10.1080/26939169.2022.2074582",,,,,,,,,,,,,,,,,,,,
71,"Mehtab",TRUE,"Teaching for Large-Scale Reproducibility Verification","10.1080/26939169.2022.2074582","2026/06/23 22:48:41","Unclear","Economics, Mostly Economics but author says ""We do, however, believe that what we observe is not specific to economics, and could be easily implemented in other (related) disciplines.""","Educational/training resource",,"No",,"Yes. The paper explicitly notes that reproducibility looks different and is practiced differently depending on context.","Scientific discipline","Yes. The paper actively describes, introduces, or recommends at least one concrete workflow, checklist, or tool.","Step-by-step (explicit)","Version control","Stata","Proprietary/confidential data","Manual only. The workflow is entirely manual.","Not applicable. E1e = Manual only or Not described.","No","Data editors, Third-party/independent reproducers/replicators","After acceptance, before publication",
71,"Elisabetta",TRUE,"Teaching for Large-Scale Reproducibility Verification","10.1080/26939169.2022.2074582","2026/06/16 17:00:27","Yes. Paper explicitly targets one or more named disciplines","General social science, STEM disciplines in general","Educational/training resource",,"No",,"No. The paper treats reproducibility as context-independent or does not address variation.",,"Yes. The paper actively describes, introduces, or recommends at least one concrete workflow, checklist, or tool.","Step-by-step (explicit)","Not described","Stata, MATLAB","Not described","Manual only. The workflow is entirely manual.","Not applicable. E1e = Manual only or Not described.","No","Third-party/independent reproducers/replicators","After publication",
73,"Amelia",TRUE,"A backend platform for supporting the reproducibility of computational experiments","10.48550/arxiv.2308.00703","2026/07/13 20:17:15","No. Paper is general with no named target discipline.",,"Technical tool/workflow paper","User study (e.g., survey, interview, focus group discussion -- with computational reproducibility as the main topic)","Yes","Reproducibility is the ability to replicate the results of a study using the original methods, materials, and data (p. 1)","No. The paper treats reproducibility as context-independent or does not address variation.",,"Yes. The paper actively describes, introduces, or recommends at least one concrete workflow, checklist, or tool.","Step-by-step (explicit)","Containerization (e.g., Docker, Singularity, CodeOcean, Binder, WholeTale, etc.)","Not described","Not described","Partial automation. Some steps are automated and some require human judgment.","No. Automation is present but does not involve LLMs.","No","Authors (self-check)","Before submission, proactively",
73,"Ineke",TRUE,"A backend platform for supporting the reproducibility of computational experiments","10.48550/arxiv.2308.00703","2026/07/10 11:26:31","No. Paper is general with no named target discipline.",,"Technical tool/workflow paper","Empirical audit/assessment","Yes","""Reproducibility is the ability to replicate the results of a study using the original methods, materials, and data."" (p. 1)","No. The paper treats reproducibility as context-independent or does not address variation.",,"Yes. The paper actively describes, introduces, or recommends at least one concrete workflow, checklist, or tool.","Step-by-step (explicit)","Containerization (e.g., Docker, Singularity, CodeOcean, Binder, WholeTale, etc.), Package/dependency management","R, Python, C++, Perl, Java (maven), Unix Shell and Jupyter Notebook","Survey/experimental","Partial automation. Some steps are automated and some require human judgment.","No. Automation is present but does not involve LLMs.","No","Not described","Not described",
73,"Mehtab",TRUE,"A backend platform for supporting the reproducibility of computational experiments","10.48550/arxiv.2308.00703","2026/06/23 23:01:59","No. Paper is general with no named target discipline.",,"Technical tool/workflow paper",,"Yes","""Reproducibility is the ability to replicate the results of a study using the original methods, materials, and data."" (p. 1, Introduction)","No. The paper treats reproducibility as context-independent or does not address variation.",,"Yes. The paper actively describes, introduces, or recommends at least one concrete workflow, checklist, or tool.","Step-by-step (explicit)","Containerization (e.g., Docker, Singularity, CodeOcean, Binder, WholeTale, etc.), Package/dependency management","R, Python, C++, Java, Unix Shell","Not described","Partial automation. Some steps are automated and some require human judgment.","No. Automation is present but does not involve LLMs.","No","Authors (self-check), Peer reviewers, Third-party/independent reproducers/replicators","Before submission, proactively",
73,"Elisabetta",TRUE,"A backend platform for supporting the reproducibility of computational experiments","10.48550/arxiv.2308.00703","2026/06/18 15:44:48","Yes. Paper explicitly targets one or more named disciplines","computer science","Technical tool/workflow paper",,"Yes",""" the ability to replicate the results of a study using the original methods, materials, and data""","No. The paper treats reproducibility as context-independent or does not address variation.",,"Yes. The paper actively describes, introduces, or recommends at least one concrete workflow, checklist, or tool.","Step-by-step (explicit)","Containerization (e.g., Docker, Singularity, CodeOcean, Binder, WholeTale, etc.)","Python","Not described","Partial automation. Some steps are automated and some require human judgment.","No. Automation is present but does not involve LLMs.","No","Authors (self-check)","Before submission, proactively",
75,"Amelia",TRUE,"Reinforcing reproducibility and replicability: an introduction","10.1162/99608f92.9ba2bd43","2026/07/24 07:14:44","Yes. Paper explicitly targets one or more named disciplines","Economics","Guidelines/policy paper",,"No",,"Yes. The paper explicitly notes that reproducibility looks different and is practiced differently depending on context.","Data or material license","No. The paper discusses reproducibility in general but does NOT describe a specific workflow or tool.",,,,,,,"No","Authors (self-check), Data editors, Third-party/independent reproducers/replicators","Before submission, proactively, After publication",
75,"Ineke",TRUE,"Reinforcing reproducibility and replicability: an introduction","10.1162/99608f92.9ba2bd43","2026/07/10 11:37:48","Yes. Paper explicitly targets one or more named disciplines","Economics, General social science","Conceptual/review paper",,"No",,"Yes. The paper explicitly notes that reproducibility looks different and is practiced differently depending on context.","Scientific discipline","No. The paper discusses reproducibility in general but does NOT describe a specific workflow or tool.",,,,,,,"No","Not described","Not described",
75,"Mehtab",TRUE,"Reinforcing reproducibility and replicability: an introduction","10.1162/99608f92.9ba2bd43","2026/06/24 14:01:11","Yes. Paper explicitly targets one or more named disciplines","Economics","Conceptual/review paper",,"No",,"Yes. The paper explicitly notes that reproducibility looks different and is practiced differently depending on context.","Scientific discipline","No. The paper discusses reproducibility in general but does NOT describe a specific workflow or tool.",,,,,,,"No","Not described","Not described",
75,"Elisabetta",TRUE,"Reinforcing reproducibility and replicability: an introduction","10.1162/99608f92.9ba2bd43","2026/06/18 16:06:12","Yes. Paper explicitly targets one or more named disciplines","Economics, General social science","introduction of a series of webinars on reproducibility and replicability",,"No",,"No. The paper treats reproducibility as context-independent or does not address variation.",,"No. The paper discusses reproducibility in general but does NOT describe a specific workflow or tool.",,,,,,,"No","the conference will discuss whether checking journals should be responsible for checking reproducibility (or otherwise, who else should), but it is framed as an open question that will be discussed","whether reproducibility should be verifiable at any stage of the process is framed as an open question",
77,"Amelia",TRUE,"Report of the AEA data editor","10.1257/pandp.113.850","2026/07/23 22:12:16","Yes. Paper explicitly targets one or more named disciplines","Economics","Empirical audit/assessment","Guidelines/policy paper","No",,"No. The paper treats reproducibility as context-independent or does not address variation.",,"Yes. The paper actively describes, introduces, or recommends at least one concrete workflow, checklist, or tool.","Narrative (implicit)","Containerization (e.g., Docker, Singularity, CodeOcean, Binder, WholeTale, etc.), Package/dependency management","R, Python, Stata, Julia","Proprietary/confidential data","Manual only. The workflow is entirely manual.","Not applicable. E1e = Manual only or Not described.","No","Data editors, Third-party/independent reproducers/replicators","After acceptance, before publication, After publication",
77,"Ineke",TRUE,"Report of the AEA data editor","10.1257/pandp.113.850","2026/07/10 12:27:36","Yes. Paper explicitly targets one or more named disciplines","Economics","Data Editor Report","Guidelines/policy paper","No",,"No. The paper treats reproducibility as context-independent or does not address variation.",,"Yes. The paper actively describes, introduces, or recommends at least one concrete workflow, checklist, or tool.","Narrative (implicit)","Containerization (e.g., Docker, Singularity, CodeOcean, Binder, WholeTale, etc.)","R, Python, Stata, Julia, Gurobi","Not described","Not described","Not applicable. E1e = Manual only or Not described.","No","Authors (self-check), Data editors, Peer reviewers, Third-party/independent reproducers/replicators","Before submission, proactively, After acceptance, before publication","In the report there are links for guidance, e.g. step-by-step guidance on how to pre-
pare a replication package. However, there is no explicit workflow or guideline."
77,"Mehtab",TRUE,"Report of the AEA data editor","10.1257/pandp.113.850","2026/06/24 14:33:53","Yes. Paper explicitly targets one or more named disciplines","Economics","Institutional report",,"No",,"No. The paper treats reproducibility as context-independent or does not address variation.",,"Yes. The paper actively describes, introduces, or recommends at least one concrete workflow, checklist, or tool.","Narrative (implicit)","Containerization (e.g., Docker, Singularity, CodeOcean, Binder, WholeTale, etc.), Version control","R, Stata, Julia","Proprietary/confidential data","Manual only. The workflow is entirely manual.","Not applicable. E1e = Manual only or Not described.","No","Data editors, Third-party/independent reproducers/replicators","After acceptance, before publication, After publication",
77,"Elisabetta",TRUE,"Report of the AEA data editor","10.1257/pandp.113.850","2026/06/22 10:12:02","Yes. Paper explicitly targets one or more named disciplines","Economics","Guidelines/policy paper",,"No",,"No. The paper treats reproducibility as context-independent or does not address variation.",,"Yes. The paper actively describes, introduces, or recommends at least one concrete workflow, checklist, or tool.","Narrative (implicit)","Containerization (e.g., Docker, Singularity, CodeOcean, Binder, WholeTale, etc.)","Not described","Not described","Partial automation. Some steps are automated and some require human judgment.","No. Automation is present but does not involve LLMs.","Yes","Third-party/independent reproducers/replicators","after submission, before acceptance","Regarding question F2 on the scoring system: I answered ""yes"" because I considered the system of recommendations given after the replication e.g. ""Accept with changes"", ""Revise and resubmit"" etc."
84,"Amelia",TRUE,"Replications in agricultural economics","10.1002/aepp.13386","2026/07/14 14:40:06","Yes. Paper explicitly targets one or more named disciplines","Economics","Guidelines/policy paper",,"Yes","Repeatability: ""Repeatability is examined by using the same data or new data from the same population and exactly the same methodology in a very broad sense as described above. Very small deviations in the results, for example, due to different numerical inaccuracies on different computers, different software, or random differences between the original sample and the new sample of the same population, can be tolerated but the main conclusions need to remain unchanged and differences in estimated magnitudes need to be negligible for those who use these estimated magnitudes."" (p. 1261)","Yes. The paper explicitly notes that reproducibility looks different and is practiced differently depending on context.","Data or material license, Programming language or software","Yes. The paper actively describes, introduces, or recommends at least one concrete workflow, checklist, or tool.","Narrative (implicit)","Not described","Not described","Proprietary/confidential data","Not described","Not applicable. E1e = Manual only or Not described.","No","Data editors, Peer reviewers, Third-party/independent reproducers/replicators","After publication",
84,"Ineke",TRUE,"Replications in agricultural economics","10.1002/aepp.13386","2026/07/10 13:02:38","Yes. Paper explicitly targets one or more named disciplines","Economics","Meta-studies (e.g., scoping review, systematic review, meta-analysis)",,"Yes","""Replications for assessing “repeatability.” Repeatability is examined by using the same
data or new data from the same population and exactly the same methodology in a very
broad sense as described above. Very small deviations in the results, for example, due to different numerical inaccuracies on different computers, different software, or random differences between the original sample and the new sample of the same population, can be tolerated but the main conclusions need to remain unchanged and differences in estimated magnitudes need to be negligible for those who use these estimated magnitudes. (p. 1261)","Yes. The paper explicitly notes that reproducibility looks different and is practiced differently depending on context.","Study design, Programming language or software","No. The paper discusses reproducibility in general but does NOT describe a specific workflow or tool.",,,,,,,"No","Authors (self-check), Data editors, Peer reviewers","Not described","Please note the followig paragraph: ""In this article, we use the terms “replicate”/“replicability.” While some authors use these terms interchangeably with “reproduce”/“reproducibility,” other authors distinguish between these terms and define them differently. We use the terms “reproduce” and “reproducibility” only when we refer to definitions of authors who distinguish between “replicate”/“replicability” and “reproduce”/“reproducibility.”"""
84,"Mehtab",TRUE,"Replications in agricultural economics","10.1002/aepp.13386","2026/06/24 15:14:26","Yes. Paper explicitly targets one or more named disciplines","Agricultural Economics","Guidelines/policy paper",,"No",,"Yes. The paper explicitly notes that reproducibility looks different and is practiced differently depending on context.","Study design","Yes. The paper actively describes, introduces, or recommends at least one concrete workflow, checklist, or tool.","Narrative (implicit)","Not described","Not described","Survey/experimental","Not described","Not applicable. E1e = Manual only or Not described.","No","Third-party/independent reproducers/replicators","After publication",
84,"Elisabetta",TRUE,"Replications in agricultural economics","10.1002/aepp.13386","2026/06/22 10:38:57","Yes. Paper explicitly targets one or more named disciplines","Agriculture economics","Guidelines/policy paper",,"Yes","Repeatability (only definition that seems to be close to reproducibility, although it seems to relax some constraints when it comes to the data part): ""using the same data or new data from the same population and exactly the same methodology in a very broad sense"" (p.4)

Please note that the paper considers several variations on the specific type of repeatability, depending on the available data, methodology followed, etc.","No. The paper treats reproducibility as context-independent or does not address variation.",,"No. The paper discusses reproducibility in general but does NOT describe a specific workflow or tool.",,,,,,,"No","Third-party/independent reproducers/replicators","After publication",
86,"Amelia",TRUE,"What makes computational communication science (ir)reproducible?","10.5117/ccr2024.1.5.chan","2026/07/13 19:49:30","Yes. Paper explicitly targets one or more named disciplines","Communication science","Empirical audit/assessment","Technical tool/workflow paper","Yes","Reproducibility: ""one must perform the same analysis on the same dataset, i.e. execute the code with the data, and check whether the same answer can be obtained consistently.""","No. The paper treats reproducibility as context-independent or does not address variation.",,"Yes. The paper actively describes, introduces, or recommends at least one concrete workflow, checklist, or tool.","Step-by-step (explicit)","Containerization (e.g., Docker, Singularity, CodeOcean, Binder, WholeTale, etc.), Package/dependency management","Not described","Survey/experimental, Not described","Partial automation. Some steps are automated and some require human judgment.","No. Automation is present but does not involve LLMs.","No","Third-party/independent reproducers/replicators","After publication",
86,"Ineke",TRUE,"What makes computational communication science (ir)reproducible?","10.5117/ccr2024.1.5.chan","2026/07/10 13:51:20","Yes. Paper explicitly targets one or more named disciplines","Communication science","Empirical audit/assessment",,"No",,"No. The paper treats reproducibility as context-independent or does not address variation.",,"Yes. The paper actively describes, introduces, or recommends at least one concrete workflow, checklist, or tool.","Step-by-step (explicit)","Containerization (e.g., Docker, Singularity, CodeOcean, Binder, WholeTale, etc.)","R, Python","Not described","Partial automation. Some steps are automated and some require human judgment.","No. Automation is present but does not involve LLMs.","No","Authors (self-check), Data editors, Peer reviewers, Third-party/independent reproducers/replicators","Before submission, proactively, After acceptance, before publication, After publication",
86,"Mehtab",TRUE,"What makes computational communication science (ir)reproducible?","10.5117/ccr2024.1.5.chan","2026/06/24 15:31:45","Yes. Paper explicitly targets one or more named disciplines","Communication science","Empirical audit/assessment",,"Yes","""a result is reproducible 'when the same analysis steps performed on the same dataset consistently produces the same answer'"" (p. 4)","No. The paper treats reproducibility as context-independent or does not address variation.",,"Yes. The paper actively describes, introduces, or recommends at least one concrete workflow, checklist, or tool.","Step-by-step (explicit)","Containerization (e.g., Docker, Singularity, CodeOcean, Binder, WholeTale, etc.), Package/dependency management","R, Python","Digital trace data, Text/NLP","Partial automation. Some steps are automated and some require human judgment.","No. Automation is present but does not involve LLMs.","No","Data editors, Third-party/independent reproducers/replicators","After acceptance, before publication, After publication",
86,"Elisabetta",TRUE,"What makes computational communication science (ir)reproducible?","10.5117/ccr2024.1.5.chan","2026/07/02 15:01:34","Yes. Paper explicitly targets one or more named disciplines","Communication science","Empirical audit/assessment",,"Yes",""" one must perform the same analysis on the same dataset, i.e. execute the code with the data, and check whether the same answer can be obtained consistently"" (p.4)","Yes. The paper explicitly notes that reproducibility looks different and is practiced differently depending on context.","Data type, Data or material license","Yes. The paper actively describes, introduces, or recommends at least one concrete workflow, checklist, or tool.","Step-by-step (explicit)","Literate programming/dynamic documents, Containerization (e.g., Docker, Singularity, CodeOcean, Binder, WholeTale, etc.), Version control, Package/dependency management","R, Python","the paper discusses about the issues of social media data in a section, but most of the paper can be more generically applied to any kind of data","Partial automation. Some steps are automated and some require human judgment.","No. Automation is present but does not involve LLMs.","No","Third-party/independent reproducers/replicators","After publication",
91,"Amelia",TRUE,"CORE-bench: fostering the credibility of published research through a computational reproducibility agent benchmark","10.48550/arxiv.2409.11363","2026/07/22 22:29:36","Yes. Paper explicitly targets one or more named disciplines","General social science","Technical tool/workflow paper","Empirical audit/assessment","Yes","Computational reproducibility: ""..the ability to reproduce the results of a scientific study using the data and code provided by its authors"" (p. 2)","Yes. The paper explicitly notes that reproducibility looks different and is practiced differently depending on context.","Scientific discipline, Programming language or software","Yes. The paper actively describes, introduces, or recommends at least one concrete workflow, checklist, or tool.","Step-by-step (explicit)","Containerization (e.g., Docker, Singularity, CodeOcean, Binder, WholeTale, etc.), Package/dependency management","R, Python","Not described","Full automation. The entire proposed workflow is automated with no required manual steps.","Yes. The paper explicitly mentions LLMs (e.g., GPT, Claude, Llama) as part of the workflow.","No","AI Agents","After publication",
91,"Ineke",TRUE,"CORE-bench: fostering the credibility of published research through a computational reproducibility agent benchmark","10.48550/arxiv.2409.11363","2026/07/10 14:21:18","Yes. Paper explicitly targets one or more named disciplines","General social science, Computer science, Medical science","Technical tool/workflow paper",,"Yes","""Computational reproducibility, the ability to reproduce the results of a scientific study using the data and code provided by its authors, is fundamental to scientific research (Medicine, 2019)."" (p. 2)","No. The paper treats reproducibility as context-independent or does not address variation.",,"Yes. The paper actively describes, introduces, or recommends at least one concrete workflow, checklist, or tool.","Step-by-step (explicit)","Containerization (e.g., Docker, Singularity, CodeOcean, Binder, WholeTale, etc.)","R, Python","Not described","Full automation. The entire proposed workflow is automated with no required manual steps.","Yes. The paper explicitly mentions LLMs (e.g., GPT, Claude, Llama) as part of the workflow.","No","Not described","Not described",
91,"Mehtab",TRUE,"CORE-bench: fostering the credibility of published research through a computational reproducibility agent benchmark","10.48550/arxiv.2409.11363","2026/06/24 15:47:43","Yes. Paper explicitly targets one or more named disciplines","General social science, Medicine, Computer Science","Technical tool/workflow paper","Empirical audit/assessment","Yes","""Computational reproducibility, the ability to reproduce the results of a scientific study using the data and code provided by its authors, is fundamental to scientific research"" (p. 1)
""This task, fundamental to the scientific process, involves reproducing the results of a study using the provided code and data."" (Abstract)","Yes. The paper explicitly notes that reproducibility looks different and is practiced differently depending on context.","Scientific discipline, Programming language or software","Yes. The paper actively describes, introduces, or recommends at least one concrete workflow, checklist, or tool.","Step-by-step (explicit)","Containerization (e.g., Docker, Singularity, CodeOcean, Binder, WholeTale, etc.)","R, Python","Not described","Full automation. The entire proposed workflow is automated with no required manual steps.","Yes. The paper explicitly mentions LLMs (e.g., GPT, Claude, Llama) as part of the workflow.","No","Authors (self-check), Third-party/independent reproducers/replicators","Before submission, proactively, After acceptance, before publication",
91,"Elisabetta",TRUE,"CORE-bench: fostering the credibility of published research through a computational reproducibility agent benchmark","10.48550/arxiv.2409.11363","2026/06/22 12:16:30","Yes. Paper explicitly targets one or more named disciplines","General social science, computer science, medicine","Technical tool/workflow paper","Empirical audit/assessment","Yes","""the ability to reproduce the results of a scientific study using the data and code provided by its authors"" (p.2)","No. The paper treats reproducibility as context-independent or does not address variation.",,"Yes. The paper actively describes, introduces, or recommends at least one concrete workflow, checklist, or tool.","Step-by-step (explicit)","Containerization (e.g., Docker, Singularity, CodeOcean, Binder, WholeTale, etc.), Package/dependency management","R, Python","Not described","Partial automation. Some steps are automated and some require human judgment.","Yes. The paper explicitly mentions LLMs (e.g., GPT, Claude, Llama) as part of the workflow.","No","Third-party/independent reproducers/replicators, AI agents","After publication",
92,"Amelia",TRUE,"Audio-as-data tools: replicating computational data processing","10.17645/mac.7851","2026/07/16 20:14:38","Yes. Paper explicitly targets one or more named disciplines","Communication science","Technical tool/workflow paper",,"Yes","Reproduced processing: ""using the same data and the same methods to produce the same data outcomes, despite using different software to conduct the methods."" (p.4)","Yes. The paper explicitly notes that reproducibility looks different and is practiced differently depending on context.","Programming language or software","Yes. The paper actively describes, introduces, or recommends at least one concrete workflow, checklist, or tool.","Narrative (implicit)","Not described","R, Python","Audio data","Full automation. The entire proposed workflow is automated with no required manual steps.","No. Automation is present but does not involve LLMs.","No","Authors (self-check)","Not described",
92,"Ineke",TRUE,"Audio-as-data tools: replicating computational data processing","10.17645/mac.7851","2026/07/10 15:06:51","Yes. Paper explicitly targets one or more named disciplines","Communication science","Comparison of data preparation practices",,"Yes","""The National Academies of Sciences, Engineering, and Medicine (2019) defines reproducibility as using the same input data and data processing and producing similar results—They describe this as “computational reproducibility” (p. 6)."" (p. 4)

""In the context of computational data processing, we define “reproduced processing” as using the same data and the same methods to produce the same data outcomes, despite using different software to conduct the methods. This definition draws conceptually from the definition of reproduction as using the same data and methods and recognizes software as a research tool that should (but may not) produce similar results."" (p. 4)","Yes. The paper explicitly notes that reproducibility looks different and is practiced differently depending on context.","Data type, Programming language or software","Yes. The paper actively describes, introduces, or recommends at least one concrete workflow, checklist, or tool.","Narrative (implicit)","Not described","Not described","Audio data","Partial automation. Some steps are automated and some require human judgment.","No. Automation is present but does not involve LLMs.","No","Not described","Not described",
92,"Mehtab",TRUE,"Audio-as-data tools: replicating computational data processing","10.17645/mac.7851","2026/07/01 13:07:11","Yes. Paper explicitly targets one or more named disciplines","Communication science","Empirical audit/assessment",,"Yes","""The National Academies of Sciences, Engineering, and Medicine (2019) defines reproducibility as using the same input data and data processing and producing similar results—They describe this as 'computational reproducibility' (p. 6)."" (p. 4)

""In the context of computational data processing, we define 'reproduced processing' as using the same data and the same methods to produce the same data outcomes, despite using different software to conduct the methods."" (p. 4)","Yes. The paper explicitly notes that reproducibility looks different and is practiced differently depending on context.","Data type","No. The paper discusses reproducibility in general but does NOT describe a specific workflow or tool.",,,,,,,"No","Authors (self-check), Third-party/independent reproducers/replicators","Before submission, proactively, After publication",
92,"Elisabetta",TRUE,"Audio-as-data tools: replicating computational data processing","10.17645/mac.7851","2026/06/22 11:52:33","Yes. Paper explicitly targets one or more named disciplines","General social science","Replication/reproduction attempt",,"Yes","""using the same input data and data processing and producing similar results"" (p.4)
Reproduction: ""using the same data and methods"" (p.4)","Yes. The paper explicitly notes that reproducibility looks different and is practiced differently depending on context.","Data type","Yes. The paper actively describes, introduces, or recommends at least one concrete workflow, checklist, or tool.","Narrative (implicit)","Not described","Python","audio data","Partial automation. Some steps are automated and some require human judgment.","Yes. The paper explicitly mentions LLMs (e.g., GPT, Claude, Llama) as part of the workflow.","No","Authors (self-check)","Before submission, proactively",
94,"Amelia",TRUE,"Navigating the landscape of reproducible research: a predictive modeling approach","10.1145/3627673.3679831","2026/06/16 08:19:22","No. Paper is general with no named target discipline.",,"Technical tool/workflow paper",,"No",,"No. The paper treats reproducibility as context-independent or does not address variation.",,"Yes. The paper actively describes, introduces, or recommends at least one concrete workflow, checklist, or tool.","Narrative (implicit)","Not described","Not described","Not described","Partial automation. Some steps are automated and some require human judgment.","No. Automation is present but does not involve LLMs.","Yes","Authors (self-check), Third-party/independent reproducers/replicators","Not described",
94,"Ineke",TRUE,"Navigating the landscape of reproducible research: a predictive modeling approach","10.1145/3627673.3679831","2026/07/13 13:35:25","Yes. Paper explicitly targets one or more named disciplines","Computational science","Empirical audit/assessment","Technical tool/workflow paper","No",,"Yes. The paper explicitly notes that reproducibility looks different and is practiced differently depending on context.","Scientific discipline","Yes. The paper actively describes, introduces, or recommends at least one concrete workflow, checklist, or tool.","Narrative (implicit)","Not described","Not described","Not described","Partial automation. Some steps are automated and some require human judgment.","Yes. The paper explicitly mentions LLMs (e.g., GPT, Claude, Llama) as part of the workflow.","Yes","Authors (self-check), Peer reviewers, Third-party/independent reproducers/replicators","Before submission, proactively, After acceptance, before publication, After publication",
94,"Mehtab",TRUE,"Navigating the landscape of reproducible research: a predictive modeling approach","10.1145/3627673.3679831","2026/07/01 14:49:10","Yes. Paper explicitly targets one or more named disciplines",,"Technical tool/workflow paper",,"No",,"No. The paper treats reproducibility as context-independent or does not address variation.",,"Yes. The paper actively describes, introduces, or recommends at least one concrete workflow, checklist, or tool.","Narrative (implicit)","Not described","Not described","Not described","Partial automation. Some steps are automated and some require human judgment.","Yes. The paper explicitly mentions LLMs (e.g., GPT, Claude, Llama) as part of the workflow.","Yes","Peer reviewers","After acceptance, before publication",
94,"Elisabetta",TRUE,"Navigating the landscape of reproducible research: a predictive modeling approach","10.1145/3627673.3679831","2026/06/22 12:32:40","Yes. Paper explicitly targets one or more named disciplines","computer science","Technical tool/workflow paper",,"No",,"No. The paper treats reproducibility as context-independent or does not address variation.",,"Yes. The paper actively describes, introduces, or recommends at least one concrete workflow, checklist, or tool.","Step-by-step (explicit)","Not described","Python","Not described","Partial automation. Some steps are automated and some require human judgment.","No. Automation is present but does not involve LLMs.","Yes","Third-party/independent reproducers/replicators","After publication",
99,"Amelia",TRUE,"Introducing reproducible research standards at the world bank","10.1162/99608f92.21328ce3","2026/07/16 10:49:39","Yes. Paper explicitly targets one or more named disciplines","Economics","Guidelines/policy paper","Educational/training resource","Yes","Reproducibility: """"Research consumers... should be able to examine and recreate research results easily. This requires documented data sources, clearly written analytical scripts, and validation that all results in published outputs can be reproduced by a third party."" (p.2)","Yes. The paper explicitly notes that reproducibility looks different and is practiced differently depending on context.","Data or material license, Programming language or software","Yes. The paper actively describes, introduces, or recommends at least one concrete workflow, checklist, or tool.","Narrative (implicit)","Not described","Stata","Proprietary/confidential data","Manual only. The workflow is entirely manual.","Not applicable. E1e = Manual only or Not described.","Yes","Third-party but internal team (WB)","After acceptance, before publication",
99,"Ineke",TRUE,"Introducing reproducible research standards at the world bank","10.1162/99608f92.21328ce3","2026/07/10 15:54:16","Yes. Paper explicitly targets one or more named disciplines","Economics","Project manager perspective (on the initiative for reproducible research at the World Bank)",,"No",,"No. The paper treats reproducibility as context-independent or does not address variation.",,"No. The paper discusses reproducibility in general but does NOT describe a specific workflow or tool.",,,,,,,"No","Peer reviewers, Third-party/independent reproducers/replicators","After acceptance, before publication, After publication","There is just a link to the Guidance Note for World Bank Staff and Consultants but no explanations of the workflow in the paper itself."
99,"Mehtab",TRUE,"Introducing reproducible research standards at the world bank","10.1162/99608f92.21328ce3","2026/07/01 15:25:38","Yes. Paper explicitly targets one or more named disciplines","Economics","Guidelines/policy paper",,"Yes","""The reviewer ensures that the reproducibility package provided contains all necessary requirements for a third party to understand and replicate the analysis and that the empirical findings presented in the paper can be exactly reproduced by the data and analytical scripts provided. Specifically, the reviewer verifies that the package is a) complete, producing every output in the manuscript; b) stable, producing the exact same outputs every time it is run; and c) consistent with the paper, meaning that the tables and figures reproduced match exactly those included in the paper."" (Methods and Process, p. 4)","Yes. The paper explicitly notes that reproducibility looks different and is practiced differently depending on context.","Data or material license, Programming language or software","Yes. The paper actively describes, introduces, or recommends at least one concrete workflow, checklist, or tool.","Narrative (implicit)","Not described","Stata","Proprietary/confidential data","Manual only. The workflow is entirely manual.","Not applicable. E1e = Manual only or Not described.","Yes","Peer reviewers","After acceptance, before publication",
99,"Elisabetta",TRUE,"Introducing reproducible research standards at the world bank","10.1162/99608f92.21328ce3","2026/06/22 14:07:22","No. Paper is general with no named target discipline.",,"Guidelines/policy paper",,"No",,"No. The paper treats reproducibility as context-independent or does not address variation.",,"Yes. The paper actively describes, introduces, or recommends at least one concrete workflow, checklist, or tool.","Narrative (implicit)","Not described","Not described","Not described","Not described","Not applicable. E1e = Manual only or Not described.","Yes","internal team of reviewers","After acceptance, before publication",
100,"Amelia",TRUE,"Computational and robustness reproducibility of ""UN peacekeeping and democratization in conflict-affected countries""","10.31235/osf.io/7k2vz","2026/07/20 20:12:28","Yes. Paper explicitly targets one or more named disciplines","Political Science","Replication/reproduction attempt",,"No",,"No. The paper treats reproducibility as context-independent or does not address variation.",,"Yes. The paper actively describes, introduces, or recommends at least one concrete workflow, checklist, or tool.","Step-by-step (explicit)","Not described","R, Stata","Not described","Manual only. The workflow is entirely manual.","Not applicable. E1e = Manual only or Not described.","No","Third-party/independent reproducers/replicators","After publication",
100,"Ineke",TRUE,"Computational and robustness reproducibility of ""UN peacekeeping and democratization in conflict-affected countries""","10.31235/osf.io/7k2vz","2026/07/13 10:31:41","Yes. Paper explicitly targets one or more named disciplines","Political Science","Replication/reproduction attempt",,"No",,"No. The paper treats reproducibility as context-independent or does not address variation.",,"Yes. The paper actively describes, introduces, or recommends at least one concrete workflow, checklist, or tool.","Narrative (implicit)","Not described","R, Stata","Not described","Partial automation. Some steps are automated and some require human judgment.","No. Automation is present but does not involve LLMs.","No","Not described","Not described",
100,"Mehtab",TRUE,"Computational and robustness reproducibility of ""UN peacekeeping and democratization in conflict-affected countries""","10.31235/osf.io/7k2vz","2026/07/01 17:07:49","Yes. Paper explicitly targets one or more named disciplines","Political Science","Replication/reproduction attempt",,"No",,"No. The paper treats reproducibility as context-independent or does not address variation.",,"No. The paper discusses reproducibility in general but does NOT describe a specific workflow or tool.",,,,,,,"No","Third-party/independent reproducers/replicators","After publication",
100,"Elisabetta",TRUE,"Computational and robustness reproducibility of ""UN peacekeeping and democratization in conflict-affected countries""","10.31235/osf.io/7k2vz","2026/06/22 14:24:05","Yes. Paper explicitly targets one or more named disciplines","Political Science","Replication/reproduction attempt",,"No",,"No. The paper treats reproducibility as context-independent or does not address variation.",,"Yes. The paper actively describes, introduces, or recommends at least one concrete workflow, checklist, or tool.","Step-by-step (explicit)","Not described","R, Stata","Administrative/register data","Manual only. The workflow is entirely manual.","Not applicable. E1e = Manual only or Not described.","No","Third-party/independent reproducers/replicators","After publication",
102,"Amelia",TRUE,"In-Class Data Analysis Replications: Teaching Students While Testing Science","10.1162/99608f92.f9720d1f","2026/07/14 21:11:30","No. Paper is general with no named target discipline.",,"Educational/training resource","User study (e.g., survey, interview, focus group discussion -- with computational reproducibility as the main topic)","Yes","Reproducibility: ""different analysts using their independently written data analysis code to reproduce the original estimates and claims, using the same data and the same analysis plan. Such data analysis replication corresponds to a computational reproduction based on the original data, but without the original code."" (p. 3)","No. The paper treats reproducibility as context-independent or does not address variation.",,"Yes. The paper actively describes, introduces, or recommends at least one concrete workflow, checklist, or tool.","Step-by-step (explicit)","Literate programming/dynamic documents","Python","Digital trace data, Text/NLP","Manual only. The workflow is entirely manual.","Not applicable. E1e = Manual only or Not described.","No","Third-party/independent reproducers/replicators","After publication",
102,"Ineke",TRUE,"In-Class Data Analysis Replications: Teaching Students While Testing Science","10.1162/99608f92.f9720d1f","2026/07/13 10:48:16","Yes. Paper explicitly targets one or more named disciplines","Computer science, Data science","Educational/training resource",,"Yes","""Data analysis replication, in particular, entails different analysts using their independently written data analysis code to reproduce the original estimates and claims, using the same data and the same analysis plan (Hofman et al., 2021)."" (p. 3)","No. The paper treats reproducibility as context-independent or does not address variation.",,"No. The paper discusses reproducibility in general but does NOT describe a specific workflow or tool.",,,,,,,"No","Not described","Not described",
102,"Mehtab",TRUE,"In-Class Data Analysis Replications: Teaching Students While Testing Science","10.1162/99608f92.f9720d1f","2026/07/06 09:58:53","Unclear","Data Science","User study (e.g., survey, interview, focus group discussion -- with computational reproducibility as the main topic)","Educational/training resource","Yes","""Data analysis replication, in particular, entails different analysts using their independently written data analysis code to reproduce the original estimates and claims, using the same data and the same analysis plan (Hofman et al., 2021). Such data analysis replication corresponds to a computational reproduction based on the original data, but without the original code (National Academies of Sciences, Engineering, and Medicine, 2019)."" (p. 3, Introduction)","No. The paper treats reproducibility as context-independent or does not address variation.",,"Yes. The paper actively describes, introduces, or recommends at least one concrete workflow, checklist, or tool.","Step-by-step (explicit)","Literate programming/dynamic documents","Python","Text/NLP","Manual only. The workflow is entirely manual.","Not applicable. E1e = Manual only or Not described.","No","Third-party/independent reproducers/replicators","After publication",
102,"Elisabetta",TRUE,"In-Class Data Analysis Replications: Teaching Students While Testing Science","10.1162/99608f92.f9720d1f","2026/06/23 11:06:22","No. Paper is general with no named target discipline.",,"Educational/training resource","Empirical audit/assessment","No",,"No. The paper treats reproducibility as context-independent or does not address variation.",,"Yes. The paper actively describes, introduces, or recommends at least one concrete workflow, checklist, or tool.","Step-by-step (explicit)","Literate programming/dynamic documents","unclear: the paper says in class they mostly use Python, but it does not specify what was used for these replications","Not described","Manual only. The workflow is entirely manual.","Not applicable. E1e = Manual only or Not described.","No","Third-party/independent reproducers/replicators","After publication","Please note, regarding the question on the definition of reproducibility: there is no definition that follows the principle of same data/same code, but there is a definition of replication nonetheless, which implies the code is different: ""Data analysis replication, in particular, entails different analysts using their independently written data analysis code to reproduce the original estimates and claims, using the same data and the same analysis plan (Hofman et al., 2021). Such data analysis replication corresponds to a computational reproduction based on the original data, but without the original code (National Academies of
Sciences, Engineering, and Medicine, 2019)."""
104,"Amelia",TRUE,"Reproduce to validate: a comprehensive study on the reproducibility of economics research","10.1111/caje.12728","2026/07/15 19:27:43","Yes. Paper explicitly targets one or more named disciplines","Economics","Empirical audit/assessment",,"No",,"No. The paper treats reproducibility as context-independent or does not address variation.",,"Yes. The paper actively describes, introduces, or recommends at least one concrete workflow, checklist, or tool.","Narrative (implicit)",,"R, Stata, Matlab, SAS, SPSS, Excel","Proprietary/confidential data","Manual only. The workflow is entirely manual.","Not applicable. E1e = Manual only or Not described.","No","Data editors, Third-party/independent reproducers/replicators","After acceptance, before publication, After publication",
104,"Ineke",TRUE,"Reproduce to validate: a comprehensive study on the reproducibility of economics research","10.1111/caje.12728","2026/07/13 11:45:26","Yes. Paper explicitly targets one or more named disciplines","Economics","Empirical audit/assessment",,"No",,"Yes. The paper explicitly notes that reproducibility looks different and is practiced differently depending on context.","Programming language or software","Yes. The paper actively describes, introduces, or recommends at least one concrete workflow, checklist, or tool.","Narrative (implicit)","Not described","Stata, MATLAB","Not described","Partial automation. Some steps are automated and some require human judgment.","No. Automation is present but does not involve LLMs.","No","Data editors, Third-party/independent reproducers/replicators","After acceptance, before publication",
104,"Mehtab",TRUE,"Reproduce to validate: a comprehensive study on the reproducibility of economics research","10.1111/caje.12728","2026/07/06 10:18:19","Yes. Paper explicitly targets one or more named disciplines","Economics","Empirical audit/assessment",,"Yes","""Throughout the text, we use (computational) reproducibility to refer to “the ability ...to duplicate the results of a prior study using the same materials and procedures as were used by the original investigator (Bollen et al. 2015)"" (Section 3).","No. The paper treats reproducibility as context-independent or does not address variation.",,"Yes. The paper actively describes, introduces, or recommends at least one concrete workflow, checklist, or tool.","Step-by-step (explicit)","Version control","R, Stata","Not described","Manual only. The workflow is entirely manual.","Not applicable. E1e = Manual only or Not described.","Yes","Third-party/independent reproducers/replicators","After publication",
104,"Elisabetta",TRUE,"Reproduce to validate: a comprehensive study on the reproducibility of economics research","10.1111/caje.12728","2026/06/12 15:33:28","Yes. Paper explicitly targets one or more named disciplines","Economics","Empirical audit/assessment",,"No",,"Yes. The paper explicitly notes that reproducibility looks different and is practiced differently depending on context.","Data or material license","Yes. The paper actively describes, introduces, or recommends at least one concrete workflow, checklist, or tool.","Step-by-step (explicit)","Not described","Not described","Not described","Manual only. The workflow is entirely manual.","Not applicable. E1e = Manual only or Not described.","Yes","Third-party/independent reproducers/replicators","After publication",
108,"Amelia",TRUE,"Checklists for computational reproducibility in social sciences: insights from literature and survey evaluation","10.1145/3736731.3746161","2026/07/17 11:08:39","Yes. Paper explicitly targets one or more named disciplines","General social science","Meta-studies (e.g., scoping review, systematic review, meta-analysis)","User study (e.g., survey, interview, focus group discussion -- with computational reproducibility as the main topic)","Yes","Reproducibility: ""the ability of independent investigators to achieve the same outcome from an experiment by following the documentation provided by the original authors"" (p. 180)","Yes. The paper explicitly notes that reproducibility looks different and is practiced differently depending on context.","Scientific discipline, Data type","Yes. The paper actively describes, introduces, or recommends at least one concrete workflow, checklist, or tool.","Step-by-step (explicit)","Literate programming/dynamic documents, Containerization (e.g., Docker, Singularity, CodeOcean, Binder, WholeTale, etc.), Version control, Package/dependency management","Not described","Digital trace data, Proprietary/confidential data","Manual only. The workflow is entirely manual.","Not applicable. E1e = Manual only or Not described.","No","Authors (self-check), Portal moderation/journal-like review","Before submission, proactively",
108,"Ineke",TRUE,"Checklists for computational reproducibility in social sciences: insights from literature and survey evaluation","10.1145/3736731.3746161","2026/07/13 12:31:44","Yes. Paper explicitly targets one or more named disciplines","General social science","Guidelines/policy paper","Meta-studies (e.g., scoping review, systematic review, meta-analysis)","Yes","""Reproducibility is a complex concept that has varying interpretations in different disciplines. It is fundamentally defined as the ability of independent investigators to achieve the same outcome from an experiment by following the documentation provided by the original authors [20]."" (p. 180)","Yes. The paper explicitly notes that reproducibility looks different and is practiced differently depending on context.","Scientific discipline, Data type, Programming language or software, levels of reproducibility (outcome reproducibility vs. analysis reproducibility vs. interpretation reproducibility)","Yes. The paper actively describes, introduces, or recommends at least one concrete workflow, checklist, or tool.","Step-by-step (explicit)","Literate programming/dynamic documents, Containerization (e.g., Docker, Singularity, CodeOcean, Binder, WholeTale, etc.), Version control, Package/dependency management","Not described","Not described","Partial automation. Some steps are automated and some require human judgment.","Yes. The paper explicitly mentions LLMs (e.g., GPT, Claude, Llama) as part of the workflow.","No","Authors (self-check), Data editors, Peer reviewers, Third-party/independent reproducers/replicators","Before submission, proactively, After acceptance, before publication, After publication",
108,"Mehtab",TRUE,"Checklists for computational reproducibility in social sciences: insights from literature and survey evaluation","10.1145/3736731.3746161","2026/07/06 10:40:03","Yes. Paper explicitly targets one or more named disciplines","General social science","Guidelines/policy paper","Meta-studies (e.g., scoping review, systematic review, meta-analysis)","Yes","""It is fundamentally defined as the ability of independent investigators to achieve the same outcome from an experiment by following the documentation provided by the original authors [20]"" (p. 180)","Yes. The paper explicitly notes that reproducibility looks different and is practiced differently depending on context.","Scientific discipline, Data type, Programming language or software","Yes. The paper actively describes, introduces, or recommends at least one concrete workflow, checklist, or tool.","Step-by-step (explicit)","Literate programming/dynamic documents, Containerization (e.g., Docker, Singularity, CodeOcean, Binder, WholeTale, etc.), Version control, Package/dependency management","Not described","Digital trace data","Manual only. The workflow is entirely manual.","Not applicable. E1e = Manual only or Not described.","No","Authors (self-check), Peer reviewers","Before submission, proactively, After acceptance, before publication, After publication",
108,"Elisabetta",TRUE,"Checklists for computational reproducibility in social sciences: insights from literature and survey evaluation","10.1145/3736731.3746161","2026/06/19 18:26:29","Yes. Paper explicitly targets one or more named disciplines","General social science","Meta-studies (e.g., scoping review, systematic review, meta-analysis)","creation of computational reproducibility checklists","Yes","""the ability of independent investigators to achieve the same outcome from an experiment by following the documentation provided by the original authors"" (p.3)","Yes. The paper explicitly notes that reproducibility looks different and is practiced differently depending on context.","Scientific discipline, Data or material license","Yes. The paper actively describes, introduces, or recommends at least one concrete workflow, checklist, or tool.","Step-by-step (explicit)","Literate programming/dynamic documents, Containerization (e.g., Docker, Singularity, CodeOcean, Binder, WholeTale, etc.), Version control, Package/dependency management","Not described","Digital trace data, Proprietary/confidential data","Partial automation. Some steps are automated and some require human judgment.","No. Automation is present but does not involve LLMs.","No","Authors (self-check), Third-party/independent reproducers/replicators","Before submission, proactively, After publication",
112,"Amelia",TRUE,"REPRO-bench: can agentic AI systems assess the reproducibility of social science research?","10.18653/v1/2025.findings-acl.1210","2026/07/16 10:12:13","Yes. Paper explicitly targets one or more named disciplines","General social science","Technical tool/workflow paper",,"Yes","Reproducibility: ""refers to the ability to obtain consistent results using the same data and methods as the original study."" (p.23617)","No. The paper treats reproducibility as context-independent or does not address variation.",,"Yes. The paper actively describes, introduces, or recommends at least one concrete workflow, checklist, or tool.","Step-by-step (explicit)","Package/dependency management","R, Python, Stata, Julia, MATLAB","Not described","Full automation. The entire proposed workflow is automated with no required manual steps.","Yes. The paper explicitly mentions LLMs (e.g., GPT, Claude, Llama) as part of the workflow.","Yes","Third-party/independent reproducers/replicators, AI Agents","After publication",
112,"Ineke",TRUE,"REPRO-bench: can agentic AI systems assess the reproducibility of social science research?","10.18653/v1/2025.findings-acl.1210","2026/07/13 14:08:56","Yes. Paper explicitly targets one or more named disciplines","General social science","Technical tool/workflow paper","Empirical audit/assessment","Yes","""Reproducibility refers to the ability to obtain consistent results using the same data and methods as the original study [...] (Brodeur et al., 2024). We study the capabilities of AI agents in assessing the computational reproducibility of social science papers. We focus on reproducibility using the original raw data, without re-executing the data collection process or introducing new data. Following formal definitions and guidelines (National Academies of Sciences, Engineering, and Medicine, 2019; National Science Foundation, 2022), agents are required to assess the validity of research findings by checking the consistency between reproduced and reported results using provided data processing and analysis scripts."" (p. 23617)","Yes. The paper explicitly notes that reproducibility looks different and is practiced differently depending on context.","Programming language or software, Data format","Yes. The paper actively describes, introduces, or recommends at least one concrete workflow, checklist, or tool.","Step-by-step (explicit)","Not described","R, Stata","Not described","Full automation. The entire proposed workflow is automated with no required manual steps.","Yes. The paper explicitly mentions LLMs (e.g., GPT, Claude, Llama) as part of the workflow.","Yes","Not described","Not described",
112,"Mehtab",TRUE,"REPRO-bench: can agentic AI systems assess the reproducibility of social science research?","10.18653/v1/2025.findings-acl.1210","2026/07/07 13:19:30","Yes. Paper explicitly targets one or more named disciplines","Economics, Political Science, Social Science","Technical tool/workflow paper",,"Yes","""Reproducibility refers to the ability to obtain consistent results using the same data and methods as the original study, while replicability refers to achieving robust results using new data but the same methods (Brodeur et al., 2024)"" (Section 2).","No. The paper treats reproducibility as context-independent or does not address variation.",,"Yes. The paper actively describes, introduces, or recommends at least one concrete workflow, checklist, or tool.","Step-by-step (explicit)","Not described","R","Not described","Full automation. The entire proposed workflow is automated with no required manual steps.","Yes. The paper explicitly mentions LLMs (e.g., GPT, Claude, Llama) as part of the workflow.","Yes","Third-party/independent reproducers/replicators","After publication",
112,"Elisabetta",TRUE,"REPRO-bench: can agentic AI systems assess the reproducibility of social science research?","10.18653/v1/2025.findings-acl.1210","2026/06/23 12:20:04","Yes. Paper explicitly targets one or more named disciplines","General social science","Technical tool/workflow paper","Empirical audit/assessment","Yes","""evaluates the consistency of the reproduced results with the major findings in the original paper using the originally collected data"" (p.1)
""the ability to obtain consistent results using the same data and methods as the original study"" (p.2)","No. The paper treats reproducibility as context-independent or does not address variation.",,"Yes. The paper actively describes, introduces, or recommends at least one concrete workflow, checklist, or tool.","Step-by-step (explicit)","Not described","Not described","Not described","Partial automation. Some steps are automated and some require human judgment.","Yes. The paper explicitly mentions LLMs (e.g., GPT, Claude, Llama) as part of the workflow.","Yes","Third-party/independent reproducers/replicators","After publication",
116,"Amelia",TRUE,"AutoReproduce: automatic AI experiment reproduction with paper lineage","10.48550/arxiv.2505.20662","2026/07/24 09:52:33","No. Paper is general with no named target discipline.",,"Technical tool/workflow paper",,"Yes","Automated experiment reproduction: ""...the task of building LLM agents that generate executable code to reproduce methods and experiments according to the descriptions"" (p.3)","No. The paper treats reproducibility as context-independent or does not address variation.",,"Yes. The paper actively describes, introduces, or recommends at least one concrete workflow, checklist, or tool.","Step-by-step (explicit)","Not described","Python","Not described","Full automation. The entire proposed workflow is automated with no required manual steps.","Yes. The paper explicitly mentions LLMs (e.g., GPT, Claude, Llama) as part of the workflow.","Yes","AI Agents","Not described",
116,"Ineke",TRUE,"AutoReproduce: automatic AI experiment reproduction with paper lineage","10.48550/arxiv.2505.20662","2026/07/13 14:35:22","No. Paper is general with no named target discipline.",,"Technical tool/workflow paper","Empirical audit/assessment","No",,"Yes. The paper explicitly notes that reproducibility looks different and is practiced differently depending on context.","Domain-specific knowledge","Yes. The paper actively describes, introduces, or recommends at least one concrete workflow, checklist, or tool.","Step-by-step (explicit)","Not described","Not described","Not described","Partial automation. Some steps are automated and some require human judgment.","Yes. The paper explicitly mentions LLMs (e.g., GPT, Claude, Llama) as part of the workflow.","Yes","Not described","Not described",
116,"Mehtab",TRUE,"AutoReproduce: automatic AI experiment reproduction with paper lineage","10.48550/arxiv.2505.20662","2026/07/07 13:43:03","Yes. Paper explicitly targets one or more named disciplines","Artificial Intelligence","Technical tool/workflow paper",,"No",,"No. The paper treats reproducibility as context-independent or does not address variation.",,"Yes. The paper actively describes, introduces, or recommends at least one concrete workflow, checklist, or tool.","Step-by-step (explicit)","Not described","Python","Not described","Partial automation. Some steps are automated and some require human judgment.","Yes. The paper explicitly mentions LLMs (e.g., GPT, Claude, Llama) as part of the workflow.","Yes","Not described","Not described",
116,"Elisabetta",TRUE,"AutoReproduce: automatic AI experiment reproduction with paper lineage","10.48550/arxiv.2505.20662","2026/06/23 12:17:25","No. Paper is general with no named target discipline.",,"Technical tool/workflow paper","Empirical audit/assessment","No",,"No. The paper treats reproducibility as context-independent or does not address variation.",,"Yes. The paper actively describes, introduces, or recommends at least one concrete workflow, checklist, or tool.","Step-by-step (explicit)","Not described","Python","Not described","Partial automation. Some steps are automated and some require human judgment.","Yes. The paper explicitly mentions LLMs (e.g., GPT, Claude, Llama) as part of the workflow.","No","Third-party/independent reproducers/replicators","After publication",
118,"Amelia",TRUE,"Tooling for reproducible research: considerations for the past and future of data analysis","10.17713/ajs.v54i3.2052","2026/07/21 14:02:08","No. Paper is general with no named target discipline.",,"Technical tool/workflow paper","Opinion","Yes","Reproducibility: ""...the concept of reproducibility involved communicating the computational details of an analysis to colleagues, collaborators, students, funders, the public, and oneself"" (p. 1–2, Introduction). 

Computational reproducibility: ""..whereby the code and data used to conduct a data analysis can be executed together to reproduce an original published result (usually exactly). "" (p. 2)","No. The paper treats reproducibility as context-independent or does not address variation.",,"Yes. The paper actively describes, introduces, or recommends at least one concrete workflow, checklist, or tool.","Narrative (implicit)","Literate programming/dynamic documents","R, SAS","Not described","Not described","Not applicable. E1e = Manual only or Not described.","No","Not described","Not described",
118,"Ineke",TRUE,"Tooling for reproducible research: considerations for the past and future of data analysis","10.17713/ajs.v54i3.2052","2026/07/13 15:02:25","Yes. Paper explicitly targets one or more named disciplines","Data science","Historical Retrospective on the Beginnings of Reproducibility Research",,"Yes","""The concept of reproducibility we discuss here is sometimes referred to as “computational reproducibility,” whereby the code and data used to conduct a data analysis can be executed together to reproduce an original published result (usually exactly). [...] The definition of reproducibility used in this paper is characterized in greater detail in Patil, Peng, and Leek (2019)."" (pp. 1 f.)","No. The paper treats reproducibility as context-independent or does not address variation.",,"Yes. The paper actively describes, introduces, or recommends at least one concrete workflow, checklist, or tool.","Narrative (implicit)","Literate programming/dynamic documents","R","Not described","Partial automation. Some steps are automated and some require human judgment.","No. Automation is present but does not involve LLMs.","No","Not described","Not described",
118,"Mehtab",TRUE,"Tooling for reproducible research: considerations for the past and future of data analysis","10.17713/ajs.v54i3.2052","2026/07/07 14:06:17","No. Paper is general with no named target discipline.",,"Guidelines/policy paper",,"Yes","""The concept of reproducibility we discuss here is sometimes referred to as 'computational reproducibility,' whereby the code and data used to conduct a data analysis can be executed together to reproduce an original published result (usually exactly)."" (p. 2)","No. The paper treats reproducibility as context-independent or does not address variation.",,"Yes. The paper actively describes, introduces, or recommends at least one concrete workflow, checklist, or tool.","Narrative (implicit)","Literate programming/dynamic documents","R","Not described","Not described","Not applicable. E1e = Manual only or Not described.","No","Third-party/independent reproducers/replicators","After publication",
118,"Elisabetta",TRUE,"Tooling for reproducible research: considerations for the past and future of data analysis","10.17713/ajs.v54i3.2052","2026/06/23 12:53:15","No. Paper is general with no named target discipline.",,"commentary on tools available for reproducible research",,"Yes",""" the code and data used to conduct a data analysis can be executed together to reproduce an original published result (usually exactly)"" (p.2)","No. The paper treats reproducibility as context-independent or does not address variation.",,"Yes. The paper actively describes, introduces, or recommends at least one concrete workflow, checklist, or tool.","Narrative (implicit)","Literate programming/dynamic documents","R","Not described","Partial automation. Some steps are automated and some require human judgment.","No. Automation is present but does not involve LLMs.","No","Third-party/independent reproducers/replicators","After publication",
121,"Amelia",TRUE,"Statistical perspectives on reproducibility: definitions and challenges","10.1007/s42519-025-00459-x","2026/07/22 22:45:22","No. Paper is general with no named target discipline.",,"Meta-studies (e.g., scoping review, systematic review, meta-analysis)",,"Yes","Reproducibility Type A: ""...is the ability to follow the analysis of an experiment based on the same data and a clear description of the data and the method. Stronger version of Reproducibility Type A: Experimental conclusions are reproduced if another researcher applied the same analysis to the same data and reached the same conclusions, using the description of the data and the method provided by the original researcher."" (p. 4, Section 2)","Yes. The paper explicitly notes that reproducibility looks different and is practiced differently depending on context.","Scientific discipline","Yes. The paper actively describes, introduces, or recommends at least one concrete workflow, checklist, or tool.","Narrative (implicit)","Literate programming/dynamic documents","R","Not described","Not described","Not applicable. E1e = Manual only or Not described.","No","Authors (self-check), Data editors, Third-party/independent reproducers/replicators","Not described",
121,"Ineke",TRUE,"Statistical perspectives on reproducibility: definitions and challenges","10.1007/s42519-025-00459-x","2026/07/13 15:29:19","Yes. Paper explicitly targets one or more named disciplines","Statistics","Meta-studies (e.g., scoping review, systematic review, meta-analysis)",,"Yes","""Reproducibility Type A: Reproducibility is the ability to follow the analysis of an
experiment based on the same data and a clear description of the data and the method. Stronger version of Reproducibility Type A: Experimental conclusions are repro-
duced if another researcher applied the same analysis to the same data and reached the same conclusions, using the description of the data and the method provided by
the original researcher."" (p. 4)","Yes. The paper explicitly notes that reproducibility looks different and is practiced differently depending on context.","types of reproducibility","No. The paper discusses reproducibility in general but does NOT describe a specific workflow or tool.",,,,,,,"Yes","Not described","Not described",
121,"Mehtab",TRUE,"Statistical perspectives on reproducibility: definitions and challenges","10.1007/s42519-025-00459-x","2026/07/07 14:26:45","Unclear","Statistics","Meta-studies (e.g., scoping review, systematic review, meta-analysis)","Guidelines/policy paper","Yes","""Reproducibility Type B: Experimental conclusions are reproducible if same data but
a different method of statistical analysis lead to the same conclusion.
Reproducibility Type C: Experimental conclusions are reproducible if new data from
a new study carried out by the same team of scientists in the same laboratory, using
the same method of experiment design and analysis, lead to the same conclusion.
Reproducibility Type D: Experimental conclusions are reproducible if new data from
a new study carried out by a different team of scientists in a different laboratory, using
the same method of experiment design and analysis, lead to the same conclusion.
Reproducibility Type E: Experimental conclusions are reproducible if new data from
a new study, using a different method of experiment design or analysis, lead to the
same conclusion.""(p. 4)","Yes. The paper explicitly notes that reproducibility looks different and is practiced differently depending on context.","Scientific discipline, Study design","Yes. The paper actively describes, introduces, or recommends at least one concrete workflow, checklist, or tool.","Narrative (implicit)","Not described","Not described","Not described","Manual only. The workflow is entirely manual.","Not applicable. E1e = Manual only or Not described.","Yes","Data editors, Third-party/independent reproducers/replicators","Before submission, proactively, After publication",
121,"Elisabetta",TRUE,"Statistical perspectives on reproducibility: definitions and challenges","10.1007/s42519-025-00459-x","2026/06/24 10:22:53","Yes. Paper explicitly targets one or more named disciplines","preclinical research (although most of the paper can be applied to other sciences as well)","Meta-studies (e.g., scoping review, systematic review, meta-analysis)",,"Yes","Stronger version of Reproducibility Type A: ""Experimental conclusions are reproduced if another researcher applied the same analysis to the same data and reached the same conclusions, using the description of the data and the method provided by the original researcher"" (p.4) - in a later section, the paper adds ""In alignment to Reproducibility Type A, the requirement for reproducible research is that the documentation, data and code used for the analysis are available to others, so that they can verify the published results"" (p.5). The paper considers computational reproducibility as part of this type of reproducibility.
Also, to further specify that the definition above refers to reproducibility in the sense we intend: ""Method encompasses experimental design, data collection method, statistical analysis, software used to analyse the data and programming code"" (p.3)","Yes. The paper explicitly notes that reproducibility looks different and is practiced differently depending on context.","Scientific discipline","No. The paper discusses reproducibility in general but does NOT describe a specific workflow or tool.",,,,,,,"Yes","Third-party/independent reproducers/replicators","After publication",
126,"Amelia",TRUE,"Automated Reproducibility Testing in R Markdown","10.1525/collabra.138638","2026/06/18 13:38:35","No. Paper is general with no named target discipline.",,"Technical tool/workflow paper",,"Yes","Computational results are considered reproducible if the same computation on the same data yields the same results if performed on a different computer or on the same computer later in time (Abstract)","No. The paper treats reproducibility as context-independent or does not address variation.",,"Yes. The paper actively describes, introduces, or recommends at least one concrete workflow, checklist, or tool.","Narrative (implicit)","Literate programming/dynamic documents","R","Not described","Full automation. The entire proposed workflow is automated with no required manual steps.","No. Automation is present but does not involve LLMs.","No","Not described","Not described",
126,"Ineke",TRUE,"Automated Reproducibility Testing in R Markdown","10.1525/collabra.138638","2026/07/13 15:57:15","Yes. Paper explicitly targets one or more named disciplines","Psychology","Technical tool/workflow paper",,"Yes","""Computational results are considered reproducible if the same computation on the same
data yields the same results if performed on a different computer or on the same
computer later in time."" (p. 1)
""Computational results, including those from statistical data analyses, are considered reproducible if the same computation on the same data yields the same results if performed on a different computer or on the same computer later in time."" (p. 1)","No. The paper treats reproducibility as context-independent or does not address variation.",,"Yes. The paper actively describes, introduces, or recommends at least one concrete workflow, checklist, or tool.","Step-by-step (explicit)","Literate programming/dynamic documents","R","Not described","Partial automation. Some steps are automated and some require human judgment.","No. Automation is present but does not involve LLMs.","Yes","Authors (self-check), Peer reviewers","Before submission, proactively, After acceptance, before publication, After publication",
126,"Mehtab",TRUE,"Automated Reproducibility Testing in R Markdown","10.1525/collabra.138638","2026/07/07 15:13:12","No. Paper is general with no named target discipline.",,"Technical tool/workflow paper",,"Yes","""Computational results are considered reproducible if the same computation on the same data yields the same results if performed on a different computer or on the same computer later in time."" (Abstract)","No. The paper treats reproducibility as context-independent or does not address variation.",,"Yes. The paper actively describes, introduces, or recommends at least one concrete workflow, checklist, or tool.","Step-by-step (explicit)","Literate programming/dynamic documents","R","Not described","Full automation. The entire proposed workflow is automated with no required manual steps.","No. Automation is present but does not involve LLMs.","No","Authors (self-check), Peer reviewers","Before submission, proactively, After acceptance, before publication",
126,"Elisabetta",TRUE,"Automated Reproducibility Testing in R Markdown","10.1525/collabra.138638","2026/06/24 10:58:44","No. Paper is general with no named target discipline.",,"Technical tool/workflow paper",,"Yes","""Computational results are considered reproducible if the same computation on the same
data yields the same results if performed on a different computer or on the same
computer later in time"" (abstract)
""Computational results, including those from statistical data analyses, are considered reproducible if the same computation on the same data yields the same results if performed on a different computer or on the same computer later in time"" (p.1)","No. The paper treats reproducibility as context-independent or does not address variation.",,"Yes. The paper actively describes, introduces, or recommends at least one concrete workflow, checklist, or tool.","Step-by-step (explicit)","Literate programming/dynamic documents","R","Not described","Partial automation. Some steps are automated and some require human judgment.","No. Automation is present but does not involve LLMs.","Yes","Authors (self-check), Peer reviewers, Third-party/independent reproducers/replicators","Before submission, proactively, After publication, during peer review process",
128,"Amelia",TRUE,"The reliability of replications: a study in computational reproductions","10.1098/rsos.241038","2026/06/18 14:50:31","Yes. Paper explicitly targets one or more named disciplines","General social science","Replication/reproduction attempt",,"Yes","the capacity for assessing the value or accuracy of scientific claims based on the original methods, data and code (p. 6)

Computational replication: Reproducibility, sometimes labelled as computational replication, or computational or analytic reproduction, means obtaining the same results as the original study using the same data and code (p. 8).","Yes. The paper explicitly notes that reproducibility looks different and is practiced differently depending on context.","Study design, Programming language or software","No. The paper discusses reproducibility in general but does NOT describe a specific workflow or tool.",,,,,,,"No","Third-party/independent reproducers/replicators","After publication",
128,"Ineke",TRUE,"The reliability of replications: a study in computational reproductions","10.1098/rsos.241038","2026/07/17 12:27:45","Yes. Paper explicitly targets one or more named disciplines","General social science, Behavioural science","Replication/reproduction attempt",,"Yes","""Reproducibility, sometimes labelled as computational replication, or computational or analytic reproduction, means obtaining the same results as the original study using the same data and code [2,24]."" (p. 8)","Yes. The paper explicitly notes that reproducibility looks different and is practiced differently depending on context.","Programming language or software","No. The paper discusses reproducibility in general but does NOT describe a specific workflow or tool.",,,,,,,"No","Peer reviewers, Third-party/independent reproducers/replicators","After acceptance, before publication",
128,"Mehtab",TRUE,"The reliability of replications: a study in computational reproductions","10.1098/rsos.241038","2026/07/08 11:39:49","Unclear","General social science","Replication/reproduction attempt","Empirical audit/assessment","Yes","""Reproducibility, sometimes labelled as computational replication, or computational or analytic reproduction, means obtaining the same results as the original study using the same data and code"" (Methods)","Yes. The paper explicitly notes that reproducibility looks different and is practiced differently depending on context.","Programming language or software, Computing environments","Yes. The paper actively describes, introduces, or recommends at least one concrete workflow, checklist, or tool.","Narrative (implicit)","Package/dependency management","R, Stata","Survey/experimental","Partial automation. Some steps are automated and some require human judgment.","No. Automation is present but does not involve LLMs.","No","Peer reviewers, Third-party/independent reproducers/replicators, Not described, Elected check persons","After acceptance, before publication",
128,"Elisabetta",TRUE,"The reliability of replications: a study in computational reproductions","10.1098/rsos.241038","2026/06/24 12:16:41","Yes. Paper explicitly targets one or more named disciplines","General social science, behavioural sciences","Empirical audit/assessment",,"Yes","""Computational reproduction is a special case of scientific reliability checking because it involves no research design decision-making. There is no need to specify methods, empirical research questions or define estimands [3,4]. Moreover, the data are pre-existing and ostensibly identical."" (p.6) - this is after a definition cited exactly from another paper.
""Reproducibility, sometimes labelled as computational replication, or computational or analytic reproduction, means obtaining the same results as the original study using the same data and code"" (p.8)","Yes. The paper explicitly notes that reproducibility looks different and is practiced differently depending on context.","skill of researcher","Yes. The paper actively describes, introduces, or recommends at least one concrete workflow, checklist, or tool.","Narrative (implicit)","Not described","R, Stata","Not described","Manual only. The workflow is entirely manual.","Not applicable. E1e = Manual only or Not described.","No","Third-party/independent reproducers/replicators","After publication","Regarding question F2 on the presence of a badging/scoring system: the paper does not mention/describe any, the only way the replications are, to some extent, scored is by the creation of a variable called ""difficult"", that is described in these terms: ""We created a variable called Difficult scored from 0 to 5 from team-mean responses to the question ‘How difficult did you find the replication task in this first phase?"" (p.9)"
132,"Amelia",TRUE,"Long-term effects of the targeting the ultra poor program—a reproducibility and replicability assessment of banerjee et al. (2021)","10.1093/qopen/qoae031","2026/07/21 22:07:25","Yes. Paper explicitly targets one or more named disciplines","Economics","Replication/reproduction attempt",,"No",,"No. The paper treats reproducibility as context-independent or does not address variation.",,"Yes. The paper actively describes, introduces, or recommends at least one concrete workflow, checklist, or tool.","Step-by-step (explicit)","Not described","Stata","Survey/experimental","Manual only. The workflow is entirely manual.","Not applicable. E1e = Manual only or Not described.","Yes","Third-party/independent reproducers/replicators","After publication",
132,"Ineke",TRUE,"Long-term effects of the targeting the ultra poor program—a reproducibility and replicability assessment of banerjee et al. (2021)","10.1093/qopen/qoae031","2026/07/17 13:05:07","Yes. Paper explicitly targets one or more named disciplines","Economics","Replication/reproduction attempt",,"Yes","""First, the assessment starts by a computational reproduction using the author’s code and data."" (p. 2)","No. The paper treats reproducibility as context-independent or does not address variation.",,"Yes. The paper actively describes, introduces, or recommends at least one concrete workflow, checklist, or tool.","Narrative (implicit)","Not described","Stata","Survey/experimental","Partial automation. Some steps are automated and some require human judgment.","No. Automation is present but does not involve LLMs.","Yes","Data editors, Third-party/independent reproducers/replicators","After acceptance, before publication, After publication",
132,"Mehtab",TRUE,"Long-term effects of the targeting the ultra poor program—a reproducibility and replicability assessment of banerjee et al. (2021)","10.1093/qopen/qoae031","2026/07/07 15:39:33","Yes. Paper explicitly targets one or more named disciplines","Economics","Replication/reproduction attempt",,"No",,"No. The paper treats reproducibility as context-independent or does not address variation.",,"Yes. The paper actively describes, introduces, or recommends at least one concrete workflow, checklist, or tool.","Step-by-step (explicit)","Not described","Not described","Survey/experimental","Manual only. The workflow is entirely manual.","Not applicable. E1e = Manual only or Not described.","Yes","Third-party/independent reproducers/replicators","After publication",
132,"Elisabetta",TRUE,"Long-term effects of the targeting the ultra poor program—a reproducibility and replicability assessment of banerjee et al. (2021)","10.1093/qopen/qoae031","2026/06/18 16:41:20","Yes. Paper explicitly targets one or more named disciplines","Economics","Replication/reproduction attempt",,"No",,"No. The paper treats reproducibility as context-independent or does not address variation.",,"Yes. The paper actively describes, introduces, or recommends at least one concrete workflow, checklist, or tool.","Step-by-step (explicit)","Not described","Not described","Survey/experimental","Manual only. The workflow is entirely manual.","Not applicable. E1e = Manual only or Not described.","No","Third-party/independent reproducers/replicators","After publication","Regarding question F1 on the presence of a badging/scoring system: the paper briefly mentions the BITSS levels of computational reproducibility and indicates the rating given to the reproduced paper. However, this rating system is not described, there is only a link to learn more about it."
