openalex_id,title,doi,source_name,publication_year
https://openalex.org/W4237189872,Analysis of Open Data and Computational Reproducibility in Registered Reports in Psychology,https://doi.org/10.31234/osf.io/fk8vh,NA,2019
https://openalex.org/W2973093011,Successes and Struggles with Computational Reproducibility: Lessons from the Fragile Families Challenge,https://doi.org/10.25384/sage.c.4663025.v1,Sage Journals Data,2019
https://openalex.org/W4254064200,Computational reproducibility in archaeological research: Basic principles and a case study of their implementation,https://doi.org/10.31235/osf.io/q4v73,NA,2017
https://openalex.org/W2300554069,Tools and techniques for computational reproducibility,https://doi.org/10.1101/022707,NA,2015
https://openalex.org/W2763696367,Practical computational reproducibility in the life sciences,https://doi.org/10.1101/200683,NA,2017
https://openalex.org/W2791462835,Towards computational reproducibility: researcher perspectives on the use and sharing of software,https://doi.org/10.7287/peerj.preprints.26727v1,NA,2018
https://openalex.org/W4243321652,Successes and struggles with computational reproducibility: Lessons from the Fragile Families Challenge,https://doi.org/10.31235/osf.io/g3pdb,NA,2019
https://openalex.org/W4378676325,A Framework for Moving Beyond Computational Reproducibility: Lessons from Three Reproductions of Geographical Analyses of COVID-19,https://doi.org/10.31222/osf.io/7jqtv,NA,2023
https://openalex.org/W4297793708,Computational reproducibility of Jupyter notebooks from biomedical publications,https://doi.org/10.48550/arxiv.2209.04308,arXiv (Cornell University),2022
https://openalex.org/W4385889766,Computational reproducibility of Jupyter notebooks from biomedical publications,https://doi.org/10.48550/arxiv.2308.07333,arXiv (Cornell University),2023
https://openalex.org/W3009742511,Assessing the impact of introductory programming workshops on the computational reproducibility of biomedical workflows,https://doi.org/10.1101/2020.03.09.983429,NA,2020
https://openalex.org/W4383604285,Computational Reproducibility in Computational Social Science,https://doi.org/10.48550/arxiv.2307.01918,arXiv (Cornell University),2023
https://openalex.org/W4289278171,Promoting computationally reproducible research in applied linguistics: Recommended practices and considerations,https://doi.org/10.31219/osf.io/drw8s,NA,2022
https://openalex.org/W4381163525,The five pillars of computational reproducibility: Bioinformatics and beyond,https://doi.org/10.31219/osf.io/4pd9n,NA,2023
https://openalex.org/W3205587532,FAIRly big: A framework for computationally reproducible processing of large-scale data,https://doi.org/10.1101/2021.10.12.464122,NA,2021
https://openalex.org/W4383070562,Computationally reproducing results from meta-analyses in Ecology and Evolutionary Biology using shared code and data,https://doi.org/10.32942/x2x602,NA,2023
https://openalex.org/W4255384178,Active Maintenance: A Proposal for the Long-term Computational Reproducibility of Scientific Results,https://doi.org/10.31235/osf.io/8jwhk,NA,2020
https://openalex.org/W3210820013,Openness and Computational Reproducibility in Plant Pathology: Where we Stand and a Way Forward,https://doi.org/10.31220/agrirxiv.2021.00082,NA,2021
https://openalex.org/W4241634941,Computational Reproducibility in Archaeological Research: Basic Principles and a Case Study of Their Implementation,https://doi.org/10.31235/osf.io/vknbt,NA,2017
https://openalex.org/W4400190764,A framework for evaluating reproducibility and replicability in economics,https://doi.org/10.1111/ecin.13244,Economic Inquiry,2024
https://openalex.org/W2976412391,Tximeta: reference sequence checksums for provenance identification in RNA-seq,https://doi.org/10.1101/777888,NA,2019
https://openalex.org/W4288037318,The Dire Disregard of Measurement Invariance Testing in Psychological Science,https://doi.org/10.31234/osf.io/n3f5u,NA,2022
https://openalex.org/W4220901028,Practical Reproducibility in Geography and Geosciences,https://doi.org/10.31223/x5xh0z,NA,2022
https://openalex.org/W4238672699,The case for free and open source software in research and scholarship,https://doi.org/10.31235/osf.io/ye7sx,NA,2020
https://openalex.org/W4221165773,Tools and Recommendations for Reproducible Teaching,https://doi.org/10.48550/arxiv.2202.09504,arXiv (Cornell University),2022
https://openalex.org/W4387381065,Benchmark dataset for training machine learning models to predict the pathway involvement of metabolites,https://doi.org/10.1101/2023.10.03.560715,NA,2023
https://openalex.org/W4402509967,Provide Proactive Reproducible Analysis Transparency with Every Publication,https://doi.org/10.48550/arxiv.2408.09103,arXiv (Cornell University),2024
https://openalex.org/W2999367073,A validation framework for neuroimaging software: the case of population receptive fields,https://doi.org/10.1101/2020.01.07.897991,NA,2020
https://openalex.org/W4417113285,Scalable computational reproducibility,https://doi.org/10.59350/2r1jr-f4g75,NA,2021
https://openalex.org/W4230498019,Open Science in Psychophysiology: An Overview of Challenges and Emerging Solutions,https://doi.org/10.31234/osf.io/ryspq,NA,2020
https://openalex.org/W4310842318,Vortex Interaction in Triple Flickering Buoyant Diffusion Flames,https://doi.org/10.48550/arxiv.2201.01585,arXiv (Cornell University),2022
https://openalex.org/W4372403078,Investigating relationships between trait visual imagery and phenomenological control: the role of context effects,https://doi.org/10.31234/osf.io/7qmfj,NA,2023
https://openalex.org/W7118064364,CompRep: A Dataset For Computational Reproducibility,https://doi.org/10.5281/zenodo.18130472,Zenodo (CERN European Organization for Nuclear Research),2025
https://openalex.org/W2947887479,Dispersion relations in non-relativistic two-dimensional materials from quasinormal modes in Hǒrava Gravity,https://doi.org/10.1007/jhep10(2019)087,Journal of High Energy Physics,2019
https://openalex.org/W4402314542,ReproduceMe: Lessons from a pilot project on computational reproducibility,https://doi.org/10.15626/mp.2023.4021,Meta-Psychology,2024
https://openalex.org/W4285196765,Refusal in Data Ethics: Re-imagining the Code Beneath the Code of Computation in the Carceral State,https://doi.org/10.2139/ssrn.4094977,SSRN Electronic Journal,2022
https://openalex.org/W3197956321,"Acceleration of Catalyst Discovery with Easy, Fast, and Reproducible Computational Alchemy    ",https://doi.org/10.22541/au.159200432.26148821,NA,2020
https://openalex.org/W7106291076,On the importance of computational reproducibility in fostering Open and FAIR Science,https://doi.org/10.5281/zenodo.17661884,Zenodo (CERN European Organization for Nuclear Research),2025
https://openalex.org/W4206332772,Denoising diffusion weighted imaging data using convolutional neural networks,https://doi.org/10.1101/2022.01.17.476708,NA,2022
https://openalex.org/W4310429341,Status of reproducibility and open science in hep-lat in 2021,https://doi.org/10.48550/arxiv.2211.15547,arXiv (Cornell University),2022
https://openalex.org/W4254740917,Computational reproducibility,https://doi.org/10.1088/978-0-7503-3287-3ch6,NA,2020
https://openalex.org/W7119058409,Active Maintenance: A Proposal for the Long-term Computational Reproducibility of Scientific Results,https://doi.org/10.60600/yu/stdupi,Yale University Library,2021
https://openalex.org/W4393701218,Dataset of a Study of Computational reproducibility of Jupyter notebooks from biomedical publications,https://doi.org/10.5281/zenodo.6802157,Zenodo (CERN European Organization for Nuclear Research),2023
https://openalex.org/W4393711164,Dataset of a Study of Computational reproducibility of Jupyter notebooks from biomedical publications,https://doi.org/10.5281/zenodo.6802158,Zenodo (CERN European Organization for Nuclear Research),2022
https://openalex.org/W3203103062,Reproducible Research and GIScience: an evaluation using GIScience conference papers,https://doi.org/10.31223/x5zk5v,NA,2020
https://openalex.org/W4288287076,Application of BagIt-Serialized Research Object Bundles for Packaging and Re-execution of Computational Analyses,https://doi.org/10.5281/zenodo.3381754,Zenodo (CERN European Organization for Nuclear Research),2019
https://openalex.org/W4397020953,A Framework for Assessing the Computational Reproducibility of Geo-Simulation Experiments,https://doi.org/10.2139/ssrn.4831508,SSRN Electronic Journal,2024
https://openalex.org/W4247471104,The Acidities of Nucleophilic Monofluoromethylation Reagents: An Anomalous α‐Fluorine Effect,https://doi.org/10.1002/ange.202015614,Angewandte Chemie,2021
https://openalex.org/W4225313509,"Cellxgene VIP unleashes full power of interactive visualization and integrative analysis of scRNA-seq, spatial transcriptomics, and multiome data",https://doi.org/10.21203/rs.3.rs-1544196/v1,NA,2022
https://openalex.org/W4384130937,Containers for computational reproducibility,https://doi.org/10.1038/s43586-023-00244-9,Nature Reviews Methods Primers,2023
https://openalex.org/W4323718572,RANG: Reconstructing reproducible R computational environments,https://doi.org/10.48550/arxiv.2303.04758,arXiv (Cornell University),2023
https://openalex.org/W4409676963,Making data accessible: lessons learned from computational reproducibility of impact evaluations,https://doi.org/10.31219/osf.io/4jvq2_v1,NA,2019
https://openalex.org/W7119800367,CompRep: A Dataset For Computational Reproducibility,https://doi.org/10.5281/zenodo.18199085,Zenodo (CERN European Organization for Nuclear Research),2025
https://openalex.org/W7119917144,CompRep: A Dataset For Computational Reproducibility,https://doi.org/10.5281/zenodo.18199163,Zenodo (CERN European Organization for Nuclear Research),2025
https://openalex.org/W7118093167,CompRep: A Dataset For Computational Reproducibility,https://doi.org/10.5281/zenodo.18134016,Zenodo (CERN European Organization for Nuclear Research),2025
https://openalex.org/W7119752409,CompRep: A Dataset For Computational Reproducibility,https://doi.org/10.5281/zenodo.18199745,Zenodo (CERN European Organization for Nuclear Research),2025
https://openalex.org/W7118088557,CompRep: A Dataset For Computational Reproducibility,https://doi.org/10.5281/zenodo.18130863,Zenodo (CERN European Organization for Nuclear Research),2025
https://openalex.org/W7119936412,CompRep: A Dataset For Computational Reproducibility,https://doi.org/10.5281/zenodo.18199803,Zenodo (CERN European Organization for Nuclear Research),2025
https://openalex.org/W7119664234,CompRep: A Dataset For Computational Reproducibility,https://doi.org/10.5281/zenodo.18197430,Zenodo (CERN European Organization for Nuclear Research),2025
https://openalex.org/W7118073437,CompRep: A Dataset For Computational Reproducibility,https://doi.org/10.5281/zenodo.18134102,Zenodo (CERN European Organization for Nuclear Research),2025
https://openalex.org/W7118078006,CompRep: A Dataset For Computational Reproducibility,https://doi.org/10.5281/zenodo.18134033,Zenodo (CERN European Organization for Nuclear Research),2025
https://openalex.org/W7119958922,CompRep: A Dataset For Computational Reproducibility,https://doi.org/10.5281/zenodo.18199431,Zenodo (CERN European Organization for Nuclear Research),2025
https://openalex.org/W7119780992,CompRep: A Dataset For Computational Reproducibility,https://doi.org/10.5281/zenodo.18197277,Zenodo (CERN European Organization for Nuclear Research),2025
https://openalex.org/W7119720344,CompRep: A Dataset For Computational Reproducibility,https://doi.org/10.5281/zenodo.18199605,Zenodo (CERN European Organization for Nuclear Research),2025
https://openalex.org/W7119762823,CompRep: A Dataset For Computational Reproducibility,https://doi.org/10.5281/zenodo.18198025,Zenodo (CERN European Organization for Nuclear Research),2025
https://openalex.org/W7118066267,CompRep: A Dataset For Computational Reproducibility,https://doi.org/10.5281/zenodo.18133997,Zenodo (CERN European Organization for Nuclear Research),2025
https://openalex.org/W7120087000,CompRep: A Dataset For Computational Reproducibility,https://doi.org/10.5281/zenodo.18199739,Zenodo (CERN European Organization for Nuclear Research),2025
https://openalex.org/W7119869507,CompRep: A Dataset For Computational Reproducibility,https://doi.org/10.5281/zenodo.18198033,Zenodo (CERN European Organization for Nuclear Research),2025
https://openalex.org/W7120053948,CompRep: A Dataset For Computational Reproducibility,https://doi.org/10.5281/zenodo.18199372,Zenodo (CERN European Organization for Nuclear Research),2025
https://openalex.org/W7119732338,CompRep: A Dataset For Computational Reproducibility,https://doi.org/10.5281/zenodo.18199787,Zenodo (CERN European Organization for Nuclear Research),2025
https://openalex.org/W7118090024,CompRep: A Dataset For Computational Reproducibility,https://doi.org/10.5281/zenodo.18134034,Zenodo (CERN European Organization for Nuclear Research),2025
https://openalex.org/W7118083711,CompRep: A Dataset For Computational Reproducibility,https://doi.org/10.5281/zenodo.18134015,Zenodo (CERN European Organization for Nuclear Research),2025
https://openalex.org/W7120190113,CompRep: A Dataset For Computational Reproducibility,https://doi.org/10.5281/zenodo.18199760,Zenodo (CERN European Organization for Nuclear Research),2025
https://openalex.org/W7118089600,CompRep: A Dataset For Computational Reproducibility,https://doi.org/10.5281/zenodo.18133919,Zenodo (CERN European Organization for Nuclear Research),2025
https://openalex.org/W7119648624,CompRep: A Dataset For Computational Reproducibility,https://doi.org/10.5281/zenodo.18199494,Zenodo (CERN European Organization for Nuclear Research),2025
https://openalex.org/W7119945596,CompRep: A Dataset For Computational Reproducibility,https://doi.org/10.5281/zenodo.18197204,Zenodo (CERN European Organization for Nuclear Research),2025
https://openalex.org/W7118081783,CompRep: A Dataset For Computational Reproducibility,https://doi.org/10.5281/zenodo.18133998,Zenodo (CERN European Organization for Nuclear Research),2025
https://openalex.org/W7118087674,CompRep: A Dataset For Computational Reproducibility,https://doi.org/10.5281/zenodo.18134101,Zenodo (CERN European Organization for Nuclear Research),2025
https://openalex.org/W2968825938,Preparing Code and Data for Computational Reproducibility,https://doi.org/10.1109/jcdl.2019.00114,NA,2019
https://openalex.org/W4389500052,On the Role of Charge Transfer Excitations in Non-Fullerene Acceptors for Organic Photovoltaics,https://doi.org/10.48550/arxiv.2312.04459,arXiv (Cornell University),2023
https://openalex.org/W4288803992,Polaronic Optical Transitions in Hematite ($α-Fe_{2}O_{3}$) Revealed by First-Principles Electron-Phonon Coupling,https://doi.org/10.48550/arxiv.2207.14184,arXiv (Cornell University),2022
https://openalex.org/W4389131363,Reproducibility in Management Science,https://doi.org/10.2139/ssrn.4620006,SSRN Electronic Journal,2023
https://openalex.org/W4210644165,Sustainable data analysis with Snakemake,https://doi.org/10.12688/f1000research.29032.1,F1000Research,2021
https://openalex.org/W4229669286,Towards computational reproducibility: researcher perspectives on the use and sharing of software,https://doi.org/10.7287/peerj.preprints.26727,NA,2018
https://openalex.org/W4394560395,Computational reproducibility in archaeological research: Basic principles and a case study of their implementation,https://doi.org/10.6084/m9.figshare.1563661,Figshare,2015
https://openalex.org/W7106527309,Computational Reproducibility Statement for Valero et al. (2025) Mangrove Study.,https://doi.org/10.5281/zenodo.17698141,Zenodo (CERN European Organization for Nuclear Research),2025
https://openalex.org/W3083327903,"OpenAWSEM with Open3SPN2: a fast, flexible, and accessible framework for large-scale coarse-grained biomolecular simulations",https://doi.org/10.1101/2020.09.07.285759,NA,2020
https://openalex.org/W4398266099,Making data accessible: lessons learned from computational reproducibility of impact evaluations,https://doi.org/10.7910/dvn/fpnits,Harvard Dataverse,2019
https://openalex.org/W4403596478,Using Synthetic Data in Communication Sciences and Disorders to Promote Computational Reproducibility and Transparency,https://doi.org/10.31219/osf.io/dutga,NA,2024
https://openalex.org/W4416082646,Using Synthetic Data in Communication Sciences and Disorders to Promote Computational Reproducibility and Transparency,https://doi.org/10.1044/2025_jslhr-24-00736,Journal of Speech Language and Hearing Research,2025
https://openalex.org/W4383468758,HPC-driven computational reproducibility in numerical relativity codes: A use case study with IllinoisGRMHD,https://doi.org/10.48550/arxiv.2307.01343,arXiv (Cornell University),2023
https://openalex.org/W4323924564,Computational Reproducibility in Metabolite Quantification Applied to Short Echo Time in Vivo MR Spectroscopy,https://doi.org/10.48550/arxiv.2303.05147,arXiv (Cornell University),2023
https://openalex.org/W7108335581,"Replication Package for ""Computational Reproducibility and Robustness of Empirical Economics and Political Science Research Between 2022 and 2023""",https://doi.org/10.5281/zenodo.17792605,Zenodo (CERN European Organization for Nuclear Research),2025
https://openalex.org/W4387580093,Reproducibility of COVID-era infectious disease models,https://doi.org/10.1101/2023.10.11.23296911,NA,2023
https://openalex.org/W7104055431,HajkD/DevSeq: DevSeq Scripts,https://doi.org/10.5281/zenodo.17530660,Zenodo (CERN European Organization for Nuclear Research),2025
https://openalex.org/W7133125867,"vaspapmd-lab/R-code-for-Meta-analysis-of-Paired-Binary-Data-with-Unobserved-Dependence-: R codes for manuscript ""Meta-analysis of Paired Binary Data with Unobserved Dependence""",https://doi.org/10.5281/zenodo.18821852,Zenodo (CERN European Organization for Nuclear Research),2026
https://openalex.org/W7133130110,"vaspapmd-lab/R-code-for-Meta-analysis-of-Paired-Binary-Data-with-Unobserved-Dependence-: R codes for manuscript ""Meta-analysis of Paired Binary Data with Unobserved Dependence""",https://doi.org/10.5281/zenodo.18826225,Zenodo (CERN European Organization for Nuclear Research),2026
https://openalex.org/W4393620935,Data from the Cornell LDI Replication Lab,https://doi.org/10.5281/zenodo.2639920,Zenodo (CERN European Organization for Nuclear Research),2019
https://openalex.org/W2950747344,"NG-meta-profiler: fast processing of metagenomes using NGLess, a domain-specific language",https://doi.org/10.1186/s40168-019-0684-8,Microbiome,2019
https://openalex.org/W7133230316,Foundations of Open and Reproducible Research,https://doi.org/10.5281/zenodo.18815258,Zenodo (CERN European Organization for Nuclear Research),2026
https://openalex.org/W7131880688,Data and R scripts supporting: OPTIMIZING BIOMASS ESTIMATES IN RESTORED FORESTS WITH LOCAL WOOD DENSITY DATA,https://doi.org/10.5281/zenodo.18795259,Zenodo (CERN European Organization for Nuclear Research),2026
https://openalex.org/W7111406330,A Unified Framework for Mathematical Relations in Theoretical Physics,https://doi.org/10.5281/zenodo.17859813,Zenodo (CERN European Organization for Nuclear Research),2025
https://openalex.org/W7131077890,Custom target regions BED file used in CHIP analysis workflow (GRCh38),https://doi.org/10.5281/zenodo.18740999,Zenodo (CERN European Organization for Nuclear Research),2026
https://openalex.org/W7133205196,Dataset and Code for Cognitive Load Research Topic Modeling (2006–2025),https://doi.org/10.5281/zenodo.18832326,Zenodo (CERN European Organization for Nuclear Research),2026
https://openalex.org/W7106739820,Urban morphology and building-operational emissions – Code and Sample Data,https://doi.org/10.5281/zenodo.17713200,Zenodo (CERN European Organization for Nuclear Research),2025
https://openalex.org/W7117250330,1boscochiramel/AkashaJyoti_Preprint: EarthArXiv v1.0 — Akāsha Jyoti HAB Proxy Analysis,https://doi.org/10.5281/zenodo.18041085,Zenodo (CERN European Organization for Nuclear Research),2025
https://openalex.org/W7106531905,Universal Flow: Proper Time of Atomic Clocks,https://doi.org/10.5281/zenodo.17685423,Zenodo (CERN European Organization for Nuclear Research),2025
https://openalex.org/W7134053721,Replication Data for: From Survival Reflex to Strategic Statecraft: A Text Mining Analysis of Türkiye’s Mining Policy,https://doi.org/10.17632/mmkgd8srpz.1,Mendeley Data,2026
https://openalex.org/W4293173046,Sharing and Caring: Creating a Culture of Constructive Criticism in Computational Legal Studies,https://doi.org/10.2139/ssrn.4089123,SSRN Electronic Journal,2022
https://openalex.org/W7106238780,A Review of the Reproducibility Ecosystem in Computational Science,https://doi.org/10.5281/zenodo.17660801,Zenodo (CERN European Organization for Nuclear Research),2025
https://openalex.org/W4288287267,Application of BagIt-Serialized Research Object Bundles for Packaging and Re-execution of Computational Analyses,https://doi.org/10.5281/zenodo.3268966,Zenodo (CERN European Organization for Nuclear Research),2019
https://openalex.org/W4288287063,Application of BagIt-Serialized Research Object Bundles for Packaging and Re-execution of Computational Analyses,https://doi.org/10.5281/zenodo.3271763,Zenodo (CERN European Organization for Nuclear Research),2019
https://openalex.org/W7134071259,Synthetic Agricultural Datasets for Computational Stress-Testing (CROP-LENS Framework),https://doi.org/10.5281/zenodo.18890133,Zenodo (CERN European Organization for Nuclear Research),2025
https://openalex.org/W7104022352,The Theory of Opposites,https://doi.org/10.5281/zenodo.17521919,Zenodo (CERN European Organization for Nuclear Research),2025
https://openalex.org/W7133221515,simpeg-research/Moshtaghian-et-al-2026-aem-nwt: v1.0.1 — AGU Advances Submission Version (Zenodo Archive),https://doi.org/10.5281/zenodo.18841706,Zenodo (CERN European Organization for Nuclear Research),2026
https://openalex.org/W7134229624,Explainable Machine Learning for Breast Cancer Prediction in Resource-Constrained Settings: A Multi-Algorithmic Framework Integrating SHAP-Based Transparency with Clinical Decision Support — Analytical Codebase,https://doi.org/10.5281/zenodo.18928723,Zenodo (CERN European Organization for Nuclear Research),2026
https://openalex.org/W4412147523,"Replication report for Marwick (2025) “Is archaeology a science?”, including new data from OpenAlex",https://doi.org/10.31235/osf.io/97a6q_v2,NA,2025
https://openalex.org/W7108331146,The Law of Geometric Order (LGO): Final Derivation and Fully Reproducible Deterministic Solution to the Prime Gap Problem,https://doi.org/10.5281/zenodo.17787178,Zenodo (CERN European Organization for Nuclear Research),2025
https://openalex.org/W4413085256,"Replication report for Marwick (2025) “Is archaeology a science?”, including new data from OpenAlex",https://doi.org/10.31235/osf.io/97a6q_v3,NA,2025
https://openalex.org/W4410912419,"Is Archaeology a science? Insights and imperatives from 10,000 articles and a year of reproducibility reviews",https://doi.org/10.31235/osf.io/fdhvb_v4,NA,2025
https://openalex.org/W7132852107,Data Package for Event Study about ELTIF and Neobroker cooperation announcements,https://doi.org/10.5281/zenodo.18819096,Zenodo (CERN European Organization for Nuclear Research),2026
https://openalex.org/W7125691393,Integrate Computational Replay in Institutional Repositories,https://doi.org/10.5281/zenodo.18343919,Zenodo (CERN European Organization for Nuclear Research),2026
https://openalex.org/W4229535356,Reproducibility Practice in High Performance Computing: Community Survey Results,https://doi.org/10.22541/au.162569014.42317740/v1,NA,2021
https://openalex.org/W4393462043,Dataset for: Feasibility study to improve clinical trial transparency with individualized report cards at a large university medical center,https://doi.org/10.5281/zenodo.10467054,Zenodo (CERN European Organization for Nuclear Research),2024
https://openalex.org/W7105828294,Formal Comparative Analysis of the Unified Field Fidelity (UFF) Framework and the Resonance-Suppression Model (RSM),https://doi.org/10.5281/zenodo.17622888,Zenodo (CERN European Organization for Nuclear Research),2025
https://openalex.org/W7134179177,ahmetbengoz/horizon-europe-revealed-importance: Initial research release – Horizon Europe revealed importance framework,https://doi.org/10.5281/zenodo.18913513,Zenodo (CERN European Organization for Nuclear Research),2026
https://openalex.org/W7118165183,PupEyes: An interactive Python library for eye movement data processing,https://doi.org/10.3758/s13428-025-02830-z,Behavior Research Methods,2026
https://openalex.org/W7124450837,Spectral Regularization of the Lonely Runner Conjecture: The Hard-Deck Limit and ACI Manifold Rupture,https://doi.org/10.5281/zenodo.18274738,Zenodo (CERN European Organization for Nuclear Research),2026
https://openalex.org/W7107866029,Independent Audit and Stress-Testing of UBP 3.6: A Formal Computational Review and Verification Suite,https://doi.org/10.5281/zenodo.17732796,Zenodo (CERN European Organization for Nuclear Research),2025
https://openalex.org/W4415334698,Semantic Representation of Processes with Ontology Design Patterns,https://doi.org/10.48550/arxiv.2509.23776,ArXiv.org,2025
https://openalex.org/W7128025705,Replication code for: Understanding Comorbidities in Hypermobile Ehlers-Danlos Syndrome: Could a Viral Infection Unmask the Disorder?,https://doi.org/10.5281/zenodo.18508714,Zenodo (CERN European Organization for Nuclear Research),2026
https://openalex.org/W7105745012,Thermodynamic Cognitive Homeostasis (TCH): A Subjective Physics Approach to Self-Regulating AI,https://doi.org/10.5281/zenodo.17607736,Zenodo (CERN European Organization for Nuclear Research),2025
https://openalex.org/W7133839498,Reproducibility Practices in Scientific Computing: A Community Survey,https://doi.org/10.5281/zenodo.18860612,Zenodo (CERN European Organization for Nuclear Research),2026
https://openalex.org/W4407823255,"Is Archaeology a science? Insights and imperatives from 10,000 articles and a year of reproducibility reviews",https://doi.org/10.31235/osf.io/fdhvb_v1,NA,2025
https://openalex.org/W7127577228,PhiLogos: A Bounded Reasoning Kernel and Reference Implementation,https://doi.org/10.6084/m9.figshare.31253584,Figshare,2026
https://openalex.org/W4410462954,"Is Archaeology a science? Insights and imperatives from 10,000 articles and a year of reproducibility reviews",https://doi.org/10.31235/osf.io/fdhvb_v2,NA,2025
https://openalex.org/W4394049151,A comment on Dincecco et al. (2022): Pre-colonial warfare and long-run development in India,https://doi.org/10.5281/zenodo.7950932,NA,2023
https://openalex.org/W4410875030,"Is Archaeology a science? Insights and imperatives from 10,000 articles and a year of reproducibility reviews",https://doi.org/10.31235/osf.io/fdhvb_v3,NA,2025
https://openalex.org/W7127648247,"Research Data and Code for ""Feasibility Mapping in Latent Space Reveals Transferability Limits Across Electrochemical Energy Storage Materials""",https://doi.org/10.5281/zenodo.18486311,Zenodo (CERN European Organization for Nuclear Research),2026
https://openalex.org/W7117744818,"Informational Entropic Gravity (IEG) Simulation Dataset Supporting Figures 2, 3 and 4",https://doi.org/10.5281/zenodo.18097170,Zenodo (CERN European Organization for Nuclear Research),2025
https://openalex.org/W4393790475,A comment on Dincecco et al. (2022): Pre-colonial warfare and long-run development in India,https://doi.org/10.5281/zenodo.7950931,Zenodo (CERN European Organization for Nuclear Research),2023
https://openalex.org/W7104609463,"Module ""Reproducibility and Code Management"", ETH Domain Data Management Campus",https://doi.org/10.5281/zenodo.17541529,Zenodo (CERN European Organization for Nuclear Research),2025
https://openalex.org/W7124446711,Single Bouts and 8-Weeks of Resistance Training Drives Different a Lactate-Butyrate-Dopamine Axis Linking Gut Microbiota to Reward and Neuroplasticity,https://doi.org/10.5281/zenodo.18267974,Zenodo (CERN European Organization for Nuclear Research),2026
https://openalex.org/W4244059307,Spatiotemporal development of coexisting wave domains of Rho activity in the cell cortex,https://doi.org/10.21203/rs.3.rs-300938/v1,Research Square (Research Square),2021
https://openalex.org/W7106301705,"Script and Data: The impact of self-confidence, perceived accuracy, and trust on the use of decision support advice",https://doi.org/10.17632/4ycdkbvcxp,Mendeley Data,2025
https://openalex.org/W4233686191,Suitable reporting for the reproducible research: an added value in the analysis of proteomics data,https://doi.org/10.7287/peerj.preprints.2823,NA,2017
https://openalex.org/W2921329221,"CGAT-core: a python framework for building scalable, reproducible computational biology workflows",https://doi.org/10.12688/f1000research.18674.1,F1000Research,2019
https://openalex.org/W4415584949,Overcoming barriers to reproducibility in geoscientific data analysis: Challenges and practical implementation strategies,https://doi.org/10.5194/egusphere-2025-5210,NA,2025
https://openalex.org/W4409673339,Open Science in Psychophysiology: An Overview of Challenges and Emerging Solutions,https://doi.org/10.31234/osf.io/ryspq_v1,NA,2020
https://openalex.org/W7106565825,GSPT-Based Critical Dynamics of 3I/ATLAS: Complete Dataset and Reproduction Package,https://doi.org/10.5281/zenodo.17695884,Zenodo (CERN European Organization for Nuclear Research),2025
https://openalex.org/W4309393481,Simulating Charged Defects in Silicon Dangling Bond Logic Systems to Evaluate Logic Robustness,https://doi.org/10.48550/arxiv.2211.08698,arXiv (Cornell University),2022
https://openalex.org/W7125584615,Reproducibility Package – Stochastic Life-Cycle Assessment of Global Hydrogen Infrastructure,https://doi.org/10.5281/zenodo.18358220,Zenodo (CERN European Organization for Nuclear Research),2026
https://openalex.org/W7106810902,GSPT-Based Critical Dynamics of 3I/ATLAS: Complete Dataset and Reproduction Package,https://doi.org/10.5281/zenodo.17719422,Zenodo (CERN European Organization for Nuclear Research),2025
https://openalex.org/W7104014089,From Reproducible Research to Open Science Dissemination: A Computing Platform-Centric Approach,https://doi.org/10.5281/zenodo.17524468,Zenodo (CERN European Organization for Nuclear Research),2025
https://openalex.org/W4304731722,Simulations of magnetic Bragg scattering in transmission electron microscopy,https://doi.org/10.48550/arxiv.2210.04679,arXiv (Cornell University),2022
https://openalex.org/W7127130275,CC30k: A Citation Contexts Dataset for Reproducibility-Oriented Sentiment Analysis,https://doi.org/10.1109/jcdl67857.2025.00013,NA,2025
https://openalex.org/W7116750105,Compliance-Native AI System Architecture Under the EU AI Act: Deterministic AI,https://doi.org/10.5281/zenodo.18005652,Zenodo (CERN European Organization for Nuclear Research),2025
https://openalex.org/W4416236441,GSAP-ERE: Fine-Grained Scholarly Entity and Relation Extraction Focused on Machine Learning,https://doi.org/10.48550/arxiv.2511.09411,ArXiv.org,2025
https://openalex.org/W7125646021,"Z.I.P.P.E.D. Framework: A Unified Approach to Galactic Dynamics, Resonance, and Coherent Systems",https://doi.org/10.5281/zenodo.18368471,Zenodo (CERN European Organization for Nuclear Research),2026
https://openalex.org/W7133872977,mlcast-dataset-IT-DPC-SRI: Data Processing Pipeline for the IT-DPC-SRI Radar Archive,https://doi.org/10.5281/zenodo.18875298,Zenodo (CERN European Organization for Nuclear Research),2026
https://openalex.org/W7105810069,"The Trinity Framework: A Unified Geometric Foundation for Fundamental Physics From Mathematical Constants to Particle Masses, Electromagnetic Theory, and the Structure of Physical Reality",https://doi.org/10.5281/zenodo.17619755,Zenodo (CERN European Organization for Nuclear Research),2025
https://openalex.org/W7134129600,Spatial Cytotoxic–Stromal Interaction Framework,https://doi.org/10.5281/zenodo.18898544,Zenodo (CERN European Organization for Nuclear Research),2026
https://openalex.org/W7130709428,THE MATHEMATICAL MACHINE From Three-Dimensional Grid to Four-Dimensional Rotation Six Core Mathematical Discoveries,https://doi.org/10.5281/zenodo.18715554,Zenodo (CERN European Organization for Nuclear Research),2026
https://openalex.org/W7124154682,The Excitation-based Model of the Universe (EMU),https://doi.org/10.5281/zenodo.18242532,Zenodo (CERN European Organization for Nuclear Research),2026
https://openalex.org/W7121684534,"A Geometric Origin for Spin, Entanglement, and Gravity from 10-Dimensional Topology",https://doi.org/10.5281/zenodo.18206977,Zenodo (CERN European Organization for Nuclear Research),2026
https://openalex.org/W7103890142,PLASMANT Protocol – Laboratory Validation of the Magnetogravitational Coupling .CMG LCE Theory,https://doi.org/10.5281/zenodo.17517538,Zenodo (CERN European Organization for Nuclear Research),2025
https://openalex.org/W7130681338,THE MATHEMATICAL MACHINE From Three-Dimensional Grid to Four-Dimensional Rotation Six Core Mathematical Discoveries,https://doi.org/10.5281/zenodo.18716953,Zenodo (CERN European Organization for Nuclear Research),2026
https://openalex.org/W7125268720,The Excitation-based Model of the Universe (EMU),https://doi.org/10.5281/zenodo.18320433,Zenodo (CERN European Organization for Nuclear Research),2026
https://openalex.org/W7122438302,"A Geometric Origin for Spin, Entanglement, and Gravity from 10-Dimensional Topology",https://doi.org/10.5281/zenodo.18212724,Zenodo (CERN European Organization for Nuclear Research),2026
https://openalex.org/W7124178490,HeMoVal - Analysis code,https://doi.org/10.5281/zenodo.6620697,Zenodo (CERN European Organization for Nuclear Research),2023
https://openalex.org/W7122838888,"Automation,Compliance,AndPublicHealthReliabilityInBiomedical Infrastructure",https://doi.org/10.5281/zenodo.18212495,Zenodo (CERN European Organization for Nuclear Research),2025
https://openalex.org/W7128362219,"Reproducibility Archive for Integrated Model Development, Consensus ML Screening, Protein Selection, Docking, and MD to Identify GSK3β Inhibitors",https://doi.org/10.5281/zenodo.18553521,Zenodo (CERN European Organization for Nuclear Research),2025
https://openalex.org/W7131062110,Selective Translation of ZNF281 as Part of the Integrated Stress Response System has Therapeutic Relevance for Cardio-Oncology,https://doi.org/10.5281/zenodo.18750443,Zenodo (CERN European Organization for Nuclear Research),2026
https://openalex.org/W7106716874,"Reproducibility Archive for Integrated Model Development, Consensus ML Screening, Protein Selection, Docking, and MD to Identify GSK3β Inhibitors",https://doi.org/10.5281/zenodo.17706553,Zenodo (CERN European Organization for Nuclear Research),2025
https://openalex.org/W7117577727,El Logon como Invariante Estructural Propuesto: Análisis Topológico del Eigenvalor Ef = 0.8037 en Sistemas de Información Cuántica.,https://doi.org/10.5281/zenodo.18080489,Zenodo (CERN European Organization for Nuclear Research),2025
https://openalex.org/W7125959742,A K–R Parameterized Nonlinear Wetware Framework with Global Lyapunov Stability and Quantitative Convergence Benchmarks,https://doi.org/10.5281/zenodo.18403754,Zenodo (CERN European Organization for Nuclear Research),2026
https://openalex.org/W7127617007,"Reporting Practices, Open Science Practices, and Trustworthiness of Simulation Studies in Psychology: A Questionnaire Study",https://doi.org/10.31234/osf.io/jn9sy_v1,NA,2026
https://openalex.org/W7106291121,"Reproducibility Archive for Integrated Model Development, Consensus ML Screening, Protein Selection, Docking, and MD to Identify GSK3β Inhibitors",https://doi.org/10.5281/zenodo.17660824,Zenodo (CERN European Organization for Nuclear Research),2025
https://openalex.org/W4250046212,A level set-based approach for modeling cellular rearrangements in tissue morphogenesis,https://doi.org/10.21203/rs.3.rs-43983/v1,Research Square (Research Square),2020
https://openalex.org/W4293083860,Why don’t we share data and code? Perceived barriers and benefits to public archiving practices,https://doi.org/10.31222/osf.io/gaj43,NA,2022
https://openalex.org/W3181093751,Observing Many Researchers Using the Same Data and Hypothesis Reveals a Hidden Universe of Uncertainty,https://doi.org/10.31222/osf.io/cd5j9,NA,2021
https://openalex.org/W7119524523,A numerical and analytical analysis of the optimization landscape of the spherical constrained random least-square problem,https://doi.org/10.5281/zenodo.18188053,Zenodo (CERN European Organization for Nuclear Research),2024
https://openalex.org/W7134885263,"EMG Analysis Engine (Module A): An Open-Source, IEEE/ISEK-Compliant Platform for Reproducible EMG Signal Processing and Feature Extraction",https://doi.org/10.5281/zenodo.18965271,Zenodo (CERN European Organization for Nuclear Research),2026
https://openalex.org/W7127929387,A K–R Parameterized Nonlinear Wetware Framework with Global Lyapunov Stability and Quantitative Convergence Benchmarks,https://doi.org/10.21203/rs.3.rs-8715671/v1,NA,2026
https://openalex.org/W7116318314,"<b>NVivo-to-Excel query outputs and ethnobotanical index worksheets (UV, FL, ICF) for TMP responses in Okitipupa LGA venereal disease study</b>",https://doi.org/10.6084/m9.figshare.30917615.v1,Figshare,2025
https://openalex.org/W7117149087,"RHESSys v7.4 model configuration and spatial inputs for the Kashi Basin (Tianshan Mountains) simulations, 2001–2020",https://doi.org/10.5281/zenodo.18028372,Zenodo (CERN European Organization for Nuclear Research),2025
https://openalex.org/W3215822578,Raw Data for IntoValue Dataset,https://doi.org/10.5281/zenodo.5506434,Zenodo (CERN European Organization for Nuclear Research),2021
https://openalex.org/W7131132119,The 20-Layer Y.I.N. Mazari Architecture: Completing the Privacy-Preserving AI Governance Stack Through Independent Verification and Cross-Platform Computational Determinism,https://doi.org/10.5281/zenodo.18749525,Zenodo (CERN European Organization for Nuclear Research),2026
https://openalex.org/W7134895996,Replication and Methodological Evaluation of a Bayesian Hierarchical Model for the Cost-Effectiveness of Industrial Machinery Fleets in Kenya,https://doi.org/10.5281/zenodo.18964600,Zenodo (CERN European Organization for Nuclear Research),2024
https://openalex.org/W7125648664,The Global Hydro-Logic Tectonic: A Unified Systems Model of Cognitive Biogeography.,https://doi.org/10.5281/zenodo.18370722,Zenodo (CERN European Organization for Nuclear Research),2026
https://openalex.org/W7126264697,The Global Hydro-Logic Tectonic: A Unified Systems Model of Cognitive Biogeography.,https://doi.org/10.5281/zenodo.18434232,Zenodo (CERN European Organization for Nuclear Research),2026
https://openalex.org/W7128794589,Data and Code for: Capital Uncertainty and the Efficiency Frontier of Climate Adaptation,https://doi.org/10.5281/zenodo.18628173,Zenodo (CERN European Organization for Nuclear Research),2026
https://openalex.org/W7105580064,Eternity Layer v2 — Offline Verification Capsule (Reproducible Artifact),https://doi.org/10.5281/zenodo.17483636,Zenodo (CERN European Organization for Nuclear Research),2025
https://openalex.org/W7114994557,From Custodial Models to Reproducibility Frameworks: Shifting Bases of Interpretive Authority in Cancer Prevention Research,https://doi.org/10.5281/zenodo.17917273,Zenodo (CERN European Organization for Nuclear Research),2025
https://openalex.org/W7105829097,Clinical and pathological dataset from a study on MRI-TRUS fusion and coaxial biopsy for prostate cancer diagnosis,https://doi.org/10.5281/zenodo.17623284,Zenodo (CERN European Organization for Nuclear Research),2025
https://openalex.org/W7125817662,DATA - Pyrolysis-driven stabilization and micronutrient partitioning in poultry waste–derived biochars,https://doi.org/10.17632/9nks6sbpd2.1,Mendeley Data,2026
https://openalex.org/W2897977775,On the prevalence of uninformative parameters in statistical models applying model selection in applied ecology,https://doi.org/10.1101/448191,NA,2018
https://openalex.org/W7106210659,Recursive Vacuum Dynamics,https://doi.org/10.5281/zenodo.17674854,Zenodo (CERN European Organization for Nuclear Research),2025
https://openalex.org/W4393560922,Raw Data for IntoValue Dataset,https://doi.org/10.5281/zenodo.5506433,Zenodo (CERN European Organization for Nuclear Research),2023
https://openalex.org/W4393451935,Raw Data for IntoValue Dataset,https://doi.org/10.5281/zenodo.6560383,Zenodo (CERN European Organization for Nuclear Research),2022
https://openalex.org/W7108451620,"The LVV–HNV Coherence Framework: A Formal Model of AGI Rationality, Human Value Non-Replaceability, and Stability Conditions",https://doi.org/10.5281/zenodo.17798749,Zenodo (CERN European Organization for Nuclear Research),2025
https://openalex.org/W7134847466,The Sentinel Papers — SPK-01 — Counting the Breach: A Unit-Cost Computability Kernel for Nunn-McCurdy Oversight,https://doi.org/10.5281/zenodo.18919574,Zenodo (CERN European Organization for Nuclear Research),2026
https://openalex.org/W7124147739,Volakas marble data and MLP-RFF Python code,https://doi.org/10.17632/9jv542fd34,Mendeley Data,2026
https://openalex.org/W7108228225,"The LVV–HNV Coherence Framework: A Formal Model of AGI Rationality, Human Value Non-Replaceability, and Stability Conditions",https://doi.org/10.5281/zenodo.17781426,Zenodo (CERN European Organization for Nuclear Research),2025
https://openalex.org/W4200324074,Why most psychological research findings are not even wrong,https://doi.org/10.31234/osf.io/8w2sd,NA,2021
https://openalex.org/W4412785066,Empowering bioinformatics communities with Nextflow and nf-core,https://doi.org/10.1186/s13059-025-03673-9,Genome biology,2025
https://openalex.org/W4247867130,CODECHECK: an Open Science initiative for the independent execution of computations underlying research articles during peer review to improve reproducibility,https://doi.org/10.12688/f1000research.51738.1,F1000Research,2021
https://openalex.org/W2890787136,PhenoMeNal: Processing and analysis of Metabolomics data in the Cloud,https://doi.org/10.1101/409151,NA,2018
https://openalex.org/W4242514585,Light‐Driven Enantioselective Organocatalytic β‐Benzylation of Enals,https://doi.org/10.1002/ange.201612159,Angewandte Chemie,2017
https://openalex.org/W7104653749,"Synthetic data in CSD (Borders et al., 2025)",https://doi.org/10.23641/asha.30569957,figshare ASHA Publications,2025
https://openalex.org/W4388133916,"Simulation Studies for Methodological Research in Psychology: A Standardized Template for Planning, Preregistration, and Reporting",https://doi.org/10.31234/osf.io/ufgy6,NA,2023
https://openalex.org/W7110398260,"The LVV–HNV Coherence Framework: A Formal Model of AGI Rationality, Human Value Non-Replaceability, and Stability Conditions",https://doi.org/10.5281/zenodo.17846980,Zenodo (CERN European Organization for Nuclear Research),2025
https://openalex.org/W7108461822,"The LVV–HNV Coherence Framework: A Formal Model of AGI Rationality, Human Value Non-Replaceability, and Stability Conditions",https://doi.org/10.5281/zenodo.17803420,Zenodo (CERN European Organization for Nuclear Research),2025
https://openalex.org/W7109776657,"The LVV–HNV Coherence Framework: A Formal Model of AGI Rationality, Human Value Non-Replaceability, and Stability Conditions",https://doi.org/10.5281/zenodo.17838825,Zenodo (CERN European Organization for Nuclear Research),2025
https://openalex.org/W7107965542,"Fortified Theoretical Framework: The Quark-Gluon Plasma (QGP) -- A Rigorous Multi-Scale Analysis with Bayesian Constraints, Sensitivity Quantification, and Verifiable Simulations",https://doi.org/10.5281/zenodo.17756123,Zenodo (CERN European Organization for Nuclear Research),2025
https://openalex.org/W7108884935,"The LVV–HNV Coherence Framework: A Formal Model of AGI Rationality, Human Value Non-Replaceability, and Stability Conditions",https://doi.org/10.5281/zenodo.17833443,Zenodo (CERN European Organization for Nuclear Research),2025
https://openalex.org/W4376636957,Implementing Code Review in the Scientific Workflow: Insights from Ecology and Evolutionary Biology,https://doi.org/10.32942/x2cg64,NA,2023
https://openalex.org/W2942589940,Accessible and reproducible mass spectrometry imaging data analysis in Galaxy,https://doi.org/10.1101/628719,NA,2019
https://openalex.org/W7126416434,Manual for the reproducible geometric and computational implementation of Bührig-type metrics in submarine canyons,https://doi.org/10.5281/zenodo.18446821,Zenodo (CERN European Organization for Nuclear Research),2026
https://openalex.org/W7126213240,The Riemann Hypothesis: Theoretical Prediction and Computational Validation via Boundary Mathematics - A Unified Framework Demonstrating Geometric Necessity of the Critical Line,https://doi.org/10.5281/zenodo.18439305,Zenodo (CERN European Organization for Nuclear Research),2026
https://openalex.org/W2728203316,Comprehensive Benchmarking and Ensemble Approaches for Metagenomic Classifiers,https://doi.org/10.1101/156919,NA,2017
https://openalex.org/W4295079604,"When open data closes the door: A critical examination of the past, present and the potential future for open data guidelines in journals",https://doi.org/10.1111/bjso.12576,British Journal of Social Psychology,2022
https://openalex.org/W7133123646,Extended Formalism of Phase Stagnation: Topological Dynamics and Irreducibility in Macro-Cognitive Systems,https://doi.org/10.5281/zenodo.18821511,Zenodo (CERN European Organization for Nuclear Research),2026
https://openalex.org/W3208590889,Reproducible Research in R: A Tutorial on how to Do the Same Thing More Than Once,https://doi.org/10.31234/osf.io/fwxs4,NA,2021
https://openalex.org/W4244944012,How to connect academics around the globe by organizing an asynchronous virtual unconference,https://doi.org/10.12688/wellcomeopenres.16893.2,Wellcome Open Research,2021
https://openalex.org/W3110858178,A Guide to Pre-Processing High-Throughput Animal Tracking Data,https://doi.org/10.1101/2020.12.15.422876,NA,2020
https://openalex.org/W7121564674,Mode-Mixing MCMC Enhances Sampling Efficiency for G-Quadruplex Ligand Binding Pose Sampling under a Walltime-Normalized Benchmark,https://doi.org/10.5281/zenodo.18209688,Zenodo (CERN European Organization for Nuclear Research),2026
https://openalex.org/W4380486983,A Guide for Social Science Journal Editors on Easing into Open Science,https://doi.org/10.31219/osf.io/5dar8,NA,2023
https://openalex.org/W7118072161,"The Hubble Tension - The Precision Cascade Cosmology Series: Collected Papers, Datasets, and Reproducibility Framework",https://doi.org/10.5281/zenodo.18130292,Zenodo (CERN European Organization for Nuclear Research),2026
https://openalex.org/W4297516591,The Quartet Data Portal: integration of community-wide resources for multiomics quality control,https://doi.org/10.1101/2022.09.26.507202,NA,2022
https://openalex.org/W4385971097,A reproducible and generalizable software workflow for analysis of large-scale neuroimaging data collections using BIDS Apps,https://doi.org/10.1101/2023.08.16.552472,NA,2023
https://openalex.org/W4414512388,Data is not available upon request,https://doi.org/10.15626/mp.2023.4008,Meta-Psychology,2025
https://openalex.org/W4283398072,A Community-Sourced Glossary of Open Scholarship Terms,https://doi.org/10.31222/osf.io/kdqcw,NA,2022
https://openalex.org/W4405966684,Artificial Embodied Circuits Uncover Neural Architectures of Vertebrate Visuomotor Behaviors,https://doi.org/10.1101/2024.12.19.629427,NA,2024
https://openalex.org/W4220820711,Tests of robustness in peer review,https://doi.org/10.17918/00000933,NA,2021
https://openalex.org/W2952285387,The CoLoMoTo Interactive Notebook: Accessible and Reproducible Computational Analyses for Qualitative Biological Networks,https://doi.org/10.1101/290411,NA,2018
https://openalex.org/W3163259895,A meta-review of transparency and reproducibility-related reporting practices in published meta-analyses on clinical psychological interventions (2000-2020).,https://doi.org/10.31234/osf.io/dz8cm,NA,2021
https://openalex.org/W2888180102,LittleBrain: a gradient-based tool for the topographical interpretation of cerebellar neuroimaging findings,https://doi.org/10.1101/400416,NA,2018
https://openalex.org/W4378611187,Eleven Strategies for Making Reproducible Research and Open Science Training the Norm at Research Institutions,https://doi.org/10.31219/osf.io/kcvra,NA,2023
https://openalex.org/W4388814182,"DL4MicEverywhere: Deep learning for microscopy made flexible, shareable, and reproducible",https://doi.org/10.1101/2023.11.19.567606,NA,2023
https://openalex.org/W4353084603,DataPipe: Born-open data collection for online experiments,https://doi.org/10.31234/osf.io/fv65z,NA,2023
https://openalex.org/W4297445450,No evidence that mandatory open data policies increase error correction,https://doi.org/10.31222/osf.io/k8ver,NA,2022
https://openalex.org/W2976435856,COPO: a metadata platform for brokering FAIR data in the life sciences,https://doi.org/10.1101/782771,NA,2019
https://openalex.org/W3210205822,Morphology and gene expression profiling provide complementary information for mapping cell state,https://doi.org/10.1101/2021.10.21.465335,NA,2021
https://openalex.org/W2793142806,Reproducible big data science: A case study in continuous FAIRness,https://doi.org/10.1101/268755,NA,2018
https://openalex.org/W3142591725,Design considerations for workflow management systems use in production genomics research and the clinic,https://doi.org/10.1101/2021.04.03.437906,NA,2021
https://openalex.org/W4385703491,Ten recommendations for reducing the carbon footprint of research computing in human neuroimaging,https://doi.org/10.31219/osf.io/7q5mh,NA,2023
https://openalex.org/W2901061084,Laniakea: an open solution to provide Galaxy “on-demand” instances over heterogeneous cloud infrastructures,https://doi.org/10.1101/472464,NA,2018
https://openalex.org/W7115886258,"A Curated, Standardised Database of Non-Nucleoside Reverse Transcriptase Inhibitors (NNRTIs) for QSAR and Machine Learning in HIV Drug Discovery.",https://doi.org/10.6084/m9.figshare.30901799.v1,Figshare,2025
https://openalex.org/W7132826549,"GNSA-26 — Generalized Network Sovereign Architecture Complete Canonical Series (Volumes I–VI) Sovereign Systems Architecture, Cyber-Legal Governance Dynamics, Multi-Scale Stability Theory, and Computational Simulation Atlas",https://doi.org/10.5281/zenodo.18817978,Zenodo (CERN European Organization for Nuclear Research),2026
https://openalex.org/W7129027677,Yang–Mills Mass Gap v10.0: A Sealed Strict-Simulation Anchor and Audited Proof Interface (OS-Window Program),https://doi.org/10.5281/zenodo.18663354,Zenodo (CERN European Organization for Nuclear Research),2026
https://openalex.org/W4387138177,ENCORE. A practical implementation to improve reproducibility and transparency of computational research.,https://doi.org/10.31222/osf.io/m9yqz,NA,2023
https://openalex.org/W4240607647,Training the next generation of clinical psychological scientists: A data-driven call to action,https://doi.org/10.31234/osf.io/xq538,NA,2021
https://openalex.org/W2954333374,uap: Reproducible and Robust HTS Data Analysis,https://doi.org/10.1101/690438,NA,2019
https://openalex.org/W4407445744,dockerHDDM: A User-Friendly Environment for Bayesian Hierarchical Drift-Diffusion Modeling,https://doi.org/10.1177/25152459241298700,Advances in Methods and Practices in Psychological Science,2025
https://openalex.org/W4324094199,"Neurodesk: An accessible, flexible, and portable data analysis environment for reproducible neuroimaging",https://doi.org/10.21203/rs.3.rs-2649734/v1,NA,2023
https://openalex.org/W4229820640,ActivePapers: a platform for publishing and archiving computer-aided research,https://doi.org/10.12688/f1000research.5773.2,F1000Research,2015
https://openalex.org/W4246209386,eLabFTW as an Open Science tool to improve the quality and translation of preclinical research,https://doi.org/10.12688/f1000research.52157.1,F1000Research,2021
https://openalex.org/W7129561746,GSOS™ Canonical Masterwork Unified Spectral Operator Framework for Infinite-Dimensional Dynamical Systems,https://doi.org/10.5281/zenodo.18673733,Zenodo (CERN European Organization for Nuclear Research),2026
https://openalex.org/W2509899640,A cloud-based workflow to quantify transcript-expression levels in public cancer compendia,https://doi.org/10.1101/063552,NA,2016
https://openalex.org/W4407274775,Tier-based standards for FAIR sequence data and metadata sharing in microbiome research,https://doi.org/10.1101/2025.02.06.636914,NA,2025
https://openalex.org/W4321524675,pykanto: a python library to accelerate research on wild bird song,https://doi.org/10.48550/arxiv.2302.10340,arXiv (Cornell University),2023
https://openalex.org/W7126194731,"CSL-∞: A Unified Framework for Deterministic Settlement, Formal Verification, and Computable Governance Architecture",https://doi.org/10.5281/zenodo.18421301,Zenodo (CERN European Organization for Nuclear Research),2026
https://openalex.org/W4391841620,The Future of Replication in Applied Linguistics: Toward a Standard for Replication Studies,https://doi.org/10.31219/osf.io/pebmn,NA,2024
https://openalex.org/W3048721492,FAIRSCAPE: A Framework for FAIR and Reproducible Biomedical Analytics,https://doi.org/10.1101/2020.08.10.244947,NA,2020
https://openalex.org/W2938899814,Creating reproducible pharmacogenomic analysis pipelines,https://doi.org/10.1101/614560,NA,2019
https://openalex.org/W2949900200,Best Practice Data Life Cycle Approaches for the Life Sciences,https://doi.org/10.1101/167619,NA,2017
https://openalex.org/W4319936818,TidyGEO: Preparing analysis-ready datasets from Gene Expression Omnibus,https://doi.org/10.1101/2023.02.09.527930,NA,2023
https://openalex.org/W4392132368,Attentional Control Data Collection: A Resource for Efficient Data Reuse,https://doi.org/10.31234/osf.io/4evy6,NA,2024
https://openalex.org/W7126373748,A reproducible k-mer set-algebra workflow to quantify nuclear–chloroplast–mitochondrial sequence sharing in plant genomes,https://doi.org/10.5281/zenodo.18446791,Zenodo (CERN European Organization for Nuclear Research),2026
https://openalex.org/W4391111350,Data and Code Availability in Political Science Publications from 1995 to 2022,https://doi.org/10.31235/osf.io/a5yxe,NA,2024
https://openalex.org/W4253315251,"Replications, Comparisons, Sampling and the Problem of Representativeness in Animal Cognition Research",https://doi.org/10.31234/osf.io/2vt4k,NA,2020
https://openalex.org/W7126378919,A reproducible k-mer set-algebra workflow to quantify nuclear–chloroplast–mitochondrial sequence sharing in plant genomes,https://doi.org/10.5281/zenodo.18448163,Zenodo (CERN European Organization for Nuclear Research),2026
https://openalex.org/W3216641316,Non-Standard Errors,https://doi.org/10.2139/ssrn.3961574,SSRN Electronic Journal,2021
https://openalex.org/W4220707233,Packaging research artefacts with RO-Crate,https://doi.org/10.5281/zenodo.5833456,Zenodo (CERN European Organization for Nuclear Research),2022
https://openalex.org/W2915803094,pyKNEEr: An image analysis workflow for open and reproducible research on femoral knee cartilage,https://doi.org/10.1101/556423,NA,2019
https://openalex.org/W3201063809,Comparative analysis of genome-encoded viral sequences reveals the evolutionary history of flavivirids (family <i>Flaviviridae</i> ),https://doi.org/10.1101/2021.09.19.460981,NA,2021
https://openalex.org/W4390056095,Implementation of FAIR Practices in Computational Metabolomics Workflows - A Case Study,https://doi.org/10.26434/chemrxiv-2023-5jxq7-v2,NA,2023
https://openalex.org/W4206733002,Jupyter: Thinking and Storytelling with Code and Data,https://doi.org/10.22541/au.161298309.98344404/v3,NA,2021
https://openalex.org/W4321595575,A latent clinical-anatomical dimension relating metabolic syndrome to brain structure and cognition,https://doi.org/10.1101/2023.02.22.529531,NA,2023
https://openalex.org/W3211684547,Multivariable Prediction Models for Health Care Spending Using Machine Learning: a Protocol of a Systematic Review,https://doi.org/10.21203/rs.3.rs-1064149/v1,Research Square (Research Square),2021
https://openalex.org/W4237992302,Reviewers' Decision to Sign Reviews is Related to Their Recommendation,https://doi.org/10.31234/osf.io/4va6p,NA,2019
https://openalex.org/W7128005375,Constraint-Interference in Large Language Models: Causal Decomposition of Artificial Phase Transitions and Intrinsic Alignment Structures,https://doi.org/10.5281/zenodo.18505409,Zenodo (CERN European Organization for Nuclear Research),2026
https://openalex.org/W4402343763,The ARRIVE 2.0 Guidelines: Importance and Full Adoption by AALAS Journals,https://doi.org/10.30802/aalas-cm-24-061,Comparative Medicine,2024
https://openalex.org/W4213450832,Recommendations for the formatting of Variant Call Format (VCF) files to make plant genotyping data FAIR,https://doi.org/10.12688/f1000research.109080.1,F1000Research,2022
https://openalex.org/W3122566203,"Transparency, Reproducibility, and the Credibility of Economics Research",https://doi.org/10.3386/w22989,NA,2016
https://openalex.org/W3202360406,Validating the Knowledge Bank Approach for Personalized Prediction of Survival in Acute Myeloid Leukemia: a Reproducibility Study,https://doi.org/10.21203/rs.3.rs-881649/v1,Research Square (Research Square),2021
https://openalex.org/W2950145189,ShinyLearner: A containerized benchmarking tool for machine-learning classification of tabular data,https://doi.org/10.1101/675181,NA,2019
https://openalex.org/W4294877310,A Reproducible and Reusable Pipeline for Segmentation of Geoscientific Imagery,https://doi.org/10.31223/x5hs81,NA,2022
https://openalex.org/W2954984135,Bayesian-Maximum-Entropy reweighting of IDP ensembles based on NMR chemical shifts,https://doi.org/10.1101/689083,NA,2019
https://openalex.org/W4295814003,BioTEA: Containerized Methods of Analysis for Microarray-Based Transcriptomics Data,https://doi.org/10.3390/biology11091346,Biology,2022
https://openalex.org/W4386857674,Preclinical exploration of the DNA Damage Response pathway using the interactive neuroblastoma cell line explorer CLEAN,https://doi.org/10.1101/2023.09.17.557904,NA,2023
https://openalex.org/W4253246131,scFlow: A Scalable and Reproducible Analysis Pipeline for Single-Cell RNA Sequencing Data,https://doi.org/10.22541/au.162912533.38489960/v1,NA,2021
https://openalex.org/W3161082012,GeneTonic: an R/Bioconductor package for streamlining the interpretation of RNA-seq data,https://doi.org/10.1101/2021.05.19.444862,NA,2021
https://openalex.org/W4403814244,Navigating the Maize: cyclic and conditional computational graphs for molecular simulation,https://doi.org/10.1039/d4dd00288a,Digital Discovery,2024
https://openalex.org/W4392682820,Inter-modality source coupling: a fully-automated whole-brain data-driven structure-function fingerprint shows replicable links to reading in a large-scale (N∼8K) analysis,https://doi.org/10.1101/2024.03.07.583896,NA,2024
https://openalex.org/W7109193873,Reproducibility Spectrum for Applied Social Sciences: Conceptual Taxonomy and Recommended Tools,https://doi.org/10.5281/zenodo.17830902,Zenodo (CERN European Organization for Nuclear Research),2025
https://openalex.org/W4394785467,Combining the strengths of Dutch survey and register data in a data challenge to predict fertility (PreFer),https://doi.org/10.1007/s42001-024-00275-6,Journal of Computational Social Science,2024
https://openalex.org/W4405783381,The Unreasonable Effectiveness of Open Science in AI: A Replication Study,https://doi.org/10.48550/arxiv.2412.17859,arXiv (Cornell University),2024
https://openalex.org/W3044396875,Exploring reliability heterogeneity with multiverse analyses: Data processing decisions unpredictably influence measurement reliability,https://doi.org/10.31234/osf.io/y6tcz,NA,2020
https://openalex.org/W4230635125,Applied and computational mathematics division:,https://doi.org/10.6028/nist.ir.8251,NA,2019
https://openalex.org/W7108731071,"CollectiveOS v4: A Forensic-Grade, Governed, Multi-Agent Operating System for Artificial Intelligence",https://doi.org/10.5281/zenodo.17809287,Zenodo (CERN European Organization for Nuclear Research),2025
https://openalex.org/W7118127711,"A Comprehensive Analysis of Deterministic Harmonic Addressing: Mathematical Foundations, Architectural Implications, and Practical Limitations",https://doi.org/10.5281/zenodo.18135991,Zenodo (CERN European Organization for Nuclear Research),2026
https://openalex.org/W2951526333,Historical Collaborative Geocoding,https://doi.org/10.20944/preprints201804.0088.v1,Preprints.org,2018
https://openalex.org/W4400220542,Quality in Question: Assessing the accuracy of four heart rate wearables and the implications for psychophysiological research.,https://doi.org/10.31219/osf.io/wkzsn,NA,2024
https://openalex.org/W7130843052,"PREreview of ""Dual-purpose architected materials: Optimizing graded BCC lattices for crashworthiness and heat dissipation""",https://doi.org/10.5281/zenodo.18718516,Zenodo (CERN European Organization for Nuclear Research),2026
https://openalex.org/W2982482017,A multi-omics digital research object for the genetics of sleep regulation,https://doi.org/10.1101/586206,NA,2019
https://openalex.org/W3167996871,Towards low-energy-light-driven bistable photoswitches: ortho-fluoroaminoazobenzenes,https://doi.org/10.21203/rs.3.rs-608595/v1,NA,2021
https://openalex.org/W4280571415,Built to last? Reproducibility and Reusability of Deep Learning Algorithms in Computational Pathology,https://doi.org/10.1101/2022.05.15.22275108,NA,2022
https://openalex.org/W4315927545,Different rules for binocular combination of luminance flicker in cortical and subcortical pathways,https://doi.org/10.1101/2023.01.11.523568,NA,2023
https://openalex.org/W7127181205,Unified Toroidal Cosmology: A Clifford Algebra Framework for Fundamental Physics,https://doi.org/10.5281/zenodo.18462513,Zenodo (CERN European Organization for Nuclear Research),2026
https://openalex.org/W4315796871,Reproducible research practices and transparency across linguistics,https://doi.org/10.31222/osf.io/rcews,NA,2023
https://openalex.org/W4220966113,How often do cancer researchers make their data and code available and what factors are associated with sharing?,https://doi.org/10.1101/2022.03.10.22272231,NA,2022
https://openalex.org/W4307998974,Ten Simple Rules for Using Public Biological Data for Your Research,https://doi.org/10.20944/preprints202206.0320.v4,Preprints.org,2022
https://openalex.org/W2913217867,Approaches for containerized scientific workflows in cloud environments with applications in life science,https://doi.org/10.12688/f1000research.53698.1,F1000Research,2021
https://openalex.org/W4296716148,Ten Simple Rules for Using Public Biological Data for Your Research,https://doi.org/10.20944/preprints202206.0320.v2,Preprints.org,2022
https://openalex.org/W4319323401,Four principles for improved statistical ecology,https://doi.org/10.48550/arxiv.2302.01528,arXiv (Cornell University),2023
https://openalex.org/W4296826811,Ten Simple Rules for Using Public Biological Data for Your Research,https://doi.org/10.20944/preprints202206.0320.v3,Preprints.org,2022
https://openalex.org/W4214939940,An Architecture for Experiments in Connected and Automated Vehicles,https://doi.org/10.36227/techrxiv.19236936,NA,2022
https://openalex.org/W4360998628,Direct numerical simulation of Vortex Breakdown in Evaporating Dilute Sprays,https://doi.org/10.21203/rs.3.rs-2719387/v1,Research Square (Research Square),2023
https://openalex.org/W4281699437,Benchmarks in antimicrobial peptide prediction are biased due to the selection of negative data,https://doi.org/10.1101/2022.05.30.493946,NA,2022
https://openalex.org/W4406175245,Accelerating social science knowledge production with the coordinated open-source model,https://doi.org/10.1007/s11135-024-02020-7,Quality & Quantity,2025
https://openalex.org/W4389201791,Cognitive deficits and enhancements in youth from adverse conditions: An integrative assessment using Drift Diffusion Modeling in the ABCD study,https://doi.org/10.31219/osf.io/43g9q,NA,2023
https://openalex.org/W4316339668,Sensitive inference of alignment-safe intervals from biodiverse protein sequence clusters using EMERALD,https://doi.org/10.1101/2023.01.11.523286,NA,2023
https://openalex.org/W4387521774,Synthesis of sexual selection: a systematic map of meta-analyses with bibliometric analysis,https://doi.org/10.32942/x29s3g,NA,2023
https://openalex.org/W4392939976,A Template and Tutorial for Preregistering Studies Using Passive Smartphone Measures,https://doi.org/10.31234/osf.io/p4xf8,NA,2024
https://openalex.org/W4310996215,The Emergence Proposal in Quantum Gravity and the Species Scale,https://doi.org/10.48550/arxiv.2212.03908,arXiv (Cornell University),2022
https://openalex.org/W2547199339,Multispot single-molecule FRET: high-throughput analysis of freely diffusing molecules,https://doi.org/10.1101/085027,NA,2016
https://openalex.org/W4399757116,A conceptual review of uses and meanings of reproducibility and replication,https://doi.org/10.31222/osf.io/entu4,NA,2024
https://openalex.org/W4387030584,Establishing trust in automated reasoning,https://doi.org/10.48550/arxiv.2309.12351,arXiv (Cornell University),2023
https://openalex.org/W4297826273,A survey of experimental stimulus presentation code sharing in major areas of psychology,https://doi.org/10.31234/osf.io/v3bge,NA,2022
https://openalex.org/W2994998196,Saving Data Journalism: Using ReproZip-Web to Capture Dynamic Websites for Future Reuse,https://doi.org/10.17605/osf.io/q2zp3,Phaidra (Universität Wien),2019
https://openalex.org/W4286949783,Making Canonical Workflow Building Blocks interoperable across workflow languages,https://doi.org/10.5281/zenodo.5542553,Zenodo (CERN European Organization for Nuclear Research),2021
https://openalex.org/W4254788515,Creating interactive scientific publications using bindings,https://doi.org/10.31223/osf.io/jtd8c,NA,2018
https://openalex.org/W2759098276,"Enabling Precision Medicine via standard communication of HTS provenance, analysis, and results",https://doi.org/10.1101/191783,NA,2017
https://openalex.org/W4410348514,Attentional Control Data Collection: A Resource for Efficient Data Reuse,https://doi.org/10.31234/osf.io/4evy6_v2,NA,2025
https://openalex.org/W4413754349,Data is not available upon request,https://doi.org/10.31234/osf.io/jbu9r_v3,NA,2025
https://openalex.org/W4410884468,Report of the AEA Data Editor,https://doi.org/10.1257/pandp.115.944,AEA Papers and Proceedings,2025
https://openalex.org/W4412695964,Data is not available upon request,https://doi.org/10.31234/osf.io/jbu9r_v2,NA,2025
https://openalex.org/W4404318984,NA,https://doi.org/10.25100/cm.v55i2,Colombia medica,2024
https://openalex.org/W4412907483,Restructuring scientific papers for human and AI readers,https://doi.org/10.31234/osf.io/c46hs_v3,NA,2025
https://openalex.org/W4413780291,Restructuring scientific papers for human and AI readers,https://doi.org/10.31234/osf.io/c46hs_v4,NA,2025
https://openalex.org/W4410028220,A Survey of Researcher Perceptions of Replication in Geography,https://doi.org/10.31222/osf.io/cgvzp_v1,NA,2024
https://openalex.org/W3086033974,Floating-point profiling of ACTS using Verrou,https://doi.org/10.1051/epjconf/201921405025/pdf,Springer Link (Chiba Institute of Technology),2020
https://openalex.org/W4388274843,Aspects of Non-Relativistic Quantum Field Theories,https://doi.org/10.48550/arxiv.2311.00027,arXiv (Cornell University),2023
https://openalex.org/W4388766679,Issue Information,https://doi.org/10.1111/rec.13734,Restoration Ecology,2023
https://openalex.org/W4255201715,Table of Contents,https://doi.org/10.1109/jcdl.2019.00004,NA,2019
https://openalex.org/W4391673126,Ten simple rules for training scientists to make better software,https://doi.org/10.48550/arxiv.2402.04722,arXiv (Cornell University),2024
https://openalex.org/W4412767147,Restructuring scientific papers for human and AI readers,https://doi.org/10.31234/osf.io/c46hs_v2,NA,2025
https://openalex.org/W4389201828,Introduction to Methods for Analyzing Large Neuroimaging Datasets,https://doi.org/10.31219/osf.io/vme3d,NA,2023
https://openalex.org/W4220873417,ASpecD: A Modular Framework for the Analysis of Spectroscopic Data Focussing on Reproducibility and Good Scientific Practice,https://doi.org/10.26434/chemrxiv-2021-6jt1l-v4,NA,2022
https://openalex.org/W4317899015,Protocol for developing a dashboard for interactive cohort analysis of oral health-related data,https://doi.org/10.21203/rs.3.rs-2370495/v1,Research Square (Research Square),2023
https://openalex.org/W4411139913,Automated Reproducibility Testing in R Markdown,https://doi.org/10.1525/collabra.138638,Collabra Psychology,2025
https://openalex.org/W4411435543,Galaxy QCxMS for Straightforward Semi-Empirical Quantum Mechanical EI-MS Prediction,https://doi.org/10.26434/chemrxiv-2025-fd68z,NA,2025
https://openalex.org/W4411758791,Next-Generation Space Cardiology: Developing a COMSOL-Enabled Digital Heart Twin for Long-Duration Missions,https://doi.org/10.32388/7afxp3,NA,2025
https://openalex.org/W4411373853,Open Science in the Developing World: A Collection of Practical Guides for Researchers in Developing Countries,https://doi.org/10.31234/osf.io/7ubk2_v2,NA,2025
https://openalex.org/W4308594101,"UK Psychology PhD Researchers' Knowledge, Perceptions, and Experiences of Open Science",https://doi.org/10.31234/osf.io/vypkb,NA,2022
https://openalex.org/W4396243703,"To democratize research with sensitive data, we should make synthetic data more accessible",https://doi.org/10.48550/arxiv.2404.17271,arXiv (Cornell University),2024
https://openalex.org/W3185049597,PEGR: a flexible management platform for reproducible epigenomic and genomic research,https://doi.org/10.1101/2021.07.26.453821,NA,2021
https://openalex.org/W4390607192,SciDataFlow: a tool for improving the flow of data through science,https://doi.org/10.1093/bioinformatics/btad754,Bioinformatics,2024
https://openalex.org/W7133202798,Dogme: a nextflow pipeline for reprocessing nanopore RNA and DNA modifications,https://doi.org/10.1093/bioinformatics/btag066,Bioinformatics,2026
https://openalex.org/W4409365572,The Evolution of Data Sharing Practices in the Psychological Literature,https://doi.org/10.15626/mp.2021.2908,Meta-Psychology,2025
https://openalex.org/W4405652755,Commentary on “Consumed by Creed”,https://doi.org/10.1002/ab.70014,Aggressive Behavior,2024
https://openalex.org/W4407074811,Understanding Open-Source NLP Artifact Adoption Through Information Systems Success Factors,https://doi.org/10.24251/hicss.2024.922,Proceedings of the ... Annual Hawaii International Conference on System Sciences/Proceedings of the Annual Hawaii International Conference on System Sciences,2024
https://openalex.org/W4411307935,Commentary on “Consumed by Creed”,https://doi.org/10.31234/osf.io/qjf7m_v1,NA,2023
https://openalex.org/W4412185554,The challenges of reproducibility for research based on geodata web services,https://doi.org/10.5194/isprs-archives-xlviii-4-w13-2025-87-2025,"The international archives of the photogrammetry, remote sensing and spatial information sciences/International archives of the photogrammetry, remote sensing and spatial information sciences",2025
https://openalex.org/W4412477171,"‘‘KEEP IT FAIR’’: PARTILHA DE DADOS E MATERIAIS EM ACESSO ABERTO [Title: ""Keep it FAIR"": Data and Materials Sharing in Open Access]",https://doi.org/10.31234/osf.io/djn94_v2,NA,2025
https://openalex.org/W4389513405,"Investigating the Nature of Open Science Practices Across Complementary, Alternative, and Integrative Medicine Journals: An Audit",https://doi.org/10.1101/2023.12.07.23299670,NA,2023
https://openalex.org/W4220848989,The Evidence Synthesis and Meta-Analysis in R Conference (ESMARConf): levelling the playing field of conference accessibility and equitability,https://doi.org/10.21203/rs.3.rs-1506276/v1,NA,2022
https://openalex.org/W4293715527,Using an expert survey and user feedback to construct PRECHECK: A checklist to evaluate preprints on COVID-19 and beyond,https://doi.org/10.31222/osf.io/nb928,NA,2022
https://openalex.org/W4414951773,Collective Intelligence: On the Promise and Reality of Multi-Agent Systems for AI-Driven Scientific Discovery,https://doi.org/10.20944/preprints202508.1640.v2,Preprints.org,2025
https://openalex.org/W4245732169,"An open, scalable, and flexible framework for automated aerial measurement of field experiments",https://doi.org/10.31223/osf.io/vezn5,NA,2020
https://openalex.org/W4281700015,Iodine–Iodine Cooperation Enables Metal-Free C–N Bond-Forming Electrocatalysis via Isolable Iodanyl Radicals,https://doi.org/10.26434/chemrxiv-2022-q01tz,NA,2022
https://openalex.org/W4412475529,ANTP-SmacN7 enhances radiosensitivity in TPC-1 cells through XIAP-mediated activation of apoptotic protein,https://doi.org/10.1038/s41598-025-11131-6,Scientific Reports,2025
https://openalex.org/W4220968010,Relating Sound and Sight in Simulated Environments,https://doi.org/10.31234/osf.io/kebhy,NA,2022
https://openalex.org/W4322098485,Old Collection and New Insights: Technological Analysis of Obsidian Finds from the Late Neolithic Layers of Vinča-Belo Brdo,https://doi.org/10.18485/arhe_apn.2022.18.7,Arheologija i prirodne nauke,2022
https://openalex.org/W4386044028,Genomic reproducibility in the bioinformatics era,https://doi.org/10.48550/arxiv.2308.09558,arXiv (Cornell University),2023
https://openalex.org/W4401201491,GPT Deciphering Fedspeak: Quantifying Dissent Among Hawks and Doves,https://doi.org/10.48550/arxiv.2407.19110,arXiv (Cornell University),2024
https://openalex.org/W4415044861,A Data-Driven Analysis of Cognitive Learning and Illusion Effects in University Mathematics,https://doi.org/10.20944/preprints202510.0655.v1,Preprints.org,2025
https://openalex.org/W4241718767,eLabFTW as an Open Science tool to improve the quality and translation of preclinical research,https://doi.org/10.12688/f1000research.52157.2,F1000Research,2021
https://openalex.org/W4299347442,"Beyond maps: Patterns of formation processes at the Middle Pleistocene open-air site of Marathousa 1, Megalopolis basin, Greece",https://doi.org/10.5281/zenodo.3571372,Zenodo (CERN European Organization for Nuclear Research),2018
https://openalex.org/W4409284946,Comparing the carbon footprint of fMRI data processing and analysis approaches,https://doi.org/10.31219/osf.io/k8gte_v2,NA,2025
https://openalex.org/W4393212044,Predicting Parkinson's disease trajectory using clinical and functional MRI features: a reproduction and replication study,https://doi.org/10.48550/arxiv.2403.15405,arXiv (Cornell University),2024
https://openalex.org/W4410143474,Open Science for Qualitative Research,https://doi.org/10.31219/osf.io/xckbv_v2,NA,2025
https://openalex.org/W4315881782,Static Analysis Driven Enhancements for Comprehension in Machine Learning Notebooks,https://doi.org/10.48550/arxiv.2301.04419,arXiv (Cornell University),2023
https://openalex.org/W4315641315,Reproducible research practices and transparency across linguistics,https://doi.org/10.31219/osf.io/naf8t,NA,2023
https://openalex.org/W7116683868,Hire Ed: Job Market Dynamics for Tenure-Track Faculty Positions in Archaeology,https://doi.org/10.1017/aaq.2025.10117,American Antiquity,2025
https://openalex.org/W4323323877,Slow improvement to the archiving quality of open datasets shared by researchers in ecology and evolution,https://doi.org/10.5281/zenodo.7704089,Zenodo (CERN European Organization for Nuclear Research),2022
https://openalex.org/W4391244810,Wrinkling of fluid deformable surfaces,https://doi.org/10.48550/arxiv.2401.13426,arXiv (Cornell University),2024
https://openalex.org/W4409598794,Geoeconomic Pressure,https://doi.org/10.31235/osf.io/zsc4x_v2,NA,2025
https://openalex.org/W4416788701,FastACI: a toolbox for investigating auditory perception using reverse correlation,https://doi.org/10.3389/fpsyg.2025.1668690,Frontiers in Psychology,2025
https://openalex.org/W4406793719,Comparing Summed Probability Distributions of Shoreline and Radiocarbon Dates from the Mesolithic Skagerrak Coast of Norway,https://doi.org/10.1007/s10816-025-09696-7,Journal of Archaeological Method and Theory,2025
https://openalex.org/W4301319730,Morphological Plant Modeling: Unleashing Geometric and Topological Potential within the Plant Sciences,https://doi.org/10.17615/39cx-w297,UNC Libraries,2020
https://openalex.org/W4301679596,Optimal management of a stochastically varying population when policy adjustment is costly,https://doi.org/10.48550/arxiv.1507.07037,arXiv (Cornell University),2015
https://openalex.org/W4306795289,The effect of the scale of grant scoring on ranking accuracy,https://doi.org/10.12688/f1000research.125400.1,F1000Research,2022
https://openalex.org/W4406438702,Signal combination in vibration perception,https://doi.org/10.31234/osf.io/yjv6s,NA,2025
https://openalex.org/W4412664234,The Open Empirical Cycle for Hypothesis Evaluation in Psychology,https://doi.org/10.31234/osf.io/wsxbh_v2,NA,2025
https://openalex.org/W4397028062,Explainable Self-Organizing Artificial Intelligence Captures Landscape Changes Correlated with Human Impact Data,https://doi.org/10.48550/arxiv.2405.09547,arXiv (Cornell University),2024
https://openalex.org/W4411218260,The Open Empirical Cycle for Hypothesis Evaluation in Psychology,https://doi.org/10.31234/osf.io/wsxbh_v3,NA,2025
https://openalex.org/W4327810228,On the spectrum and structure constants of short operators in N=4 SYM at strong coupling,https://doi.org/10.48550/arxiv.2303.08834,arXiv (Cornell University),2023
https://openalex.org/W2986410778,"annoFuse: an R Package to annotate, prioritize, and interactively explore putative oncogenic RNA fusions",https://doi.org/10.1101/839738,NA,2019
https://openalex.org/W4387936891,Glioblastoma cells use an integrin- and CD44-mediated motor-clutch mode of migration in brain tissue,https://doi.org/10.1101/2023.10.23.563458,NA,2023
https://openalex.org/W4386408543,Different rules for binocular combination of luminance flicker in cortical and subcortical pathways,https://doi.org/10.7554/elife.87048.2,NA,2023
https://openalex.org/W4401664869,Plume and wall temperature impact on the subsonic aft-body flow of a generic space launcher geometry,https://doi.org/10.1007/s00348-024-03866-1,Experiments in Fluids,2024
https://openalex.org/W4286276438,"Unraveling Early Holocene occupation patterns at El Arenal de la Virgen (Alicante, Spain) open-air site: an integrated palimpsest analysis",https://doi.org/10.31235/osf.io/rcqkb,NA,2022
https://openalex.org/W7118540302,Classifying National Pathways of Sustainable Development Through Bayesian Probabilistic Modelling,https://doi.org/10.3390/su18020601,Sustainability,2026
https://openalex.org/W4375950200,Different rules for binocular combination of luminance flicker in cortical and subcortical pathways,https://doi.org/10.7554/elife.87048.1,NA,2023
https://openalex.org/W4311833208,Open Science Perspectives on Machine Learning for the Identification of Careless Responding: A New Hope or Phantom Menace?,https://doi.org/10.31234/osf.io/8t2cy,NA,2022
https://openalex.org/W4412485041,A Mismatch Between Open Science Practices and Intentions in North America: Barriers and Incentives for Early Career and Senior Researchers,https://doi.org/10.32920/29586197,NA,2025
https://openalex.org/W4390092586,Sum rules &amp; Tauberian theorems at finite temperature,https://doi.org/10.3204/pubdb-2023-07986,arXiv (Cornell University),2023
https://openalex.org/W4376618089,Hybrid computational modeling highlights reverse Warburg effect in breast cancer-associated fibroblasts,https://doi.org/10.1101/2023.05.11.540378,NA,2023
https://openalex.org/W4396222995,"Multi-Scale Modeling of Physical Properties of Nanoporous Frameworks: Predicting Mechanical, Thermal and Adsorption Behavior",https://doi.org/10.26434/chemrxiv-2024-n01cs-v2,NA,2024
https://openalex.org/W7128803084,Fine-tuned large language models can replicate expert coding better than trained coders: a study on informative signals sent by interest groups,https://doi.org/10.1017/psrm.2025.10086,Political Science Research and Methods,2026
https://openalex.org/W4319165919,Effective actions in supersymmetric gauge theories: heat kernels for non-minimal operators,https://doi.org/10.48550/arxiv.2302.00957,arXiv (Cornell University),2023
https://openalex.org/W4399303452,Using an expert survey and user feedback to construct PRECHECK: A checklist to evaluate preprints on COVID-19 and beyond,https://doi.org/10.12688/f1000research.129814.3,F1000Research,2024
https://openalex.org/W4411896338,Opening open science to all: demystifying reproducibility and transparency practices in linguistic research,https://doi.org/10.1515/ling-2023-0249,Linguistics,2025
https://openalex.org/W4403622219,SUPER: Evaluating Agents on Setting Up and Executing Tasks from Research Repositories,https://doi.org/10.48550/arxiv.2409.07440,arXiv (Cornell University),2024
https://openalex.org/W4413775354,Improving Statistical Reporting in Psychology,https://doi.org/10.31234/osf.io/5gr9n_v2,NA,2025
https://openalex.org/W4416117351,"Evaluating and Regulating Agentic AI: A Study of Benchmarks, Metrics, and Regulation",https://doi.org/10.36227/techrxiv.176186841.18883348/v3,NA,2025
https://openalex.org/W4309190366,Estimating lighting direction in scenes with multiple objects,https://doi.org/10.31234/osf.io/txy5u,NA,2022
https://openalex.org/W4367060484,Quantized Strings and Instantons in Holography,https://doi.org/10.48550/arxiv.2304.12340,arXiv (Cornell University),2023
https://openalex.org/W4385436784,From tree- to loop-simplicity in affine Toda theories II: higher-order poles and cut decompositions,https://doi.org/10.48550/arxiv.2307.15498,arXiv (Cornell University),2023
https://openalex.org/W4414138212,Prime Sine Function and The Riemann Hypothesis,https://doi.org/10.31219/osf.io/k7ycq_v2,NA,2025
https://openalex.org/W4281798395,"Share the code, not just the data: A case study of the reproducibility of articles published in the Journal of Memory and Language under the open data policy",https://doi.org/10.1016/j.jml.2022.104332,Journal of Memory and Language,2022
https://openalex.org/W4294723802,"Geomorphological landslide inventory map of the Daunia Apennines, southern Italy",https://doi.org/10.5194/essd-2022-301,NA,2022
https://openalex.org/W4207004934,"FoodMicrobionet v4: a large, integrated, open and transparent database for food bacterial communities",https://doi.org/10.1101/2022.01.19.476946,NA,2022
https://openalex.org/W7131401100,ASVI: Adaptive Shell-Margin Void Index and the Shell-Margin Separation Theorem (SMST),https://doi.org/10.5281/zenodo.18770015,Zenodo (CERN European Organization for Nuclear Research),2026
https://openalex.org/W7118576815,"TRUE 13.1 — Official Methodological Addendum Formal Clarifications, Invariants, and Reproducibility Conditions",https://doi.org/10.5281/zenodo.18167803,Zenodo (CERN European Organization for Nuclear Research),2026
https://openalex.org/W7117326728,TRUE 12-QUANTUM Operational Protocol for the Detection of the Universal Redistributive Flux γ₀ in Quantum Systems and Deep Artificial Intelligence,https://doi.org/10.5281/zenodo.18052934,Zenodo (CERN European Organization for Nuclear Research),2025
https://openalex.org/W7108730339,Specimen Record: Homo Commentarius Negativus (YouTube Subspecies),https://doi.org/10.5281/zenodo.17822847,Zenodo (CERN European Organization for Nuclear Research),2025
https://openalex.org/W4408868343,Computational Perspectives on Behaviour in Anorexia Nervosa: A Systematic Review,https://doi.org/10.31234/osf.io/wq4cz_v1,NA,2023
https://openalex.org/W4408888354,Computational Perspectives on Behaviour in Anorexia Nervosa: A Systematic Review,https://doi.org/10.31234/osf.io/wq4cz_v2,NA,2025
https://openalex.org/W7105813215,THP_V6.N — A Harmonic Coherence Index for Nuclear Stability (Revised Edition),https://doi.org/10.5281/zenodo.17613623,Zenodo (CERN European Organization for Nuclear Research),2025
https://openalex.org/W7106558864,Proposal of Economic Historical Studies: Rationality of Extra-Institutional Mediators and Interdisciplinary Re-evaluation,https://doi.org/10.5281/zenodo.17695732,Zenodo (CERN European Organization for Nuclear Research),2025
https://openalex.org/W7106536682,Proposal of Economic Historical Studies: Rationality of Extra-Institutional Mediators and Interdisciplinary Re-evaluation,https://doi.org/10.5281/zenodo.17696055,Zenodo (CERN European Organization for Nuclear Research),2025
https://openalex.org/W7106835001,NeuroCompass: A PyTorch Implementation of Morphological Brain Extraction with Pilot GPU Benchmarking Against FSL BET,https://doi.org/10.5281/zenodo.17725321,Zenodo (CERN European Organization for Nuclear Research),2025
https://openalex.org/W7133674638,Formal Theory of Deterministic Representational Validity,https://doi.org/10.5281/zenodo.18857240,Zenodo (CERN European Organization for Nuclear Research),2026
https://openalex.org/W4398815957,Replication Data for: Organizations Involved in Humanitarian Action: Introducing a New Dataset,https://doi.org/10.7910/dvn/zyu4ls,Harvard Dataverse,2022
https://openalex.org/W4313451340,Comment on essd-2022-301,https://doi.org/10.5194/essd-2022-301-rc2,NA,2023
https://openalex.org/W2948513625,Head and Neck Tumors in Older Adults: Systemic Treatments and Combination with Local Strategies,https://doi.org/10.1007/978-3-319-44870-1_37-1,NA,2019
https://openalex.org/W3001306809,How Many Streamlines are Required for Reliable Probabilistic Tractography? Solutions for Microstructural Measurements and Neurosurgical Planning,https://doi.org/10.1101/2020.01.26.920397,NA,2020
https://openalex.org/W4317508219,Comment on essd-2022-301,https://doi.org/10.5194/essd-2022-301-ac1,NA,2023
https://openalex.org/W7114991029,SELF-TAPE EVALUATION CRITERIA AND THE STANDARDIZATION OF CASTING IN THE DIGITAL ENVIRONMENT,https://doi.org/10.5281/zenodo.17910326,Zenodo (CERN European Organization for Nuclear Research),2025
https://openalex.org/W7114922809,SELF-TAPE EVALUATION CRITERIA AND THE STANDARDIZATION OF CASTING IN THE DIGITAL ENVIRONMENT,https://doi.org/10.5281/zenodo.17895744,Zenodo (CERN European Organization for Nuclear Research),2025
https://openalex.org/W7106853685,Technoprocess diagram for parasympathetic regulatory tablet production,https://doi.org/10.5281/zenodo.17727153,Zenodo (CERN European Organization for Nuclear Research),2025
https://openalex.org/W7107940309,Technoprocess diagram for parasympathetic regulatory tablet production,https://doi.org/10.5281/zenodo.17727152,Zenodo (CERN European Organization for Nuclear Research),2025
https://openalex.org/W4297838881,"A &gt;200 ka U-Th based chronology from lacustrine evaporites, Searles Lake, CA",https://doi.org/10.1002/essoar.10512405.2,NA,2022
https://openalex.org/W7114808946,SELF-TAPE EVALUATION CRITERIA AND THE STANDARDIZATION OF CASTING IN THE DIGITAL ENVIRONMENT,https://doi.org/10.5281/zenodo.17877045,Zenodo (CERN European Organization for Nuclear Research),2025
https://openalex.org/W7115008757,SELF-TAPE EVALUATION CRITERIA AND THE STANDARDIZATION OF CASTING IN THE DIGITAL ENVIRONMENT,https://doi.org/10.5281/zenodo.17910327,Zenodo (CERN European Organization for Nuclear Research),2025
https://openalex.org/W7114768887,SELF-TAPE EVALUATION CRITERIA AND THE STANDARDIZATION OF CASTING IN THE DIGITAL ENVIRONMENT,https://doi.org/10.5281/zenodo.17877046,Zenodo (CERN European Organization for Nuclear Research),2025
https://openalex.org/W7128050450,SOLAR External: 2I/Borisov — Coherence Signature on SOLAR Baseline (CP364),https://doi.org/10.5281/zenodo.18458620,Zenodo (CERN European Organization for Nuclear Research),2026
https://openalex.org/W7128318352,SOLAR External: 1I/ʻOumuamua — Coherence Signature on SOLAR Baseline (CP364),https://doi.org/10.5281/zenodo.18480713,Zenodo (CERN European Organization for Nuclear Research),2026
https://openalex.org/W7126261674,A Core-Agnostic Validation Framework for Structural Similarity Metrics in One-Dimensional Signals,https://doi.org/10.5281/zenodo.18428823,Zenodo (CERN European Organization for Nuclear Research),2026
https://openalex.org/W7115059545,RRS-003 | Reproducibility before intelligence. Structure before performance.,https://doi.org/10.5281/zenodo.17922610,Zenodo (CERN European Organization for Nuclear Research),2025
https://openalex.org/W7106545900,Proposal of Economic Historical Studies: Rationality of Extra-Institutional Mediators and Interdisciplinary Re-evaluation,https://doi.org/10.5281/zenodo.17699428,Zenodo (CERN European Organization for Nuclear Research),2025
https://openalex.org/W7108634127,Proposal of Economic Historical Studies: Rationality of Extra-Institutional Mediators and Interdisciplinary Re-evaluation,https://doi.org/10.5281/zenodo.17809006,Zenodo (CERN European Organization for Nuclear Research),2025
https://openalex.org/W7108632344,Proposal of Economic Historical Studies: Rationality of Extra-Institutional Mediators and Interdisciplinary Re-evaluation,https://doi.org/10.5281/zenodo.17808964,Zenodo (CERN European Organization for Nuclear Research),2025
https://openalex.org/W7108746655,Proposal of Economic Historical Studies: Rationality of Extra-Institutional Mediators and Interdisciplinary Re-evaluation,https://doi.org/10.5281/zenodo.17810823,Zenodo (CERN European Organization for Nuclear Research),2025
https://openalex.org/W7124463038,Proposal of Economic Historical Studies: Rationality of Extra-Institutional Mediators and Interdisciplinary Re-evaluation,https://doi.org/10.5281/zenodo.18269770,Zenodo (CERN European Organization for Nuclear Research),2026
https://openalex.org/W7124488169,Proposal of Economic Historical Studies: Rationality of Extra-Institutional Mediators and Interdisciplinary Re-evaluation,https://doi.org/10.5281/zenodo.18269867,Zenodo (CERN European Organization for Nuclear Research),2026
https://openalex.org/W7108743070,Proposal of Economic Historical Studies: Rationality of Extra-Institutional Mediators and Interdisciplinary Re-evaluation,https://doi.org/10.5281/zenodo.17809208,Zenodo (CERN European Organization for Nuclear Research),2025
https://openalex.org/W7106581765,Proposal of Economic Historical Studies: Rationality of Extra-Institutional Mediators and Interdisciplinary Re-evaluation,https://doi.org/10.5281/zenodo.17695731,Zenodo (CERN European Organization for Nuclear Research),2026
https://openalex.org/W7128724031,"Report from badań Global Theory of Shared Couplings of Fundamental Structures (GTWSSF USC GTCW) Modules theoretical, holography, HJM–BARYO,nuclear 134In–133Sn and tests experimental_EN",https://doi.org/10.5281/zenodo.18623267,Zenodo (CERN European Organization for Nuclear Research),2026
https://openalex.org/W7133341509,The Riemann Hypothesis — Complete Proof,https://doi.org/10.5281/zenodo.18853982,Zenodo (CERN European Organization for Nuclear Research),2026
https://openalex.org/W7116403435,137 Root: Establishing a Shared Mathematical Anchor for Post-2025 Physics,https://doi.org/10.5281/zenodo.18001058,Zenodo (CERN European Organization for Nuclear Research),2025
https://openalex.org/W4379207081,Using Detrending to Assess SARS-CoV-2 Wastewater Loads as a Leading Indicator of Fluctuations in COVID-19 Cases at Fine Temporal Scales: Correlations Across Twenty Sewersheds in North Carolina,https://doi.org/10.31223/x5967x,NA,2023
https://openalex.org/W4241927573,The physiological basis and clinical significance of lung volume measurements,https://doi.org/10.4081/mrm.2017.220,Multidisciplinary Respiratory Medicine,2019
https://openalex.org/W7126382002,Geometric Resolution of the Riemann Hypothesis: The PVT-Mc Convergence Framework,https://doi.org/10.5281/zenodo.18449929,Zenodo (CERN European Organization for Nuclear Research),2026
https://openalex.org/W7126453329,Geometric Resolution of the Riemann Hypothesis: The PVT-Mc Convergence Framework,https://doi.org/10.5281/zenodo.18447765,Zenodo (CERN European Organization for Nuclear Research),2026
https://openalex.org/W7133822640,"PREreview of ""A Transcriptional Signature of Metabolic-Immune Conflict Fails to Provide Independent Prognostic or Predictive Value in Melanoma""",https://doi.org/10.5281/zenodo.18880589,Zenodo (CERN European Organization for Nuclear Research),2026
https://openalex.org/W7127908601,Geometric Resolution of the Riemann Hypothesis: The PVT-Mc Convergence Framework,https://doi.org/10.5281/zenodo.18500859,Zenodo (CERN European Organization for Nuclear Research),2026
https://openalex.org/W3158423698,Towards community-driven metadata standards for light microscopy: tiered specifications extending the OME model,https://doi.org/10.1101/2021.04.25.441198,NA,2021
https://openalex.org/W7124954738,"Update on the Prime Vortex Theory: Fractal Phase-Convergence and Reconciliation of the ""12.8"" Discrepancy",https://doi.org/10.5281/zenodo.18314130,Zenodo (CERN European Organization for Nuclear Research),2026
https://openalex.org/W7128620706,"Update on the Prime Vortex Theory: Fractal Phase-Convergence and Reconciliation of the ""12.8"" Discrepancy",https://doi.org/10.5281/zenodo.18604522,Zenodo (CERN European Organization for Nuclear Research),2026
https://openalex.org/W7128486078,"Update on the Prime Vortex Theory: Fractal Phase-Convergence and Reconciliation of the ""12.8"" Discrepancy",https://doi.org/10.5281/zenodo.18598542,Zenodo (CERN European Organization for Nuclear Research),2026
https://openalex.org/W7131406571,TRAVERSAL LOG; DOCUMENTATION REHEARSAL (TL;DR): THE SIGIL INSTALLATION,https://doi.org/10.5281/zenodo.18773867,Zenodo (CERN European Organization for Nuclear Research),2026
https://openalex.org/W3104031902,Clipper: p-value-free FDR control on high-throughput data from two conditions,https://doi.org/10.1101/2020.11.19.390773,NA,2020
https://openalex.org/W4239744169,"A Retrospective Study on Incidence, Diagnosis, and Clinical Outcome of Gastric-type Endocervical Adenocarcinoma in a Single Institution",https://doi.org/10.21203/rs.3.rs-606933/v1,NA,2021
https://openalex.org/W4384559668,Exploring reproducible non-aqueous scanning droplet cell electrochemistry in model battery chemistries,https://doi.org/10.26434/chemrxiv-2023-t39wm,NA,2023
https://openalex.org/W4366990214,On the detection of lateral movement through supervised machine learning and an open-source tool to create turnkey datasets from Sysmon logs,https://doi.org/10.21203/rs.3.rs-2845318/v1,Research Square (Research Square),2023
https://openalex.org/W4393120506,Antibiotics modulate variable immunological responses in sepsis: A narrative review,https://doi.org/10.62587/afrjms.1.1.2024.13-21,African Research Journal of Medical Sciences,2024
https://openalex.org/W4400704275,What is Reproducibility in Artificial Intelligence and Machine Learning Research?,https://doi.org/10.48550/arxiv.2407.10239,arXiv (Cornell University),2024
https://openalex.org/W4281493163,Diversity Over Size: On the Effect of Sample and Topic Sizes for Topic-Dependent Argument Mining Datasets,https://doi.org/10.48550/arxiv.2205.11472,arXiv (Cornell University),2022
https://openalex.org/W4308516384,"Rehabilitation in Survivors of COVID-19 (RE2SCUE): a non-randomized, controlled and open study",https://doi.org/10.21203/rs.3.rs-2156055/v1,Research Square (Research Square),2022
https://openalex.org/W3157860217,How to quantify bilingual experience? Findings from a Delphi consensus survey,https://doi.org/10.31219/osf.io/ebh3c,NA,2021
https://openalex.org/W4245357307,NA,https://doi.org/10.37897/rjmp.2021.2,Romanian Journal of Medical Practice,2021
https://openalex.org/W4404527880,Получение салатного масла и хлебопекарного жира с использованием переэтерификации хлопкового масла,https://doi.org/10.25812/vniig.2018.2018.19651,Vestnik Vserossijskogo naučno-issledovatelʹskogo instituta žirov.,2018
https://openalex.org/W4255005163,Comparative Cost Analysis Of Cervical Cancer Screening Programme Based On Molecular Detection Of HPV In Spain,https://doi.org/10.21203/rs.3.rs-42442/v2,NA,2020
https://openalex.org/W4254438895,Comparative Cost Analysis Of Cervical Cancer Screening Programme Based On Molecular Detection Of HPV In Spain,https://doi.org/10.21203/rs.3.rs-42442/v3,Research Square (Research Square),2021
https://openalex.org/W4249330075,Comparative Cost Analysis of Cervical Cancer Screening Programme Based on Molecular Detection of Hpv In Spain,https://doi.org/10.21203/rs.3.rs-42442/v1,Research Square (Research Square),2020
https://openalex.org/W4300859920,"A randomized, seven-day study to assess the efficacy and safety of a glycopyrrolate/formoterol fumarate fixed-dose combination metered dose inhaler using novel Co-Suspension™ Delivery Technology in patients with moderate-to-very severe chronic obstructive pulmonary disease",https://doi.org/10.17615/md2j-3z93,UNC Libraries,2020
https://openalex.org/W4247380684,A Badging System for Reproducibility and Replicability in Remote Sensing Research,https://doi.org/10.26686/wgtn.12894452,NA,2020
https://openalex.org/W4245542280,NA,https://doi.org/10.7752/jpes.2020.s6423,Journal of Physical Education and Sport,2020
https://openalex.org/W4406245450,NA,https://doi.org/10.33140/jcrr.04.02,Journal of Clinical Rheumatology Research,2024
https://openalex.org/W4300811110,Prevalence of Atrial Fibrillation and Antithrombotic Therapy in Hemodialysis Patients: Cross-Sectional Results of the Vienna InVestigation of AtriaL Fibrillation and Thromboembolism in Patients on HemoDIalysis (VIVALDI),https://doi.org/10.17615/fj8s-6g84,UNC Libraries,2020
https://openalex.org/W4288022517,Evidence map of crop diversification strategies at the global scale,https://doi.org/10.5281/zenodo.4088210,Zenodo (CERN European Organization for Nuclear Research),2019
https://openalex.org/W4406084327,"Peer Review Report For: INdependenT prEscribinG in community phaRmAcy; whaT works for whom, why and in what circumstancEs (INTEGRATE): Realist review study protocol [version 1; peer review: 3 approved]",https://doi.org/10.3310/nihropenres.14953.r34013,NA,2025
https://openalex.org/W4402684015,Collaboration or Corporate Capture? Quantifying NLP’s Reliance on Industry Artifacts and Contributions,https://doi.org/10.18653/v1/2024.acl-long.188,NA,2024
https://openalex.org/W4412944729,"Limited Generalizability in Argument Mining: State-Of-The-Art Models Learn Datasets, Not Arguments",https://doi.org/10.18653/v1/2025.acl-long.1164,NA,2025
https://openalex.org/W4411335944,Accomplishing collaboration at scale: How professionals jointly frame problems on Stack Overflow,https://doi.org/10.31235/osf.io/aqymw_v2,NA,2025
https://openalex.org/W4320854881,Why Can't Discourse Parsing Generalize? A Thorough Investigation of the Impact of Data Diversity,https://doi.org/10.48550/arxiv.2302.06488,arXiv (Cornell University),2023
https://openalex.org/W4387299663,Laying Foundations to Quantify the “Effort of Reproducibility”,https://doi.org/10.1109/jcdl57899.2023.00018,NA,2023
https://openalex.org/W4404315878,Towards Reproducible Machine Learning-Based Process Monitoring and Quality Prediction Research for Additive Manufacturing,https://doi.org/10.1115/detc2024-144461,NA,2024
https://openalex.org/W4381247863,Reproducibility in NLP: What Have We Learned from the Checklist?,https://doi.org/10.48550/arxiv.2306.09562,arXiv (Cornell University),2023
https://openalex.org/W4414230310,Towards reproducible machine learning-based process monitoring and quality prediction research for additive manufacturing,https://doi.org/10.1016/j.engappai.2025.112223,Engineering Applications of Artificial Intelligence,2025
https://openalex.org/W4353029138,Inter-rater reliability of the Infectious Disease Modeling Reproducibility Checklist (IDMRC) as applied to COVID-19 computational modeling research,https://doi.org/10.1101/2023.03.21.23287529,NA,2023
https://openalex.org/W7124269531,La reproductibilité en science et la RDA: Zoom sur le groupe de travail Reproducibility Checklist,https://doi.org/10.5281/zenodo.18262794,Zenodo (CERN European Organization for Nuclear Research),2026
https://openalex.org/W4394553370,Nature Reproducibility survey 2017,https://doi.org/10.6084/m9.figshare.6139937.v3,Figshare,2018
https://openalex.org/W4394503846,Nature Reproducibility survey 2017,https://doi.org/10.6084/m9.figshare.6139937.v2,Figshare,2018
https://openalex.org/W4394273982,Nature Reproducibility survey 2017,https://doi.org/10.6084/m9.figshare.6139937.v1,Figshare,2018
https://openalex.org/W7126440551,ACME HOLD,https://doi.org/10.5281/zenodo.18448678,Zenodo (CERN European Organization for Nuclear Research),2026
https://openalex.org/W7119583503,"CNC x Pulsar Timing Array Holonomy Witness: Multi-ephemeris and multi-pipeline loop-closure test (Prereg artifacts and protocol, v1)",https://doi.org/10.5281/zenodo.18193232,Zenodo (CERN European Organization for Nuclear Research),2026
https://openalex.org/W7119057054,C-MVAD - Dataset Specifications & Supplementary Material,https://doi.org/10.5281/zenodo.18161259,Zenodo (CERN European Organization for Nuclear Research),2026
https://openalex.org/W7106550369,Premise-Conditions Economics: Institutional Limits of Applying the Innovation-Driven Sustained Growth Theory in Japan,https://doi.org/10.5281/zenodo.17696172,Zenodo (CERN European Organization for Nuclear Research),2025
https://openalex.org/W7104066672,The Repair Yield per Energy (RYE) Metric: A Universal Efficiency Law for Adaptive Self-Repair Systems,https://doi.org/10.5281/zenodo.17536135,Zenodo (CERN European Organization for Nuclear Research),2025
https://openalex.org/W7105056742,Consistency Tax and Epistemic Thermodynamics: A Cross-Domain Framework for the Physical Cost of Incoherence,https://doi.org/10.5281/zenodo.17576649,Zenodo (CERN European Organization for Nuclear Research),2025
https://openalex.org/W7105144532,Consistency Tax and Epistemic Thermodynamics: A Cross-Domain Framework for the Physical Cost of Incoherence,https://doi.org/10.5281/zenodo.17577042,Zenodo (CERN European Organization for Nuclear Research),2025
https://openalex.org/W7118738874,Reproducibility Under Preprocessing Variability: A Comparative Study of Modern Machine Learning Methods on Social Data,https://doi.org/10.5281/zenodo.18172309,Zenodo (CERN European Organization for Nuclear Research),2025
https://openalex.org/W7110804986,Introducing Unbound Aetherium - First Manuscript,https://doi.org/10.5281/zenodo.17861454,Zenodo (CERN European Organization for Nuclear Research),2025
https://openalex.org/W7117504502,Failure Geometry as a Constructive Control Paradigm for Large Language Models: Attractor-Driven Semantic Collapse Under Hard Termination Constraints,https://doi.org/10.5281/zenodo.18079028,Zenodo (CERN European Organization for Nuclear Research),2025
https://openalex.org/W7127386356,The Verification Crisis: Expert Perceptions of GenAI Disinformation and the Case for Reproducible Provenance,https://doi.org/10.48550/arxiv.2602.02100,arXiv (Cornell University),2026
https://openalex.org/W7126037415,Experimental Protocol for Comparative Testing of Consistency Constraints in Post-Selected Quantum Circuits: A Comparative NISQ Study,https://doi.org/10.5281/zenodo.18419891,Zenodo (CERN European Organization for Nuclear Research),2026
https://openalex.org/W7126093644,Experimental Protocol for Comparative Testing of Consistency Constraints in Post-Selected Quantum Circuits: A Comparative NISQ Study,https://doi.org/10.5281/zenodo.18419890,Zenodo (CERN European Organization for Nuclear Research),2026
https://openalex.org/W7105647267,Consistency Tax and Epistemic Thermodynamics: A Cross-Domain Framework for the Physical Cost of Incoherence,https://doi.org/10.5281/zenodo.17592995,Zenodo (CERN European Organization for Nuclear Research),2025
https://openalex.org/W4414059403,Adaptive Monitoring and Real-World Evaluation of Agentic AI Systems,https://doi.org/10.31224/5319,NA,2025
https://openalex.org/W4414002173,Adaptive Monitoring and Real-World Evaluation of Agentic AI Systems,https://doi.org/10.20944/preprints202508.2214.v1,Preprints.org,2025
https://openalex.org/W7123888441,Adaptive Monitoring and Real-World Evaluation of Agentic AI Systems,https://doi.org/10.2139/ssrn.5893882,SSRN Electronic Journal,2026
https://openalex.org/W7131278037,"How to Read the Mallinckrodt Framework: A Consolidated Entry Point for Singularization Analysis (Version 3.0, 2026)",https://doi.org/10.5281/zenodo.18762353,Zenodo (CERN European Organization for Nuclear Research),2026
https://openalex.org/W7127038606,Adaptive monitoring and real-world evaluation of agentic AI systems,https://doi.org/10.1007/s43681-026-00990-y,AI and Ethics,2026
https://openalex.org/W4416681989,Adaptive Monitoring and Real-World Evaluation of Agentic AI Systems,https://doi.org/10.48550/arxiv.2509.00115,ArXiv.org,2025
https://openalex.org/W7106806365,Premise-Conditions Economics: Institutional Limits of Applying the Innovation-Driven Sustained Growth Theory in Japan,https://doi.org/10.5281/zenodo.17717662,Zenodo (CERN European Organization for Nuclear Research),2025
https://openalex.org/W7106813320,Premise-Conditions Economics: Institutional Limits of Applying the Innovation-Driven Sustained Growth Theory in Japan,https://doi.org/10.5281/zenodo.17717536,Zenodo (CERN European Organization for Nuclear Research),2025
https://openalex.org/W7106857343,Premise-Conditions Economics: Institutional Limits of Applying the Innovation-Driven Sustained Growth Theory in Japan,https://doi.org/10.5281/zenodo.17717947,Zenodo (CERN European Organization for Nuclear Research),2025
https://openalex.org/W7106847747,Premise-Conditions Economics: Institutional Limits of Applying the Innovation-Driven Sustained Growth Theory in Japan,https://doi.org/10.5281/zenodo.17717881,Zenodo (CERN European Organization for Nuclear Research),2025
https://openalex.org/W7108324189,"A Euclidean Instanton Connecting Black and White Hole Geometries: Existence, Regularity, and Action in a Reduced Quantum Gravitational Framework",https://doi.org/10.5281/zenodo.17794944,Zenodo (CERN European Organization for Nuclear Research),2025
https://openalex.org/W7106564720,Premise-Conditions Economics: Institutional Limits of Applying the Innovation-Driven Sustained Growth Theory in Japan,https://doi.org/10.5281/zenodo.17696278,Zenodo (CERN European Organization for Nuclear Research),2025
https://openalex.org/W7106820652,Premise-Conditions Economics: Institutional Limits of Applying the Innovation-Driven Sustained Growth Theory in Japan,https://doi.org/10.5281/zenodo.17717796,Zenodo (CERN European Organization for Nuclear Research),2025
https://openalex.org/W7117539181,"Volume Particle (VP) Application Whitepaper v0.2 - Reproducibility Package - Scale Separation (r_vac=245.9 fm, L_quant=4854 fm)",https://doi.org/10.5281/zenodo.18043066,Zenodo (CERN European Organization for Nuclear Research),2025
https://openalex.org/W7104038569,Sheaf Consistent Clustering,https://doi.org/10.5281/zenodo.17521685,Zenodo (CERN European Organization for Nuclear Research),2025
https://openalex.org/W7111119723,"A Euclidean Instanton Connecting Black and White Hole Geometries: Existence, Regularity, and Action in a Reduced Quantum Gravitational Framework",https://doi.org/10.5281/zenodo.17863739,Zenodo (CERN European Organization for Nuclear Research),2025
https://openalex.org/W7127421166,"Neutrinos, Emergence Ontology, and Cosmological Coherence: a critical–propositional analysis under the modal discipline of the Theory of Objectivity (TO)",https://doi.org/10.5281/zenodo.18475192,Zenodo (CERN European Organization for Nuclear Research),2026
https://openalex.org/W7111160410,"A Euclidean Instanton Connecting Black and White Hole Geometries: Existence, Regularity, and Action in a Reduced Quantum Gravitational Framework",https://doi.org/10.5281/zenodo.17870204,Zenodo (CERN European Organization for Nuclear Research),2025
https://openalex.org/W7108314796,"A Euclidean Instanton Connecting Black and White Hole Geometries: Existence, Regularity, and Action in a Reduced Quantum Gravitational Framework",https://doi.org/10.5281/zenodo.17789006,Zenodo (CERN European Organization for Nuclear Research),2025
https://openalex.org/W3104223418,Masking as an Efficient Alternative to Finetuning for Pretrained Language Models,https://doi.org/10.5282/ubm/epub.74038,Open access LMU (Ludwid Maxmilian's Universitat Munchen),2020
https://openalex.org/W7106847953,Premise-Conditions Economics: Institutional Limits of Applying the Innovation-Driven Sustained Growth Theory in Japan,https://doi.org/10.5281/zenodo.17718021,Zenodo (CERN European Organization for Nuclear Research),2025
https://openalex.org/W7106798462,Premise-Conditions Economics: Institutional Limits of Applying the Innovation-Driven Sustained Growth Theory in Japan,https://doi.org/10.5281/zenodo.17718552,Zenodo (CERN European Organization for Nuclear Research),2025
https://openalex.org/W4368304241,"Missing Information, Unresponsive Authors, Experimental Flaws: The Impossibility of Assessing the Reproducibility of Previous Human Evaluations in NLP",https://doi.org/10.48550/arxiv.2305.01633,arXiv (Cornell University),2023
https://openalex.org/W4379538657,NLPositionality: Characterizing Design Biases of Datasets and Models,https://doi.org/10.48550/arxiv.2306.01943,arXiv (Cornell University),2023
https://openalex.org/W4223958773,Quantified Reproducibility Assessment of NLP Results,https://doi.org/10.48550/arxiv.2204.05961,arXiv (Cornell University),2022
https://openalex.org/W7115014437,"Resolution Framework for the Erdős Distinct Distances Problem: Deterministic, Probabilistic, Generalized, Extended, and Replicable Variants",https://doi.org/10.5281/zenodo.17908298,Zenodo (CERN European Organization for Nuclear Research),2025
https://openalex.org/W7108067874,Premise-Conditions Economics: Institutional Limits of Applying the Innovation-Driven Sustained Growth Theory in Japan,https://doi.org/10.5281/zenodo.17766516,Zenodo (CERN European Organization for Nuclear Research),2025
https://openalex.org/W7108075161,Premise-Conditions Economics: Institutional Limits of Applying the Innovation-Driven Sustained Growth Theory in Japan,https://doi.org/10.5281/zenodo.17766825,Zenodo (CERN European Organization for Nuclear Research),2025
https://openalex.org/W7106851708,Premise-Conditions Economics: Institutional Limits of Applying the Innovation-Driven Sustained Growth Theory in Japan,https://doi.org/10.5281/zenodo.17718599,Zenodo (CERN European Organization for Nuclear Research),2025
https://openalex.org/W7108074648,Premise-Conditions Economics: Institutional Limits of Applying the Innovation-Driven Sustained Growth Theory in Japan,https://doi.org/10.5281/zenodo.17766653,Zenodo (CERN European Organization for Nuclear Research),2025
https://openalex.org/W7108081697,Premise-Conditions Economics: Institutional Limits of Applying the Innovation-Driven Sustained Growth Theory in Japan,https://doi.org/10.5281/zenodo.17766810,Zenodo (CERN European Organization for Nuclear Research),2025
https://openalex.org/W7108083297,Premise-Conditions Economics: Institutional Limits of Applying the Innovation-Driven Sustained Growth Theory in Japan,https://doi.org/10.5281/zenodo.17723037,Zenodo (CERN European Organization for Nuclear Research),2025
https://openalex.org/W7108084129,Premise-Conditions Economics: Institutional Limits of Applying the Innovation-Driven Sustained Growth Theory in Japan,https://doi.org/10.5281/zenodo.17766790,Zenodo (CERN European Organization for Nuclear Research),2025
https://openalex.org/W7106823395,Premise-Conditions Economics: Institutional Limits of Applying the Innovation-Driven Sustained Growth Theory in Japan,https://doi.org/10.5281/zenodo.17722948,Zenodo (CERN European Organization for Nuclear Research),2025
https://openalex.org/W7106822989,Premise-Conditions Economics: Institutional Limits of Applying the Innovation-Driven Sustained Growth Theory in Japan,https://doi.org/10.5281/zenodo.17722877,Zenodo (CERN European Organization for Nuclear Research),2025
https://openalex.org/W7108079111,Premise-Conditions Economics: Institutional Limits of Applying the Innovation-Driven Sustained Growth Theory in Japan,https://doi.org/10.5281/zenodo.17767660,Zenodo (CERN European Organization for Nuclear Research),2025
https://openalex.org/W7106857174,Premise-Conditions Economics: Institutional Limits of Applying the Innovation-Driven Sustained Growth Theory in Japan,https://doi.org/10.5281/zenodo.17718968,Zenodo (CERN European Organization for Nuclear Research),2025
https://openalex.org/W7119662863,OTIP: A Falsifiable Anti-Goodhart Protocol for Testing Ontological Commitments via Interventions in Reinforcement Learning Agents,https://doi.org/10.5281/zenodo.18202077,Zenodo (CERN European Organization for Nuclear Research),2026
https://openalex.org/W7108067757,Premise-Conditions Economics: Institutional Limits of Applying the Innovation-Driven Sustained Growth Theory in Japan,https://doi.org/10.5281/zenodo.17766799,Zenodo (CERN European Organization for Nuclear Research),2025
https://openalex.org/W7106857235,Premise-Conditions Economics: Institutional Limits of Applying the Innovation-Driven Sustained Growth Theory in Japan,https://doi.org/10.5281/zenodo.17719201,Zenodo (CERN European Organization for Nuclear Research),2025
https://openalex.org/W7106831856,Premise-Conditions Economics: Institutional Limits of Applying the Innovation-Driven Sustained Growth Theory in Japan,https://doi.org/10.5281/zenodo.17722999,Zenodo (CERN European Organization for Nuclear Research),2025
https://openalex.org/W7105664185,Consistency Tax and Epistemic Thermodynamics: A Cross-Domain Framework for the Physical Cost of Incoherence,https://doi.org/10.5281/zenodo.17603901,Zenodo (CERN European Organization for Nuclear Research),2025
https://openalex.org/W7121244311,OTIP: A Falsifiable Anti-Goodhart Protocol for Testing Ontological Commitments via Interventions in Reinforcement Learning Agents,https://doi.org/10.5281/zenodo.18203787,Zenodo (CERN European Organization for Nuclear Research),2026
https://openalex.org/W7108712631,Premise-Conditions Economics: Institutional Limits of Applying the Innovation-Driven Sustained Growth Theory in Japan,https://doi.org/10.5281/zenodo.17810729,Zenodo (CERN European Organization for Nuclear Research),2025
https://openalex.org/W7108204944,Premise-Conditions Economics: Institutional Limits of Applying the Innovation-Driven Sustained Growth Theory in Japan,https://doi.org/10.5281/zenodo.17773990,Zenodo (CERN European Organization for Nuclear Research),2025
https://openalex.org/W7106492721,Premise-Conditions Economics: Institutional Limits of Applying the Innovation-Driven Sustained Growth Theory in Japan,https://doi.org/10.5281/zenodo.17696171,Zenodo (CERN European Organization for Nuclear Research),2025
https://openalex.org/W7108340862,Premise-Conditions Economics: Institutional Limits of Applying the Innovation-Driven Sustained Growth Theory in Japan,https://doi.org/10.5281/zenodo.17787069,Zenodo (CERN European Organization for Nuclear Research),2025
https://openalex.org/W7108226422,Premise-Conditions Economics: Institutional Limits of Applying the Innovation-Driven Sustained Growth Theory in Japan,https://doi.org/10.5281/zenodo.17772952,Zenodo (CERN European Organization for Nuclear Research),2025
https://openalex.org/W7108069690,Premise-Conditions Economics: Institutional Limits of Applying the Innovation-Driven Sustained Growth Theory in Japan,https://doi.org/10.5281/zenodo.17767689,Zenodo (CERN European Organization for Nuclear Research),2025
https://openalex.org/W7108209915,Premise-Conditions Economics: Institutional Limits of Applying the Innovation-Driven Sustained Growth Theory in Japan,https://doi.org/10.5281/zenodo.17773874,Zenodo (CERN European Organization for Nuclear Research),2025
https://openalex.org/W7108206649,Premise-Conditions Economics: Institutional Limits of Applying the Innovation-Driven Sustained Growth Theory in Japan,https://doi.org/10.5281/zenodo.17773580,Zenodo (CERN European Organization for Nuclear Research),2025
https://openalex.org/W7108216589,Premise-Conditions Economics: Institutional Limits of Applying the Innovation-Driven Sustained Growth Theory in Japan,https://doi.org/10.5281/zenodo.17772974,Zenodo (CERN European Organization for Nuclear Research),2025
https://openalex.org/W7108205319,Premise-Conditions Economics: Institutional Limits of Applying the Innovation-Driven Sustained Growth Theory in Japan,https://doi.org/10.5281/zenodo.17774025,Zenodo (CERN European Organization for Nuclear Research),2025
https://openalex.org/W7108219917,Premise-Conditions Economics: Institutional Limits of Applying the Innovation-Driven Sustained Growth Theory in Japan,https://doi.org/10.5281/zenodo.17772818,Zenodo (CERN European Organization for Nuclear Research),2025
https://openalex.org/W7108769436,Premise-Conditions Economics: Institutional Limits of Applying the Innovation-Driven Sustained Growth Theory in Japan,https://doi.org/10.5281/zenodo.17809684,Zenodo (CERN European Organization for Nuclear Research),2025
https://openalex.org/W7108216832,Premise-Conditions Economics: Institutional Limits of Applying the Innovation-Driven Sustained Growth Theory in Japan,https://doi.org/10.5281/zenodo.17773333,Zenodo (CERN European Organization for Nuclear Research),2025
https://openalex.org/W7108221837,Premise-Conditions Economics: Institutional Limits of Applying the Innovation-Driven Sustained Growth Theory in Japan,https://doi.org/10.5281/zenodo.17773808,Zenodo (CERN European Organization for Nuclear Research),2025
https://openalex.org/W4388275351,"SoulChat: Improving LLMs' Empathy, Listening, and Comfort Abilities through Fine-tuning with Multi-turn Empathy Conversations",https://doi.org/10.48550/arxiv.2311.00273,arXiv (Cornell University),2023
https://openalex.org/W4402671955,When Good and Reproducible Results are a Giant with Feet of Clay: The Importance of Software Quality in NLP,https://doi.org/10.18653/v1/2024.acl-long.200,NA,2024
https://openalex.org/W7105822876,Consistency Tax and Epistemic Thermodynamics: A Cross-Domain Framework for the Physical Cost of Incoherence,https://doi.org/10.5281/zenodo.17623738,Zenodo (CERN European Organization for Nuclear Research),2025
https://openalex.org/W7105849925,Consistency Tax and Epistemic Thermodynamics: A Cross-Domain Framework for the Physical Cost of Incoherence,https://doi.org/10.5281/zenodo.17625432,Zenodo (CERN European Organization for Nuclear Research),2025
https://openalex.org/W3097861677,Quantifying the Contextualization of Word Representations with Semantic Class Probing,https://doi.org/10.5282/ubm/epub.74039,Open access LMU (Ludwid Maxmilian's Universitat Munchen),2020
https://openalex.org/W4400203469,MDverse: Shedding Light on the Dark Matter of Molecular Dynamics Simulations,https://doi.org/10.7554/elife.90061.2,NA,2024
https://openalex.org/W7106261409,Consistency Tax and Epistemic Thermodynamics: A Cross-Domain Framework for the Physical Cost of Incoherence,https://doi.org/10.5281/zenodo.17663705,Zenodo (CERN European Organization for Nuclear Research),2025
https://openalex.org/W7123092059,OTIP: A Falsifiable Anti-Goodhart Protocol for Testing Ontological Commitments via Interventions in Reinforcement Learning Agents,https://doi.org/10.5281/zenodo.18209425,Zenodo (CERN European Organization for Nuclear Research),2026
https://openalex.org/W4324107138,Open World Classification with Adaptive Negative Samples,https://doi.org/10.48550/arxiv.2303.05581,arXiv (Cornell University),2023
https://openalex.org/W7134114353,OTIP: A Falsifiable Anti-Goodhart Protocol for Testing Ontological Commitments via Interventions in Reinforcement Learning Agents,https://doi.org/10.5281/zenodo.18900300,Zenodo (CERN European Organization for Nuclear Research),2026
https://openalex.org/W7134131597,OTIP: A Falsifiable Anti-Goodhart Protocol for Testing Ontological Commitments via Interventions in Reinforcement Learning Agents,https://doi.org/10.5281/zenodo.18900661,Zenodo (CERN European Organization for Nuclear Research),2026
https://openalex.org/W7119601189,OTIP: A Falsifiable Anti-Goodhart Protocol for Testing Ontological Commitments via Interventions in Reinforcement Learning Agents,https://doi.org/10.5281/zenodo.18196497,Zenodo (CERN European Organization for Nuclear Research),2026
https://openalex.org/W4387820271,"The swash zone selects functionally specialized assemblages of beach interstitial meiofauna (Platyhelminthes, Proseriata)",https://doi.org/10.22541/au.169777988.89244524/v1,NA,2023
https://openalex.org/W7117484619,Geometric Standard Model (GSM): Dynamical Emergence Framework,https://doi.org/10.5281/zenodo.18077304,Zenodo (CERN European Organization for Nuclear Research),2025
https://openalex.org/W7133324257,"PREreview of ""Modeling individual nearby radio galaxies as ultra-high-energy cosmic-ray accelerators""",https://doi.org/10.5281/zenodo.18843316,Zenodo (CERN European Organization for Nuclear Research),2026
https://openalex.org/W7117472113,Geometric Standard Model (GSM): Dynamical Emergence Framework,https://doi.org/10.5281/zenodo.18073307,Zenodo (CERN European Organization for Nuclear Research),2025
https://openalex.org/W7131379364,MULTI-EMITTER PULSED 144.07 HZ RESONANCE ENTRAINMENT FOR MEGALITHIC STONE TRANSPORT Dynamical Simulations Demonstrate 40-80% Weight Reduction via Constructive Interference and Piezoelectric Granite Coupling:,https://doi.org/10.5281/zenodo.18733175,Zenodo (CERN European Organization for Nuclear Research),2026
https://openalex.org/W7131432614,MULTI-EMITTER PULSED 144.07 HZ RESONANCE ENTRAINMENT FOR MEGALITHIC STONE TRANSPORT Dynamical Simulations Demonstrate 40-80% Weight Reduction via Constructive Interference and Piezoelectric Granite Coupling:,https://doi.org/10.5281/zenodo.18752266,Zenodo (CERN European Organization for Nuclear Research),2026
https://openalex.org/W4327905716,Functional convergence underground? The scale-dependency of community assembly processes in European cave spiders,https://doi.org/10.1101/2023.03.17.533085,NA,2023
https://openalex.org/W4384816974,Analyzing Dataset Annotation Quality Management in the Wild,https://doi.org/10.48550/arxiv.2307.08153,arXiv (Cornell University),2023
https://openalex.org/W3201469536,"Underreporting of errors in NLG output, and what to do about it",https://doi.org/10.48550/arxiv.2108.01182,Työväentutkimus Vuosikirja,2021
https://openalex.org/W4317513974,Accurate Detection of Paroxysmal Atrial Fibrillation with Certified-GAN and Neural Architecture Search,https://doi.org/10.21203/rs.3.rs-2485416/v1,Research Square (Research Square),2023
https://openalex.org/W4393055231,"Machine learning-based prediction of fish acute mortality: Implementation, interpretation, and regulatory relevance",https://doi.org/10.1101/2024.03.14.584983,NA,2024
https://openalex.org/W7105650139,Consistency Tax and Epistemic Thermodynamics: A Cross-Domain Framework for the Physical Cost of Incoherence,https://doi.org/10.5281/zenodo.17593939,Zenodo (CERN European Organization for Nuclear Research),2025
https://openalex.org/W7105695794,Consistency Tax and Epistemic Thermodynamics: A Cross-Domain Framework for the Physical Cost of Incoherence,https://doi.org/10.5281/zenodo.17594805,Zenodo (CERN European Organization for Nuclear Research),2025
https://openalex.org/W4386638526,Binding modes of the KRAS(G12C) inhibitors GDC-6036 and LY3537982 revealed by all atom molecular dynamics simulations,https://doi.org/10.26434/chemrxiv-2023-mq2p7,NA,2023
https://openalex.org/W4411675791,Out-of-Anatolia: Cultural and genetic interactions during the Neolithic expansion in the Aegean,https://doi.org/10.1126/science.adr3326,Science,2025
https://openalex.org/W4327486555,Challenges and Practices of Deep Learning Model Reengineering: A Case Study on Computer Vision,https://doi.org/10.48550/arxiv.2303.07476,arXiv (Cornell University),2023
https://openalex.org/W4403794819,Confidence intervals uncovered: Are we ready for real-world medical imaging AI?,https://doi.org/10.48550/arxiv.2409.17763,ArXiv.org,2024
https://openalex.org/W4412888347,"Awes, Laws, and Flaws From Today’s LLM Research",https://doi.org/10.18653/v1/2025.findings-acl.664,NA,2025
https://openalex.org/W7123926851,Integrating Machine Learning Standards in Disseminating Machine Learning Research,https://doi.org/10.5334/dsj-2026-001,Data Science Journal,2026
https://openalex.org/W4402671166,Self-Augmented In-Context Learning for Unsupervised Word Translation,https://doi.org/10.18653/v1/2024.acl-short.67,NA,2024
https://openalex.org/W4407308218,LLMs can be easily Confused by Instructional Distractions,https://doi.org/10.48550/arxiv.2502.04362,ArXiv.org,2025
https://openalex.org/W4381587703,Semi-supervised Relation Extraction via Data Augmentation and Consistency-training,https://doi.org/10.48550/arxiv.2306.10153,arXiv (Cornell University),2023
https://openalex.org/W7131362707,NA,https://doi.org/10.33140/jdr.02.01,Journal of Democracy Research,2026
https://openalex.org/W4412944675,Missing the Margins: A Systematic Literature Review on the Demographic Representativeness of LLMs,https://doi.org/10.18653/v1/2025.findings-acl.1246,NA,2025
https://openalex.org/W4387928764,On Bilingual Lexicon Induction with Large Language Models,https://doi.org/10.48550/arxiv.2310.13995,arXiv (Cornell University),2023
https://openalex.org/W4378505341,On Degrees of Freedom in Defining and Testing Natural Language Understanding,https://doi.org/10.48550/arxiv.2305.15130,arXiv (Cornell University),2023
https://openalex.org/W4238009584,UK greenhouse gas measurements at two new tall towers for aiding emissions verification,https://doi.org/10.5194/amt-2018-140,NA,2018
https://openalex.org/W4324145508,"Design and Implementation of a Wearable System Based on a Flexible Capacitive Sensor, Monitoring Knee Laxity",https://doi.org/10.36227/techrxiv.22236913,NA,2023
https://openalex.org/W4324145715,"Design and Implementation of a Wearable System Based on a Flexible Capacitive Sensor, Monitoring Knee Laxity",https://doi.org/10.36227/techrxiv.22236913.v1,NA,2023
https://openalex.org/W7117925030,Core Emotion Framework (CEF): Technical Specification 4 (TS-4),https://doi.org/10.5281/zenodo.18102535,Zenodo (CERN European Organization for Nuclear Research),2025
https://openalex.org/W4415989253,Addressing Reproducibility Challenges in HPC with Continuous Integration,https://doi.org/10.48550/arxiv.2508.21289,ArXiv.org,2025
https://openalex.org/W7130306060,"Transport Poverty, Inequality and Absolute Poverty: Testing a Transport Kuznets Curve in a Dynamic Panel Framework- Bergantino, Intini, Nademi",https://doi.org/10.17632/c6n49ssrnh.1,Mendeley Data,2026
https://openalex.org/W7128482743,"Artifact for ""GrowthHacker: Automated Off-Policy Evaluation Optimization Using Code-Modifying LLM Agents""",https://doi.org/10.5281/zenodo.18509441,Zenodo (CERN European Organization for Nuclear Research),2026
https://openalex.org/W7107972642,Chapter 1 — Informational Dynamics of the Infinite Field ©,https://doi.org/10.5281/zenodo.17765088,Zenodo (CERN European Organization for Nuclear Research),2025
https://openalex.org/W7105733206,Chapter 1 — Informational Dynamics of the Infinite Field ©,https://doi.org/10.5281/zenodo.17609501,Zenodo (CERN European Organization for Nuclear Research),2025
https://openalex.org/W7105921800,Chapter 1 — Informational Dynamics of the Infinite Field ©,https://doi.org/10.5281/zenodo.17628714,Zenodo (CERN European Organization for Nuclear Research),2025
https://openalex.org/W7118127527,Stationary Molecular Sonification and the Failure Geometry of Creative Generative Systems: A Validated Dataset and Methods Framework Using Limonene (C₁₀H₁₆),https://doi.org/10.5281/zenodo.18137248,Zenodo (CERN European Organization for Nuclear Research),2026
https://openalex.org/W7108603280,Volume 39 - Anchor C: Navier Stokes Physical Consistency Anchor,https://doi.org/10.5281/zenodo.17810489,Zenodo (CERN European Organization for Nuclear Research),2025
https://openalex.org/W7118064008,"A Reproducibility Index for Artificial Intelligence Systems A Quantitative Measure of Determinism, Invariance, and Replayability",https://doi.org/10.5281/zenodo.18134155,Zenodo (CERN European Organization for Nuclear Research),2026
https://openalex.org/W7106115219,"QDL Experimental Validation Protocol: A Unified Roadmap for Torsion, NV-Center, Cavity, and Metamaterial Tests",https://doi.org/10.5281/zenodo.17654442,Zenodo (CERN European Organization for Nuclear Research),2025
https://openalex.org/W7131246346,AI-Driven Physics-Constrained Open-Data Modeling for Civil Infrastructure Resilience in Ukraine,https://doi.org/10.5281/zenodo.18759478,Zenodo (CERN European Organization for Nuclear Research),2026
https://openalex.org/W7103902507,Self-Regulating Cosmology - Volume 2: Numerical Validation and Observational Tests,https://doi.org/10.5281/zenodo.17509261,Zenodo (CERN European Organization for Nuclear Research),2025
https://openalex.org/W7124470914,Phase Diagrams for Human–AI Development: An Observational Theory of Finalization and Responsibility,https://doi.org/10.5281/zenodo.18265123,Zenodo (CERN European Organization for Nuclear Research),2026
https://openalex.org/W7108230999,Self-Regulating Cosmology - Volume 2: Numerical Validation and Observational Tests,https://doi.org/10.6084/m9.figshare.30509552.v3,Figshare,2025
https://openalex.org/W4404118449,"Improved Method for Sample Mixing, Handling and Analysis in High Water Cut Samples",https://doi.org/10.2139/ssrn.5011432,SSRN Electronic Journal,2024
https://openalex.org/W7105813850,Chapter 10 Version N.K — Terminal dynamics of coherence and entropic extinction trajectories,https://doi.org/10.5281/zenodo.17619951,Zenodo (CERN European Organization for Nuclear Research),2025
https://openalex.org/W7125374322,"Adaptive Recursive Cognition (ARC): A Reproducible Architecture for Multi-Loop Stabilization, Self-Improvement, and Token-Level Control in Language Models",https://doi.org/10.5281/zenodo.18342792,Zenodo (CERN European Organization for Nuclear Research),2026
https://openalex.org/W7114891317,DCQN-Matrix-Axiomatik-LLM-Protocol: deterministic LLM protocol for hallucination control and reproducible reasoning,https://doi.org/10.5281/zenodo.17899749,Zenodo (CERN European Organization for Nuclear Research),2025
https://openalex.org/W4281717542,Research data management for bioimaging: the 2021 NFDI4BIOIMAGE community survey,https://doi.org/10.12688/f1000research.121714.1,F1000Research,2022
https://openalex.org/W7109164899,WGCNA-pipeline-for-Alfalfa: v2.0.0: Advanced Analysis Pipeline & 16GB RAM Optimization,https://doi.org/10.5281/zenodo.17831030,Zenodo (CERN European Organization for Nuclear Research),2025
https://openalex.org/W7129102036,"A Meta Geometric Substrate - Curvature, Closure and Structural Reconciliation",https://doi.org/10.5281/zenodo.18665100,Zenodo (CERN European Organization for Nuclear Research),2026
https://openalex.org/W7108080738,"PATENT-FREE SCIENCE IN THE JANUS ERA Governance, Constraint Physics & The CollectiveOS Standard",https://doi.org/10.5281/zenodo.17768404,Zenodo (CERN European Organization for Nuclear Research),2025
https://openalex.org/W4248327727,NA,https://doi.org/10.13040/ijpsr.0975-8232.6(1).410-20,International Journal of Pharmaceutical Sciences and Research,2015
https://openalex.org/W4412422767,NA,https://doi.org/10.64347/3066-2826/01.2024,Global Journal of Clinical Nephrology,2024
https://openalex.org/W4253752184,Clinical validation of full genotyping CLART® HPV4S assay on SurePath and ThinPrep collected screening samples according to the International Guidelines for Human Papillomavirus Test Requirements for Cervical Screening,https://doi.org/10.21203/rs.2.22215/v3,Research Square (Research Square),2020
https://openalex.org/W4234449191,Clinical validation of full genotyping CLART® HPV4S assay on SurePath and ThinPrep collected screening samples according to the International Guidelines for Human Papillomavirus Test Requirements for Cervical Screening,https://doi.org/10.21203/rs.2.22215/v1,Research Square (Research Square),2020
https://openalex.org/W4416399065,वदकजञनसय सवरप यजञतमकम : शधतमकमधययनम,https://doi.org/10.32628/gisrrj247320,Gyanshauryam International Scientific Refereed Research Journal,2025
https://openalex.org/W4299554254,KRAS Mutant Pancreatic Cancer: No Lone Path to an Effective Treatment,https://doi.org/10.17615/r1zc-0b18,UNC Libraries,2020
https://openalex.org/W4402557181,STONEHENGE — Suite for nonlinear analysis of energy harvesting systems,https://doi.org/10.31224/3934,NA,2024
https://openalex.org/W4402557169,CRFlowLib — Chemically Reacting Flow Library,https://doi.org/10.31224/3937,NA,2024
https://openalex.org/W4315881374,Reproducibility Signals in Science: A preliminary analysis,https://doi.org/10.48550/arxiv.2301.04369,arXiv (Cornell University),2023
https://openalex.org/W7124314611,"Preserving scientific integrity in academic publishing: Navigating artificial intelligence, journal policies, and the impact factor as a quality indicator",https://doi.org/10.1002/jeo2.70397,Journal of Experimental Orthopaedics,2026
https://openalex.org/W4382765592,Group-based Robustness: A General Framework for Customized Robustness in the Real World,https://doi.org/10.48550/arxiv.2306.16614,arXiv (Cornell University),2023
https://openalex.org/W4405036842,Retrofitting XoM for Stripped Binaries without Embedded Data Relocation,https://doi.org/10.48550/arxiv.2412.02110,arXiv (Cornell University),2024
https://openalex.org/W7106158853,H1 Dyadic Law v2.3.2 — Independently Reproduced & Verified,https://doi.org/10.5281/zenodo.17645266,Zenodo (CERN European Organization for Nuclear Research),2025
https://openalex.org/W4226200391,Teaching for large-scale Reproducibility Verification,https://doi.org/10.48550/arxiv.2204.01540,arXiv (Cornell University),2022
https://openalex.org/W7119575351,State-Dependent CHSH Inequality: A Common Pedagogical Omission with Reproducible Verification,https://doi.org/10.5281/zenodo.18200088,Zenodo (CERN European Organization for Nuclear Research),2026
https://openalex.org/W4393432820,CoRL Submission Data/Results for Learnable Spatio-Temporal Map Embeddings for Deep Inertial Localization,https://doi.org/10.5281/zenodo.5020267,Zenodo (CERN European Organization for Nuclear Research),2021
https://openalex.org/W7124921269,A Deterministic Debt-Ledger Framework for RH Verification,https://doi.org/10.5281/zenodo.18318935,Zenodo (CERN European Organization for Nuclear Research),2026
https://openalex.org/W7125150477,A Deterministic Debt-Ledger Framework for RH Verification,https://doi.org/10.5281/zenodo.18323036,Zenodo (CERN European Organization for Nuclear Research),2026
https://openalex.org/W7124891704,A Deterministic Debt-Ledger Framework for RH Verification,https://doi.org/10.5281/zenodo.18319038,Zenodo (CERN European Organization for Nuclear Research),2026
https://openalex.org/W7125112430,A Deterministic Debt-Ledger Framework for RH Verification,https://doi.org/10.5281/zenodo.18318663,Zenodo (CERN European Organization for Nuclear Research),2026
https://openalex.org/W7125237867,A Deterministic Debt-Ledger Framework for RH Verification,https://doi.org/10.5281/zenodo.18320143,Zenodo (CERN European Organization for Nuclear Research),2026
https://openalex.org/W7124896661,A Deterministic Debt-Ledger Framework for RH Verification,https://doi.org/10.5281/zenodo.18318775,Zenodo (CERN European Organization for Nuclear Research),2026
https://openalex.org/W7124859189,A Deterministic Debt-Ledger Framework for RH Verification,https://doi.org/10.5281/zenodo.18318991,Zenodo (CERN European Organization for Nuclear Research),2026
https://openalex.org/W7124872426,A Deterministic Debt-Ledger Framework for RH Verification,https://doi.org/10.5281/zenodo.18318844,Zenodo (CERN European Organization for Nuclear Research),2026
https://openalex.org/W4393766800,"Traveltime calculation for qP-, qSV- and qSH- waves in two-dimensional tilted transversely isotropic media",https://doi.org/10.5281/zenodo.3678493,Zenodo (CERN European Organization for Nuclear Research),2020
https://openalex.org/W7117529451,BIG-Bench Hard (BBH) Data Quality Investigation Report,https://doi.org/10.5281/zenodo.18084807,Zenodo (CERN European Organization for Nuclear Research),2025
https://openalex.org/W7115074654,METACORE External Semantic Control Plane: Scalable Multi-Model Reasoning Architecture,https://doi.org/10.5281/zenodo.17923184,Zenodo (CERN European Organization for Nuclear Research),2025
https://openalex.org/W7118066486,BIG-Bench Hard (BBH) Data Quality Investigation Report,https://doi.org/10.5281/zenodo.18123957,Zenodo (CERN European Organization for Nuclear Research),2026
https://openalex.org/W7133343114,Small-Data QSAR Benchmarking: Impact of Descriptor Dimensionality and Machine Learning Complexity on Predictive Robustness,https://doi.org/10.5281/zenodo.18851223,Zenodo (CERN European Organization for Nuclear Research),2026
https://openalex.org/W7117989994,"Collatz Certified Proof Bundle (K=18, J=10) — Single Verifier and Artifacts",https://doi.org/10.5281/zenodo.18114234,Zenodo (CERN European Organization for Nuclear Research),2026
https://openalex.org/W7117994870,"Collatz Certified Proof Bundle (K=18, J=10) — Single Verifier and Artifacts",https://doi.org/10.5281/zenodo.18114235,Zenodo (CERN European Organization for Nuclear Research),2026
https://openalex.org/W7106226257,johnj216rsl-blip/rh-first-1000-zeros-python: Independent Verification of Jacobi–Whittaker Correspondence for the First 1000 Riemann Zeros,https://doi.org/10.5281/zenodo.17681454,Zenodo (CERN European Organization for Nuclear Research),2025
https://openalex.org/W7131397466,Source Code: Deep Learning-Based Attention-Guided Framework for Multi-Source Diabetic Retinopathy Screening,https://doi.org/10.5281/zenodo.18774488,Zenodo (CERN European Organization for Nuclear Research),2026
https://openalex.org/W7133607781,Public Verifier Specification for Invariant Corridor Level 3.3 – CORE Artifact Bundle,https://doi.org/10.5281/zenodo.18878200,Zenodo (CERN European Organization for Nuclear Research),2026
https://openalex.org/W7133222213,alyssadata/Emergent-Agency: v0.1 — Return-Runner MVP (Verifiable Receipts),https://doi.org/10.5281/zenodo.18829216,Zenodo (CERN European Organization for Nuclear Research),2026
https://openalex.org/W7117413521,VR-IoT-DigitalTwin-AnomalyDetection-Reproducibility-Package,https://doi.org/10.5281/zenodo.18071842,Zenodo (CERN European Organization for Nuclear Research),2025
https://openalex.org/W7127639899,Replay Cost as a Verification Primitive: Robust CHSH Self-Testing and the Limits of Auditability,https://doi.org/10.5281/zenodo.18489087,Zenodo (CERN European Organization for Nuclear Research),2026
https://openalex.org/W7128740226,On the Chowla Cosine Problem: A Multi-Scale Proof Skeleton & Thermodynamic Dichotomy,https://doi.org/10.5281/zenodo.18624562,Zenodo (CERN European Organization for Nuclear Research),2026
https://openalex.org/W7124276915,Floor-Specified No-Meta Autonomy,https://doi.org/10.5281/zenodo.18258261,Zenodo (CERN European Organization for Nuclear Research),2026
https://openalex.org/W7134183008,NEUSARS v3.3.2 Independent Technical Verification Report,https://doi.org/10.5281/zenodo.18913053,Zenodo (CERN European Organization for Nuclear Research),2026
https://openalex.org/W7105812058,Global trends in decentralized clinical trials: Survey dataset (de-identified),https://doi.org/10.5281/zenodo.17617610,Zenodo (CERN European Organization for Nuclear Research),2025
https://openalex.org/W7127168220,Intelligent Journal System Full-Stack Theoretical Architecture Engineering Implementation and Supplementary Improvement Plans,https://doi.org/10.5281/zenodo.18460867,Zenodo (CERN European Organization for Nuclear Research),2026
https://openalex.org/W7127966553,赵付涛物质记忆元公理丙式方程V3.0s：——量化的历史之西周篇 第四章 关键历史事件量化验证与模型可靠性分析,https://doi.org/10.6084/m9.figshare.31265116,Figshare,2026
https://openalex.org/W4414057341,Highly sensitive humidity sensor based on sub-micron level TiO2 flowers structure,https://doi.org/10.1016/j.apsusc.2025.164565,Applied Surface Science,2025
https://openalex.org/W4241574521,Reproduction of the Yucca Mountain Project TSPA-LA Model Runs using TSPA Computing Systems,https://doi.org/10.2172/1458847,NA,2015
https://openalex.org/W7106583334,3I/ATLAS: Six Pre-Perihelion Predictions & Public Verification Script (Medley 2025),https://doi.org/10.5281/zenodo.17685618,Zenodo (CERN European Organization for Nuclear Research),2025
https://openalex.org/W7128921674,"Reproducible scRNA-seq PBMC Workflow: Reference, Toy Demonstration Data, and Analysis Outputs",https://doi.org/10.5281/zenodo.18640320,Zenodo (CERN European Organization for Nuclear Research),2026
https://openalex.org/W7117582984,"Relational Coercion Dynamics and the Cost of Delayed Collapse Experiments on Internal Resilience, Forced Stability, and Systemic Damage",https://doi.org/10.5281/zenodo.18082217,Zenodo (CERN European Organization for Nuclear Research),2025
https://openalex.org/W4393494807,Spacecraft Thruster Firing Test Dataset,https://doi.org/10.5281/zenodo.7137930,Zenodo (CERN European Organization for Nuclear Research),2022
https://openalex.org/W7127984265,Reproducibility package (public subset) - cross-solver FE mesh conversion paper,https://doi.org/10.5281/zenodo.18508503,Zenodo (CERN European Organization for Nuclear Research),2026
https://openalex.org/W7125646876,Public benchmark models and evaluation artefacts for: Cross-solver finite-element mesh conversion via a neutral hierarchical intermediate representation,https://doi.org/10.5281/zenodo.18367107,Zenodo (CERN European Organization for Nuclear Research),2026
https://openalex.org/W7125511998,Collatz Final Gate v7.0: Uniform Flux → Uniform Gap → Global Contraction (Auditable Gate A/B Closure Program),https://doi.org/10.5281/zenodo.18352161,Zenodo (CERN European Organization for Nuclear Research),2026
https://openalex.org/W7108662256,第61Data(科学) 過剰覚醒域 ― Gifted 脳の初期過負荷現象,https://doi.org/10.5281/zenodo.17822531,Zenodo (CERN European Organization for Nuclear Research),2025
https://openalex.org/W2945492940,Report by the AEA Data Editor,https://doi.org/10.1257/pandp.111.808,AEA Papers and Proceedings,2021
https://openalex.org/W7106558024,Technical Validation Report - TM — Addendum VFY v1.0.2,https://doi.org/10.5281/zenodo.17686734,Zenodo (CERN European Organization for Nuclear Research),2025
https://openalex.org/W7108325313,Code for Numerical Calculation of Charged Loop Quantum Gravity Instanton Trajectories (v1.0.0),https://doi.org/10.5281/zenodo.17788642,Zenodo (CERN European Organization for Nuclear Research),2025
https://openalex.org/W7122378593,UCT Zero-Parameter Geometric Derivation of Physical and Mathematical Constants from E₈ Lattice Projection with Quantum Computing Applications,https://doi.org/10.5281/zenodo.18215317,Zenodo (CERN European Organization for Nuclear Research),2026
https://openalex.org/W7125659768,The Turing_Sahbani Machine,https://doi.org/10.5281/zenodo.18365109,Zenodo (CERN European Organization for Nuclear Research),2026
https://openalex.org/W7125910763,Dead Universe Theory's Entropic Retraction Simultaneously Resolves ΛCDM Hubble and Growth Tensions: Δχ² = –211.6 from Identical Observational Datasets,https://doi.org/10.5281/zenodo.18403511,Zenodo (CERN European Organization for Nuclear Research),2025
https://openalex.org/W7127924762,Experimental Evidence of Topology-Dependent Error Correlations in Y⊗Z Stabilizer Measurements on IBM's 156-Qubit Heron Processor (4.86σ),https://doi.org/10.5281/zenodo.18498540,Zenodo (CERN European Organization for Nuclear Research),2026
https://openalex.org/W7131427648,pi-framework,https://doi.org/10.5281/zenodo.18768101,Zenodo (CERN European Organization for Nuclear Research),2026
https://openalex.org/W7117259357,"Constructive Yang-Mills Mass Gap | UIDT v3.7.2: Existence and Uniqueness via Osterwalder-Schrader Axioms, BRST Analysis, and Extended Functional Renormalization Group",https://doi.org/10.5281/zenodo.18003017,Zenodo (CERN European Organization for Nuclear Research),2025
https://openalex.org/W7117417095,"Constructive Yang-Mills Mass Gap | UIDT v3.7.1: Existence and Uniqueness via Osterwalder-Schrader Axioms, BRST Analysis, and Extended Functional Renormalization Group",https://doi.org/10.5281/zenodo.18065182,Zenodo (CERN European Organization for Nuclear Research),2025
https://openalex.org/W4389515021,Foundations of Scholarly Writing,https://doi.org/10.22541/au.170216752.26604161/v1,NA,2023
https://openalex.org/W4385965326,A Survey on Point-of-Interest Recommendations Leveraging Heterogeneous Data,https://doi.org/10.48550/arxiv.2308.07426,arXiv (Cornell University),2023
https://openalex.org/W7125508596,"ДОКАЗООРІЄНТОВАНИЙ ЗАХИСТ ПРАВ ІНТЕЛЕКТУАЛЬНОЇ ВЛАСНОСТІ НА МУЛЬТИМЕДІЙНІ ДАНІ В ЕПОХУ КОНТЕНТУ, ЗГЕНЕРОВАНОГО ШІ",https://doi.org/10.65237/2336-3630-2026-1(2)-17,Middle European Scientific Bulletin,2026
https://openalex.org/W4327810954,The NCI Imaging Data Commons as a platform for reproducible research in computational pathology,https://doi.org/10.48550/arxiv.2303.09354,arXiv (Cornell University),2023
https://openalex.org/W4411680094,Ex Vivo Traceability Platform for Phospholipoproteomic Formulations: Functional Evidence Without Clinical Exposure,https://doi.org/10.20944/preprints202506.2176.v1,Preprints.org,2025
https://openalex.org/W7119235329,PRIMAD-LID: A Developed Framework for Computational Reproducibility,NA,ArXiv.org,2026
https://openalex.org/W7112783807,The Computational Reproducibility of Psychology Learning and Teaching Research,NA,OSF Preprints (OSF Preprints),2025
https://openalex.org/W7128097805,Overcoming Barriers to Computational Reproducibility,NA,ArXiv.org,2026
https://openalex.org/W7112624738,"Computational Reproducibility in Finance: Evidence from 1,000 Tests",NA,OSF Preprints (OSF Preprints),2024
https://openalex.org/W7133364391,PaperRepro: Automated Computational Reproducibility Assessment for Social Science Papers,NA,arXiv (Cornell University),2026
https://openalex.org/W7112744474,Promoting computationally reproducible research in applied linguistics: Recommended practices and considerations,NA,OSF Preprints (OSF Preprints),2024
https://openalex.org/W7113054606,Using Synthetic Data in Communication Sciences and Disorders to Promote Computational Reproducibility and Transparency,NA,OSF Preprints (OSF Preprints),2025
https://openalex.org/W7128555990,Automating Computational Reproducibility in Social Science: Comparing Prompt-Based and Agent-Based Approaches,NA,ArXiv.org,2026
https://openalex.org/W7111559860,Software Version Control Using Git: a Primer from UKRN,NA,OSF Preprints (OSF Preprints),2025
https://openalex.org/W7134872279,RAMSing Workflow: R Scripts for Detecting and Adjusting Selective Reporting in Meta-Analytic Moderator Analyses,NA,Open MIND,2026
https://openalex.org/W7117079171,Intelligent Knowledge Mining Framework: Bridging AI Analysis and Trustworthy Preservation,NA,ArXiv.org,2025
https://openalex.org/W7128555068,Expansive homeomorphisms on complexity quasi-metric spaces,NA,ArXiv.org,2026
https://openalex.org/W7125352576,Ontology-aligned structuring and reuse of multimodal materials data and workflows towards automatic reproduction,NA,ArXiv.org,2026
https://openalex.org/W7125623938,How do Journal Editors Make Decisions About Adopting Open-Science Related Policies or Reforms in their Journal?,NA,MetArXiv (OSF Preprints),2026
https://openalex.org/W7128889933,CHIRPVIEW V7.01,NA,Open MIND,2025
https://openalex.org/W7129180747,From Guidelines to Practice: Evaluating the Reproducibility of Methods in Computational Social Science,NA,ArXiv.org,2026
https://openalex.org/W3205486008,Replicability in Empirical Legal Research,NA,eYLS (Yale Law School),2021
https://openalex.org/W7134026153,"Towards a formation model of the Neanderthal symbolic accumulation of herbivore crania: spatial patterns shaped by rockfall dynamics in level 3 of des-cubierta cave (Lozoya valley, Madrid, Spain)",NA,"Portuguese National Funding Agency for Science, Research and Technology (RCAAP Project by FCT)",2026
https://openalex.org/W3118808067,"Amicus Plato, sed magis amica veritas: There is a reproducibility crisis in COVID-19 Computational Fluid Dynamics studies",NA,arXiv (Cornell University),2021
https://openalex.org/W3160570499,Pulmonary function by spirometry in children with perinatal HIV infection,NA,NA,2021
https://openalex.org/W7133162131,Bridging the data desert,NA,Open MIND,2025
https://openalex.org/W2618681193,,NA,University of Southern Denmark Research Portal (University of Southern Denmark),2016
https://openalex.org/W7127229451,ACME HOLD,NA,Open MIND,2026
https://openalex.org/W7127213122,ACME HOLD,NA,Open MIND,2026
https://openalex.org/W7128555674,Assessing Reproducibility in Evolutionary Computation: A Case Study using Human- and LLM-based Assessment,NA,ArXiv.org,2026
https://openalex.org/W7124118228,"Advanced computing for reproducibility of astronomy Big Data Science, with a showcase of AMIGA and the SKA Science prototype",NA,ArXiv.org,2026
https://openalex.org/W7133571149,Floating-point consistent cross-verification methodology for reproducible and interoperable DDA solvers with fair benchmarking,NA,arXiv (Cornell University),2026
https://openalex.org/W7133365403,TACIT Benchmark: A Programmatic Visual Reasoning Benchmark for Generative and Discriminative Models,NA,ArXiv.org,2026
https://openalex.org/W7134016373,Specification-Driven Generation and Evaluation of Discrete-Event World Models via the DEVS Formalism,NA,ArXiv.org,2026
https://openalex.org/W7132955290,pi-framework,NA,Open MIND,2026
https://openalex.org/W7132863071,pi-framework,NA,Open MIND,2026
